wsi_name,sample_id,subject_id,n_clusters,n_clusters_with_tumor,wsi_cluster_area_mm2,wsi_tumor_area_mm2,wsi_tumor_fraction_of_cluster,wsi_tumor_perimeter_um,wsi_tumor_perimeter_mm,wsi_tumor_boundary_density_per_mm,wsi_tumor_n_islands,wsi_tumor_patch_density_per_mm2,wsi_area_weighted_tumor_boundary_fractal_dimension,wsi_area_weighted_tumor_compactness_mean,wsi_area_weighted_tumor_solidity_mean,wsi_area_weighted_tumor_elongation_mean,wsi_area_weighted_tumor_largest_patch_index,wsi_area_weighted_tumor_island_nnd_median_um,wsi_area_weighted_tumor_island_gap_median_um,wsi_area_weighted_tumor_spread_frac,source_file,tcga_case_id,vital_status,days_to_death,diagnosis_days_to_last_follow_up,followup_days_to_follow_up,OS_event,OS_days,OS_months,OS_years,survival_match
TCGA-4H-AAAK-01Z-00-DX1.ABF1B042-1970-4E28-8671-43AAD393D2F9,TCGA-4H-AAAK-01,TCGA-4H-AAAK,9,9,66.76402356110778,11.513476259892673,0.17245030550554852,2221144.54076533,2221.14454076533,192.9169340890303,2278,34.12017248952937,1.6267058726219916,0.12111312655944365,0.6298319057173083,2.0769692147707763,0.107130711421561,89.34073588686952,15.439702851993774,0.9580853079697,/data1/deasy/Himangi/breast_feature_extraction/Lobular_outputs/TCGA-4H-AAAK-01/tumor_core_wsi_summary.csv,TCGA-4H-AAAK,Alive,,,348.0,0.0,,,,matched
TCGA-5L-AAT0-01Z-00-DX1.5E171263-30BF-4C6B-88A1-E8EA0522A861,TCGA-5L-AAT0-01,TCGA-5L-AAT0,9,9,11.851639856767177,2.708345352602075,0.22852072669552434,252344.0832874604,252.34408328746042,93.17278649305851,204,17.212807886962402,1.547537266694139,0.07210951674238013,0.6266732531110547,1.561747002419728,0.5010659999548029,132.54793476004025,12.66073572458271,0.788761471335931,/data1/deasy/Himangi/breast_feature_extraction/Lobular_outputs/TCGA-5L-AAT0-01/tumor_core_wsi_summary.csv,TCGA-5L-AAT0,Alive,,,1477.0,0.0,,,,matched
TCGA-A2-A0CO-01Z-00-DX1.B191DADE-7DEA-4575-AED7-1C52BE15B8D5,TCGA-A2-A0CO-01,TCGA-A2-A0CO,12,12,62.66430958413744,16.26968116888353,0.2596323373999474,1322880.738043646,1322.880738043646,81.30956742862993,1109,17.697474166071835,1.5788237397640439,0.07633480538936477,0.5742455314410525,1.8217311866337675,0.26056388391726626,115.7191292591874,13.306919520120006,0.932071855550392,/data1/deasy/Himangi/breast_feature_extraction/Lobular_outputs/TCGA-A2-A0CO-01/tumor_core_wsi_summary.csv,TCGA-A2-A0CO,Dead,1468.0,,1468.0,1.0,1468.0,48.2299794661191,4.0191649555099245,matched
TCGA-A2-A0CR-01Z-00-DX1.F7D36CA5-A4C6-443A-AEED-5B23CD924FA3,TCGA-A2-A0CR-01,TCGA-A2-A0CR,15,15,88.899215349215,14.853086971693587,0.16707781855382536,2170818.923953302,2170.818923953302,146.15271075234133,2215,24.915855458330082,1.375164329864086,0.1279146514525398,0.6011811828953095,2.040131996948952,0.09070074544170613,104.48870897188642,16.116298022252614,0.9424272383943112,/data1/deasy/Himangi/breast_feature_extraction/Lobular_outputs/TCGA-A2-A0CR-01/tumor_core_wsi_summary.csv,TCGA-A2-A0CR,Alive,,,3283.0,0.0,,,,matched
TCGA-A2-A0EN-01Z-00-DX1.F43A5D17-9267-4963-993A-93AC91BDC031,TCGA-A2-A0EN-01,TCGA-A2-A0EN,12,12,29.81566528771343,4.643535451795455,0.15574146701026265,550270.7840674835,550.2707840674835,118.50254828025864,583,19.553479500598137,1.4149896489097542,0.13872707810266247,0.613788999543101,2.152749489915861,0.16145969659243078,118.7056029382667,17.82963433323235,0.9007111905025751,/data1/deasy/Himangi/breast_feature_extraction/Lobular_outputs/TCGA-A2-A0EN-01/tumor_core_wsi_summary.csv,TCGA-A2-A0EN,Alive,,,4088.0,0.0,,,,matched
TCGA-A2-A0EP-01Z-00-DX1.1180C406-5C18-4373-8621-1B7B70875113,TCGA-A2-A0EP-01,TCGA-A2-A0EP,7,7,8.47340188612729,1.156092916345605,0.13643787133929863,109148.87509879749,109.14887509879749,94.41185354185517,117,13.807913465258055,1.413945717470998,0.1751890205546263,0.6602913306224221,2.0711010125578264,0.2864111522810016,126.33604535464163,27.70746927713202,0.7534039685621399,/data1/deasy/Himangi/breast_feature_extraction/Lobular_outputs/TCGA-A2-A0EP-01/tumor_core_wsi_summary.csv,TCGA-A2-A0EP,Alive,,,3603.0,0.0,,,,matched
TCGA-A2-A0ES-01Z-00-DX1.5652EE30-48C1-4EC1-AD77-8C72DFCB9A97,TCGA-A2-A0ES-01,TCGA-A2-A0ES,7,7,113.21409535575852,32.792584013734675,0.2896510713678262,1667949.495538184,1667.949495538184,50.86361888528177,2042,18.036623386719803,1.6329469419907738,0.19014568026430356,0.6802822507415394,1.9453736983181888,0.07669350725458438,121.00621246567927,16.246131678774706,0.9646919210577073,/data1/deasy/Himangi/breast_feature_extraction/Lobular_outputs/TCGA-A2-A0ES-01/tumor_core_wsi_summary.csv,TCGA-A2-A0ES,Alive,,,2190.0,0.0,,,,matched
TCGA-A2-A0EW-01Z-00-DX1.F24495CB-63D8-483F-9834-F761E3F16BF0,TCGA-A2-A0EW-01,TCGA-A2-A0EW,2,2,71.1294144210745,28.83564453744416,0.40539690607800966,1234786.659733389,1234.7866597333891,42.82153839599363,1305,18.3468402013633,1.6612761916992989,0.08723220888633175,0.5739395346442979,1.7633235284316273,0.27742177660981265,106.23665308047094,14.361916373745883,0.9577818524257783,/data1/deasy/Himangi/breast_feature_extraction/Lobular_outputs/TCGA-A2-A0EW-01/tumor_core_wsi_summary.csv,TCGA-A2-A0EW,Dead,1884.0,,1884.0,1.0,1884.0,61.89733059548254,5.158110882956879,matched
TCGA-A2-A0EX-01Z-00-DX1.F4C293E9-9BB2-48A1-8080-5F3082E219C5,TCGA-A2-A0EX-01,TCGA-A2-A0EX,7,7,33.372266934004294,6.657653538540321,0.19949659253613905,632124.1434682611,632.1241434682611,94.94698692399263,735,22.024275469613965,1.5166156024587159,0.14620617078603607,0.6123015870662257,1.8374285596291786,0.1558421888080242,109.01214847451985,14.638350748180287,0.9431292630402591,/data1/deasy/Himangi/breast_feature_extraction/Lobular_outputs/TCGA-A2-A0EX-01/tumor_core_wsi_summary.csv,TCGA-A2-A0EX,Alive,,,752.0,0.0,,,,matched
TCGA-A2-A0SY-01Z-00-DX1.279A5479-E183-4F79-AF40-50BF1834BA4A,TCGA-A2-A0SY-01,TCGA-A2-A0SY,19,19,124.41888481595393,33.65741561143781,0.2705169368880408,3729003.453553378,3729.003453553378,110.79292292085997,2347,18.86369584064179,1.3870806429966167,0.05171148101539711,0.5682016945071394,1.7364300540876842,0.1196697192398351,113.67727531871046,11.779678034291393,0.9478503879402186,/data1/deasy/Himangi/breast_feature_extraction/Lobular_outputs/TCGA-A2-A0SY-01/tumor_core_wsi_summary.csv,TCGA-A2-A0SY,Alive,,,1347.0,0.0,,,,matched
TCGA-A2-A0T4-01Z-00-DX1.AC61ED08-2E42-4D4A-BB81-746D3FEBB653,TCGA-A2-A0T4-01,TCGA-A2-A0T4,5,5,40.89675537269574,11.671947542398383,0.28540033154295236,826939.5633235606,826.9395633235606,70.84846469020704,684,16.725043191486648,1.3796456319603039,0.09521483297379926,0.6408433664989092,1.6754257253798575,0.10444187989207433,112.33337494691634,13.523662247722362,0.9667044728185537,/data1/deasy/Himangi/breast_feature_extraction/Lobular_outputs/TCGA-A2-A0T4-01/tumor_core_wsi_summary.csv,TCGA-A2-A0T4,Alive,,,624.0,0.0,,,,matched
TCGA-A2-A0YD-01Z-00-DX1.B81FF541-F154-4C49-950B-B6CB723369E2,TCGA-A2-A0YD-01,TCGA-A2-A0YD,10,10,159.2855880804136,50.05618283730117,0.3142543116457647,3497216.4810933275,3497.2164810933277,69.86582441694397,3361,21.10046514881959,1.7107347672050524,0.08654277298086843,0.6102922223541144,1.7704447759072277,0.18139291510649172,101.308003871331,12.904694683828009,0.9733877613594741,/data1/deasy/Himangi/breast_feature_extraction/Lobular_outputs/TCGA-A2-A0YD-01/tumor_core_wsi_summary.csv,TCGA-A2-A0YD,Alive,,,769.0,0.0,,,,matched
TCGA-A2-A0YK-01Z-00-DX1.FB23FC30-B3B2-452A-A6B0-94129B333207,TCGA-A2-A0YK-01,TCGA-A2-A0YK,10,10,24.159309740769995,4.8069928549619645,0.1989706207065152,424841.167326244,424.841167326244,88.37982084531423,500,20.695955528738722,1.4908069083955182,0.15408415153315932,0.6592992090458332,1.9282086934780813,0.20637527214667079,107.63550630225907,14.846867198812353,0.9020156468226819,/data1/deasy/Himangi/breast_feature_extraction/Lobular_outputs/TCGA-A2-A0YK-01/tumor_core_wsi_summary.csv,TCGA-A2-A0YK,Alive,,,588.0,0.0,,,,matched
TCGA-A2-A0YL-01Z-00-DX1.69A438C7-B1E0-4990-B1E6-586C551DC79C,TCGA-A2-A0YL-01,TCGA-A2-A0YL,5,5,90.56960981694682,29.59674058827057,0.32678445505163944,1427814.4025579034,1427.8144025579033,48.242285271228745,1334,14.729002396015515,1.5941591338965684,0.12080669743552783,0.6624962262454525,1.7175679731450804,0.179812018374203,107.07945066050594,15.807612626104984,0.9660282915566409,/data1/deasy/Himangi/breast_feature_extraction/Lobular_outputs/TCGA-A2-A0YL-01/tumor_core_wsi_summary.csv,TCGA-A2-A0YL,Alive,,,1474.0,0.0,,,,matched
TCGA-A2-A1FV-01Z-00-DX1.F70ACD9A-7819-4296-BD28-4D24BBA8AFF4,TCGA-A2-A1FV-01,TCGA-A2-A1FV,10,10,155.1910270470795,85.6851813722591,0.5521271622634808,1958373.4697093088,1958.373469709309,22.855451063366015,1005,6.47588987019925,1.4258230001366459,0.037622523977751204,0.6643157617151823,1.5798100202996617,0.31803355304932346,137.33982040232917,13.0504157663562,0.9575800410706387,/data1/deasy/Himangi/breast_feature_extraction/Lobular_outputs/TCGA-A2-A1FV-01/tumor_core_wsi_summary.csv,TCGA-A2-A1FV,Alive,,,714.0,0.0,,,,matched
TCGA-A2-A25A-01Z-00-DX1.6D311E39-9F96-4775-B9DA-8D034D1AD1DC,TCGA-A2-A25A-01,TCGA-A2-A25A,6,6,129.10260812164103,28.659198003403823,0.22198775392981215,2814387.587829945,2814.387587829945,98.20189621132047,3069,23.7717893127951,1.3904187321464634,0.1862226195197279,0.6617653014034405,1.8070747706334374,0.04084507939704779,99.41287317857393,13.878496852919332,0.9718453596536979,/data1/deasy/Himangi/breast_feature_extraction/Lobular_outputs/TCGA-A2-A25A-01/tumor_core_wsi_summary.csv,TCGA-A2-A25A,Alive,,,3276.0,0.0,,,,matched
TCGA-A2-A25D-01Z-00-DX1.41DADDB8-3E3F-4F8F-8BE7-C43F8FBCFD2B,TCGA-A2-A25D-01,TCGA-A2-A25D,5,5,143.89362781271467,53.88486050214306,0.37447704475334465,2726442.455726918,2726.4424557269176,50.597559877110264,2056,14.288332508205263,1.4970279817360685,0.057771614579267855,0.6302810398284455,1.7068353467961104,0.250468534925052,120.68200816416524,12.32795202398773,0.9680480741242009,/data1/deasy/Himangi/breast_feature_extraction/Lobular_outputs/TCGA-A2-A25D-01/tumor_core_wsi_summary.csv,TCGA-A2-A25D,Alive,,,0.0,0.0,,,,matched
TCGA-A2-A3KC-01Z-00-DX1.2532878B-49E2-48D5-82D5-00730C90EEF8,TCGA-A2-A3KC-01,TCGA-A2-A3KC,10,10,74.39095526772958,25.893570795807086,0.3480741805588775,1679395.7510827305,1679.3957510827304,64.85763451963423,1277,17.166065355716114,1.3903976091189414,0.05934271233037961,0.6224395792127264,1.9351289475830338,0.29738780292263667,105.64548333861903,11.642108975586943,0.9475074410914397,/data1/deasy/Himangi/breast_feature_extraction/Lobular_outputs/TCGA-A2-A3KC-01/tumor_core_wsi_summary.csv,TCGA-A2-A3KC,Alive,,,1102.0,0.0,,,,matched
TCGA-A2-A4RY-01Z-00-DX1.143E32FC-E10F-4590-9C72-32094B24EF8C,TCGA-A2-A4RY-01,TCGA-A2-A4RY,7,7,47.6548899622657,18.195847094969917,0.3818253931417705,1252414.0862016303,1252.4140862016302,68.82966644338582,1042,21.86554204248674,1.4965936927085168,0.06396535703891355,0.5952989625276695,1.5825268494128888,0.1765234596367776,99.26435453534408,11.115136843540713,0.9714725818888135,/data1/deasy/Himangi/breast_feature_extraction/Lobular_outputs/TCGA-A2-A4RY-01/tumor_core_wsi_summary.csv,TCGA-A2-A4RY,Alive,,,648.0,0.0,,,,matched
TCGA-A7-A13H-01Z-00-DX1.FCB33A3C-6209-474C-83C1-02551F242937,TCGA-A7-A13H-01,TCGA-A7-A13H,1,1,0.24602448677491626,0.02652217052956854,0.10780297066053118,4562.32367920864,4.56232367920864,172.0192423211472,7,28.452452403260917,1.3083048443470762,0.28609073808044877,0.6736531749097162,1.7702726685775578,0.281279614190954,74.4043009509531,19.6293784924536,0.5208266511582724,/data1/deasy/Himangi/breast_feature_extraction/Lobular_outputs/TCGA-A7-A13H-01/TCGA-A7-A13H-01Z-00-DX1.FCB33A3C-6209-474C-83C1-02551F242937__tumor_core_wsi_summary.csv,TCGA-A7-A13H,Alive,,,899.0,0.0,,,,matched
TCGA-A7-A13H-01Z-00-DX2.6C937651-4D3E-475D-99F6-4A9FD25CD48B,TCGA-A7-A13H-01,TCGA-A7-A13H,11,11,19.24833538296525,5.387008679062394,0.2798688079713058,332243.5320702447,332.2435320702447,61.67495763679957,322,16.728719320059724,1.4303621008463272,0.07785350289268984,0.6665023502311737,1.415752027678315,0.722622905435754,112.73664755797518,17.029163515277588,0.8668576773800368,/data1/deasy/Himangi/breast_feature_extraction/Lobular_outputs/TCGA-A7-A13H-01/TCGA-A7-A13H-01Z-00-DX2.6C937651-4D3E-475D-99F6-4A9FD25CD48B__tumor_core_wsi_summary.csv,TCGA-A7-A13H,Alive,,,899.0,0.0,,,,matched
TCGA-A7-A26E-01Z-00-DX1.BA4A7E28-0563-4C23-82D0-AB34A2E79AE3,TCGA-A7-A26E-01,TCGA-A7-A26E,6,6,63.87611627877652,22.555048887982867,0.3531061404789415,1461939.8804891934,1461.9398804891935,64.81652457282424,1708,26.739258732414513,1.524270959409023,0.0992639544371564,0.6359352265665615,1.5867099585451274,0.4180097543510355,95.02066530171477,12.607132971991279,0.9394907913477087,/data1/deasy/Himangi/breast_feature_extraction/Lobular_outputs/TCGA-A7-A26E-01/tumor_core_wsi_summary.csv,TCGA-A7-A26E,Alive,,,954.0,0.0,,,,matched
TCGA-A7-A3IZ-01Z-00-DX1.7437130B-DF49-40C8-ABCD-FF9364B9B1B0,TCGA-A7-A3IZ-01,TCGA-A7-A3IZ,1,1,12.4156504826907,3.145396021099707,0.2533412184472224,192251.90872077548,192.25190872077548,61.12168624590538,184,14.820004820248759,,0.09153328484359283,0.6523349626151277,2.2954539165184085,0.38395250722985513,102.82952787440287,12.591620786157053,0.9449498243535444,/data1/deasy/Himangi/breast_feature_extraction/Lobular_outputs/TCGA-A7-A3IZ-01/tumor_core_wsi_summary.csv,TCGA-A7-A3IZ,Alive,,,322.0,0.0,,,,matched
TCGA-A7-A3J1-01Z-00-DX1.92895B92-5F95-4EA3-9237-4CAF63CDE3FF,TCGA-A7-A3J1-01,TCGA-A7-A3J1,7,7,25.883781800875752,4.870343398673213,0.18816197092607348,542247.6317305007,542.2476317305008,111.33663221328926,596,23.02600155514504,1.4543224445682732,0.12668171598523006,0.5792750768905846,1.8480977761126396,0.2720508409769204,102.63658597529934,15.92352487373917,0.9032911517377946,/data1/deasy/Himangi/breast_feature_extraction/Lobular_outputs/TCGA-A7-A3J1-01/tumor_core_wsi_summary.csv,TCGA-A7-A3J1,Alive,,,343.0,0.0,,,,matched
TCGA-A7-A425-01Z-00-DX1.812A94B1-0403-4298-A6C5-F71AFD3A9995,TCGA-A7-A425-01,TCGA-A7-A425,1,1,0.34295348677491627,0.0377905257594341,0.11019140267332049,4474.075405266518,4.474075405266518,118.39145699500096,3,8.74754191366169,,0.07043115180231678,0.3790485048377203,2.8684500449881454,0.7568903205264994,257.5545148604466,5.749999999999999,0.4754849457764707,/data1/deasy/Himangi/breast_feature_extraction/Lobular_outputs/TCGA-A7-A425-01/tumor_core_wsi_summary.csv,TCGA-A7-A425,Alive,,,447.0,0.0,,,,matched
TCGA-A7-A426-01Z-00-DX1.3058E873-9442-4872-80DA-E8A5B35054D2,TCGA-A7-A426-01,TCGA-A7-A426,6,6,24.485510761762686,4.207209564441231,0.17182445591501963,620094.9004881345,620.0949004881345,147.38864109101982,697,28.46581420259594,1.5420844934343567,0.16009013037855882,0.5987671903082151,1.957212135893859,0.11984945537613684,92.97220664482853,12.766919856426385,0.935268940030219,/data1/deasy/Himangi/breast_feature_extraction/Lobular_outputs/TCGA-A7-A426-01/tumor_core_wsi_summary.csv,TCGA-A7-A426,Alive,,,364.0,0.0,,,,matched
TCGA-A7-A4SB-01Z-00-DX1.E8925605-5189-441E-A719-92CFC1118B0B,TCGA-A7-A4SB-01,TCGA-A7-A4SB,7,7,17.430840856062993,4.812823129791552,0.27610963633561614,583938.2640758834,583.9382640758835,121.32967456486905,457,26.217897562930307,,0.08135414921089681,0.5666360197984769,1.5751345442621025,0.2518751578780314,95.08556656766979,9.941412950203222,0.8886812135528916,/data1/deasy/Himangi/breast_feature_extraction/Lobular_outputs/TCGA-A7-A4SB-01/tumor_core_wsi_summary.csv,TCGA-A7-A4SB,Alive,,,418.0,0.0,,,,matched
TCGA-A7-A5ZX-01Z-00-DX1.A4C651F0-DB8E-4534-84A2-AD875F62209F,TCGA-A7-A5ZX-01,TCGA-A7-A5ZX,4,4,27.361558588057143,8.538397547800614,0.3120581570790883,680452.9508783381,680.4529508783381,79.6932851942007,660,24.121432917497575,,0.1012262227184485,0.6078550471091645,1.8698246137255499,0.2577267293962778,101.30915070269751,10.705884974169962,0.9211579203047429,/data1/deasy/Himangi/breast_feature_extraction/Lobular_outputs/TCGA-A7-A5ZX-01/TCGA-A7-A5ZX-01Z-00-DX1.A4C651F0-DB8E-4534-84A2-AD875F62209F__tumor_core_wsi_summary.csv,TCGA-A7-A5ZX,Alive,,,336.0,0.0,,,,matched
TCGA-A8-A09T-01Z-00-DX1.4183BBA4-AF11-4602-9EC2-35083C34A393,TCGA-A8-A09T-01,TCGA-A8-A09T,2,2,29.5525688546692,11.673348387803054,0.3950028319097785,805760.8253764154,805.7608253764154,69.02568128766875,628,21.25026772083058,1.753161451189223,0.0520929713321576,0.5868291118366932,2.046658679617319,0.2424119469619709,99.30745177063375,12.90624960327316,0.9523033908542402,/data1/deasy/Himangi/breast_feature_extraction/Lobular_outputs/TCGA-A8-A09T-01/tumor_core_wsi_summary.csv,TCGA-A8-A09T,Alive,,,579.0,0.0,,,,matched
TCGA-A8-A09W-01Z-00-DX1.BF33B0F9-5786-4682-B59E-DCBD33D7BB03,TCGA-A8-A09W-01,TCGA-A8-A09W,2,2,30.50600572038556,10.976866179322696,0.3598263987732564,822307.7585924274,822.3077585924274,74.91279798431195,543,17.799773755275396,1.7669046548060896,0.041638362479720165,0.5854689345484325,1.7391383520167858,0.18691267311431345,112.2120199136018,14.703102442070104,0.9506695543611595,/data1/deasy/Himangi/breast_feature_extraction/Lobular_outputs/TCGA-A8-A09W-01/tumor_core_wsi_summary.csv,TCGA-A8-A09W,Alive,,,30.0,0.0,,,,matched
TCGA-A8-A09Z-01Z-00-DX1.D56497BE-5099-4537-9600-60F3213F7BF5,TCGA-A8-A09Z-01,TCGA-A8-A09Z,1,1,102.36798751240755,88.66513686209069,0.8661412519352693,430767.51256836887,430.7675125683689,4.858364040404996,127,1.2406222207367994,1.37110240999249,0.015051272869504747,0.8206419969628671,2.265772405154304,0.9904149554181357,142.56473310394827,10.335013304297194,0.9595347255591322,/data1/deasy/Himangi/breast_feature_extraction/Lobular_outputs/TCGA-A8-A09Z-01/tumor_core_wsi_summary.csv,TCGA-A8-A09Z,Alive,,,0.0,0.0,,,,matched
TCGA-A8-A0A4-01Z-00-DX1.06C38F98-F34B-49F0-AFB5-7F0086188346,TCGA-A8-A0A4-01,TCGA-A8-A0A4,2,2,7.085565905472241,1.1480922309603272,0.1620325385829304,239241.22134868594,239.24122134868594,208.3815349473896,197,27.80300157082094,1.6195964427505751,0.08796492851911974,0.6041959524517341,2.0445708700347174,0.0775978971586294,95.17207007333148,14.672978761627716,0.9498830125510335,/data1/deasy/Himangi/breast_feature_extraction/Lobular_outputs/TCGA-A8-A0A4-01/tumor_core_wsi_summary.csv,TCGA-A8-A0A4,Alive,,,396.0,0.0,,,,matched
TCGA-A8-A0A7-01Z-00-DX1.A0FD4EEF-B536-47C1-BDA1-7AC71BA3E978,TCGA-A8-A0A7-01,TCGA-A8-A0A7,2,2,27.85298085348578,9.030802900326199,0.324231110049968,681687.9466077541,681.6879466077542,75.48475524619535,552,19.81834558044862,1.6934032049736978,0.08376443843695668,0.6030294740137654,1.6476735744803535,0.12297277660274294,111.18471775893542,9.419999955856499,0.9635447425097319,/data1/deasy/Himangi/breast_feature_extraction/Lobular_outputs/TCGA-A8-A0A7-01/tumor_core_wsi_summary.csv,TCGA-A8-A0A7,Alive,,,30.0,0.0,,,,matched
TCGA-A8-A0AB-01Z-00-DX1.103ED338-A0F9-403B-A10C-49840BD60EB8,TCGA-A8-A0AB-01,TCGA-A8-A0AB,1,1,16.67435317340692,6.902121367407715,0.4139363785586333,457522.6183910153,457.52261839101527,66.28724620106915,319,19.13117688479556,1.6439156052967097,0.03642201352578014,0.6138328806275054,1.5043246792315943,0.4249843548272927,94.91682213917615,12.732831578246843,0.9553472094128983,/data1/deasy/Himangi/breast_feature_extraction/Lobular_outputs/TCGA-A8-A0AB-01/tumor_core_wsi_summary.csv,TCGA-A8-A0AB,Alive,,,518.0,0.0,,,,matched
TCGA-AC-A23G-01Z-00-DX1.2F0326F7-6B77-4B3F-B4FA-59ADB785AA07,TCGA-AC-A23G-01,TCGA-AC-A23G,1,1,3.981873017916188,0.6564538245607231,0.16486056225476062,74113.52556770477,74.11352556770477,112.89983056660391,88,22.100152266044024,,0.15537610940955776,0.6192026844808092,2.5962575824230334,0.1347593765394308,118.15594832677701,18.86154146165801,0.9559350498947815,/data1/deasy/Himangi/breast_feature_extraction/Lobular_outputs/TCGA-AC-A23G-01/tumor_core_wsi_summary.csv,TCGA-AC-A23G,Alive,,,2248.0,0.0,,,,matched
TCGA-AC-A2B8-01Z-00-DX1.14F3A9B2-1382-436A-B53C-92FC8495AD48,TCGA-AC-A2B8-01,TCGA-AC-A2B8,7,7,35.77775829695692,8.10982715434675,0.22667231096579163,608010.3614755404,608.0103614755404,74.97204933025678,727,20.319886840474158,1.608719101744388,0.14806808555279066,0.6549991389555552,2.135989439074407,0.20485459824301547,111.61609181483382,16.2229684661991,0.9345226013359894,/data1/deasy/Himangi/breast_feature_extraction/Lobular_outputs/TCGA-AC-A2B8-01/tumor_core_wsi_summary.csv,TCGA-AC-A2B8,Alive,,,677.0,0.0,,,,matched
TCGA-AC-A2FB-01Z-00-DX1.A4D93E32-BBD7-45E4-8ACF-3724B059ECBC,TCGA-AC-A2FB-01,TCGA-AC-A2FB,5,5,14.88062192247834,4.372456395293307,0.29383559491477773,204592.81419738368,204.5928141973837,46.79127604739886,175,11.76026115787868,1.4689368424434555,0.15627600149682724,0.7561386707307569,1.414391062900354,0.4812544047809325,136.87111217547894,17.85595342958409,0.8531147139356247,/data1/deasy/Himangi/breast_feature_extraction/Lobular_outputs/TCGA-AC-A2FB-01/tumor_core_wsi_summary.csv,TCGA-AC-A2FB,Alive,,,1234.0,0.0,,,,matched
TCGA-AC-A2FE-01Z-00-DX1.C036AE58-3C0D-4DBF-B658-296D03FD6701,TCGA-AC-A2FE-01,TCGA-AC-A2FE,1,1,0.22665408217805175,0.035862150900009694,0.15822415619162597,5403.998981397588,5.403998981397588,150.688088856269,5,22.060048298941158,,0.09804794734365219,0.6198498360762843,1.7302487260434616,0.4450094668176833,86.47201949908421,20.25,0.37073339483394835,/data1/deasy/Himangi/breast_feature_extraction/Lobular_outputs/TCGA-AC-A2FE-01/tumor_core_wsi_summary.csv,TCGA-AC-A2FE,Dead,2636.0,,2636.0,1.0,2636.0,86.60369609856262,7.216974674880219,matched
TCGA-AC-A2FG-01Z-00-DX1.0F13DE40-9F7A-42C6-AB3D-02E8521B690A,TCGA-AC-A2FG-01,TCGA-AC-A2FG,1,1,4.04131623138426,0.7603620264256993,0.1881471240782498,88209.07740541268,88.20907740541269,116.00931443152791,109,26.97141073829418,1.5606332150772195,0.1502823812116487,0.6325462232588908,1.764014406559971,0.285323331684257,100.53530552124462,11.313708498984761,0.8977030047734398,/data1/deasy/Himangi/breast_feature_extraction/Lobular_outputs/TCGA-AC-A2FG-01/tumor_core_wsi_summary.csv,TCGA-AC-A2FG,Alive,,,1853.0,0.0,,,,matched
TCGA-AC-A2FK-01Z-00-DX1.033F3C27-9860-4EF3-9330-37DE5EC45724,TCGA-AC-A2FK-01,TCGA-AC-A2FK,2,2,19.2547004602052,7.917889651032298,0.41121853167213157,411988.4216264757,411.9884216264757,52.032604618676714,293,15.217063521998693,1.6446581415976544,0.041278919758408694,0.5707925166652329,1.3127483462401082,0.6661491746454118,111.87203956441134,11.691939212358404,0.9558212832141032,/data1/deasy/Himangi/breast_feature_extraction/Lobular_outputs/TCGA-AC-A2FK-01/tumor_core_wsi_summary.csv,TCGA-AC-A2FK,Alive,,,2650.0,0.0,,,,matched
TCGA-AC-A3BB-01Z-00-DX1.CE889249-2A5E-44DA-B04E-746BE82CD805,TCGA-AC-A3BB-01,TCGA-AC-A3BB,4,4,31.187116069387045,11.26466854203856,0.36119622336917023,708533.7333572959,708.5337333572959,62.898764461033394,519,16.641487428504014,1.6219826860322686,0.047505904281238236,0.5709546507108604,1.4640407970533063,0.5740137649133532,103.03928322191813,13.129929202469471,0.9441542552225791,/data1/deasy/Himangi/breast_feature_extraction/Lobular_outputs/TCGA-AC-A3BB-01/tumor_core_wsi_summary.csv,TCGA-AC-A3BB,Alive,,,987.0,0.0,,,,matched
TCGA-AC-A3HN-01Z-00-DX1.1AA71B9B-1B61-41A9-91CF-B7649DEC189E,TCGA-AC-A3HN-01,TCGA-AC-A3HN,6,6,9.006584446898406,1.4677112957673883,0.1629598106164233,146686.08105886125,146.68608105886125,99.94205364629757,166,18.430960257877263,1.3730148625050864,0.13086598364593274,0.5533039261445143,2.0365911775488903,0.34765135765392136,106.84807030112817,13.434212760042985,0.8245165387387499,/data1/deasy/Himangi/breast_feature_extraction/Lobular_outputs/TCGA-AC-A3HN-01/tumor_core_wsi_summary.csv,TCGA-AC-A3HN,Alive,,,496.0,0.0,,,,matched
TCGA-AC-A3OD-01Z-00-DX1.E19B311B-BAB1-4CE8-9421-B49D5BE4537E,TCGA-AC-A3OD-01,TCGA-AC-A3OD,2,2,28.156288169657955,12.600527392806082,0.4475208989509058,435820.4649903267,435.82046499032674,34.58747807961961,221,7.849045963315438,1.722445491202266,0.055991469668433574,0.5881542601064297,1.851597320985001,0.40965919054657596,149.61701405848885,12.806832090250428,0.9250958595910712,/data1/deasy/Himangi/breast_feature_extraction/Lobular_outputs/TCGA-AC-A3OD-01/tumor_core_wsi_summary.csv,TCGA-AC-A3OD,Alive,,,451.0,0.0,,,,matched
TCGA-AC-A3QP-01Z-00-DX1.4B97E53E-1069-40C5-A062-C988663B37DD,TCGA-AC-A3QP-01,TCGA-AC-A3QP,4,4,39.46428027630525,13.951939489449918,0.3535333570450745,1124841.1079854432,1124.8411079854432,80.62256210586476,1057,26.783714097901168,1.4958193348051518,0.0760330422807228,0.5609840586169444,1.6099972296001512,0.28959971181263516,94.87531809591452,11.531014921343235,0.9635997174792039,/data1/deasy/Himangi/breast_feature_extraction/Lobular_outputs/TCGA-AC-A3QP-01/tumor_core_wsi_summary.csv,TCGA-AC-A3QP,Alive,,,675.0,0.0,,,,matched
TCGA-AC-A3QQ-01Z-00-DX1.86463263-AB12-49FB-8967-D5FD1F7D221A,TCGA-AC-A3QQ-01,TCGA-AC-A3QQ,1,1,11.671523547896792,3.212000014632551,0.2751997201951714,308754.15227998566,308.75415227998565,96.12520263805378,296,25.360870736823315,1.605929444049609,0.09810863672606199,0.5623458115437897,1.8772497476372751,0.11510474542248338,100.13623532468156,11.75132963677158,0.9389894658189534,/data1/deasy/Himangi/breast_feature_extraction/Lobular_outputs/TCGA-AC-A3QQ-01/tumor_core_wsi_summary.csv,TCGA-AC-A3QQ,Alive,,,734.0,0.0,,,,matched
TCGA-AC-A3TM-01Z-00-DX1.4421EE37-A2CC-4638-AC44-9C26CB09FDC1,TCGA-AC-A3TM-01,TCGA-AC-A3TM,6,6,182.62338042693153,78.19809091385865,0.42819320686677403,4507695.424529809,4507.695424529808,57.644571265753655,2573,14.089105096975628,1.6755716744403513,0.03671948345605134,0.6249366057609888,1.6405621454769685,0.15233273279911727,110.9560974332804,9.427980775341304,0.9685537518313182,/data1/deasy/Himangi/breast_feature_extraction/Lobular_outputs/TCGA-AC-A3TM-01/tumor_core_wsi_summary.csv,TCGA-AC-A3TM,Alive,,,762.0,0.0,,,,matched
TCGA-AC-A3TN-01Z-00-DX1.F00E81C7-0CA2-49E8-A30F-DE423538E93C,TCGA-AC-A3TN-01,TCGA-AC-A3TN,7,7,10.274434446079363,1.8719170620193464,0.1821917373499477,168433.45160290814,168.43345160290815,89.9791208811405,170,16.5459228819033,1.5042157834528336,0.16015531797834737,0.6207299448868658,1.9288366634393457,0.24035176721119392,129.45301954169423,17.67830544572628,0.7953162563165926,/data1/deasy/Himangi/breast_feature_extraction/Lobular_outputs/TCGA-AC-A3TN-01/tumor_core_wsi_summary.csv,TCGA-AC-A3TN,Alive,,,456.0,0.0,,,,matched
TCGA-AC-A3W5-01Z-00-DX1.522F702C-776E-45F1-84D3-1648DF04137C,TCGA-AC-A3W5-01,TCGA-AC-A3W5,3,3,4.739012207913835,1.6820100365433588,0.35492840337792636,110034.09022118787,110.03409022118787,65.41821263285394,103,21.73448716337908,,0.09203831702227461,0.6679056728192837,1.8314608397592076,0.6448106027882833,111.94549787089963,9.847758720792907,0.7549265192830814,/data1/deasy/Himangi/breast_feature_extraction/Lobular_outputs/TCGA-AC-A3W5-01/tumor_core_wsi_summary.csv,TCGA-AC-A3W5,Alive,,,504.0,0.0,,,,matched
TCGA-AC-A3W6-01Z-00-DX1.88CC534C-F032-4E5D-9CC4-4BB50AA46880,TCGA-AC-A3W6-01,TCGA-AC-A3W6,2,2,5.362468896497495,1.29304130162476,0.24112798164094007,201718.2316185902,201.71823161859018,156.00292996451302,104,19.394051883065984,1.6271361744834174,0.06991407397414887,0.5744729751582011,1.7522847307929217,0.2510532465811128,124.28712770467489,10.645513950531972,0.8222908708702642,/data1/deasy/Himangi/breast_feature_extraction/Lobular_outputs/TCGA-AC-A3W6-01/tumor_core_wsi_summary.csv,TCGA-AC-A3W6,Alive,,,0.0,0.0,,,,matched
TCGA-AC-A3W7-01Z-00-DX1.189BB448-ECBA-4042-8A35-4B787271E8FE,TCGA-AC-A3W7-01,TCGA-AC-A3W7,3,3,10.905877854046318,3.090032095798103,0.2833363931956778,271206.76421283267,271.2067642128327,87.76826770881308,234,21.456319530773115,1.509399862060033,0.08629175335962487,0.5592451106166872,1.733148196385847,0.35978862163717157,103.59435633896277,13.178606300295291,0.9007358638904405,/data1/deasy/Himangi/breast_feature_extraction/Lobular_outputs/TCGA-AC-A3W7-01/tumor_core_wsi_summary.csv,TCGA-AC-A3W7,Alive,,,471.0,0.0,,,,matched
TCGA-AC-A3YI-01Z-00-DX1.321C0A32-ABF9-48ED-8071-C6B1774E9F7B,TCGA-AC-A3YI-01,TCGA-AC-A3YI,6,6,6.546766391672635,1.0962201815243362,0.16744452389789077,137093.955625244,137.093955625244,125.06060181688099,126,19.246142669802556,1.4913367626228256,0.1230657762918965,0.5739355242721822,1.9325465968574616,0.3017891858329873,107.01024846415599,14.238681655810236,0.7391297204314055,/data1/deasy/Himangi/breast_feature_extraction/Lobular_outputs/TCGA-AC-A3YI-01/tumor_core_wsi_summary.csv,TCGA-AC-A3YI,Alive,,,707.0,0.0,,,,matched
TCGA-AC-A5XS-01Z-00-DX1.E5F2481E-9314-4B20-84B7-370EF82AF4BB,TCGA-AC-A5XS-01,TCGA-AC-A5XS,2,2,16.721694882790857,6.968271105657282,0.4167203835795786,378387.4224463209,378.3874224463209,54.30147833070417,249,14.890835034686496,1.710835569316134,0.0476050625785421,0.5755575704824589,1.8161979613912782,0.3095881836732814,111.94693565873098,9.380948117543003,0.9330704603992389,/data1/deasy/Himangi/breast_feature_extraction/Lobular_outputs/TCGA-AC-A5XS-01/tumor_core_wsi_summary.csv,TCGA-AC-A5XS,Alive,,,588.0,0.0,,,,matched
TCGA-AC-A62Y-01Z-00-DX1.5075F4DA-488C-40AD-BD73-6DE8953E1864,TCGA-AC-A62Y-01,TCGA-AC-A62Y,1,1,9.919567044641687,2.5345746549339823,0.2555126290822439,162459.3236079136,162.4593236079136,64.09727300462774,137,13.811086651609873,1.57395661820579,0.09813183307592492,0.5583474093558732,2.0078520578270482,0.3207115622412182,120.00885384003965,14.075688260259247,0.9280071610406071,/data1/deasy/Himangi/breast_feature_extraction/Lobular_outputs/TCGA-AC-A62Y-01/tumor_core_wsi_summary.csv,TCGA-AC-A62Y,Alive,,,530.0,0.0,,,,matched
TCGA-AC-A6IV-01Z-00-DX1.DA4F4B9F-9070-4B3A-996F-311E0A989FFB,TCGA-AC-A6IV-01,TCGA-AC-A6IV,4,4,7.9595469735639774,3.305568823619075,0.41529610097130554,113150.57197930943,113.15057197930943,34.230287740742746,60,7.5381174581013015,1.445331489636568,0.09321109084804276,0.7007808391514546,1.34038743907524,0.4823584001154036,174.10523538086716,29.24459736459231,0.7955914346596762,/data1/deasy/Himangi/breast_feature_extraction/Lobular_outputs/TCGA-AC-A6IV-01/tumor_core_wsi_summary.csv,TCGA-AC-A6IV,Alive,,,568.0,0.0,,,,matched
TCGA-AC-A6IX-01Z-00-DX1.45B63C4F-9DC3-4CED-9DF9-0F86E647BEA3,TCGA-AC-A6IX-01,TCGA-AC-A6IX,3,3,24.904648177985194,11.885406656078567,0.47723648096281224,404848.28182598297,404.84828182598295,34.06263609995464,212,8.512467170180718,1.4936695557293365,0.041212629351999534,0.6188777406085929,2.3008980796824243,0.31503577539014266,125.99177300017358,12.509826958888,0.9206188023846782,/data1/deasy/Himangi/breast_feature_extraction/Lobular_outputs/TCGA-AC-A6IX-01/tumor_core_wsi_summary.csv,TCGA-AC-A6IX,Alive,,,373.0,0.0,,,,matched
TCGA-AO-A0J8-01Z-00-DX1.9BDD4BDE-2A07-4E0C-B146-87365CA9DE3A,TCGA-AO-A0J8-01,TCGA-AO-A0J8,1,1,19.390997277841546,7.934283566760245,0.40917356921229103,619067.8754543428,619.0678754543428,78.02442025740741,392,20.215566759320094,,0.049793229668796415,0.6012681975967684,1.4675689581543068,0.3693998012552602,88.03029041898021,7.2886898685566255,0.9274222786023021,/data1/deasy/Himangi/breast_feature_extraction/Lobular_outputs/TCGA-AO-A0J8-01/tumor_core_wsi_summary.csv,TCGA-AO-A0J8,Alive,,,680.0,0.0,,,,matched
TCGA-AO-A0J9-01Z-00-DX1.E37C342B-9B6A-4BEE-B064-A82C3579CC66,TCGA-AO-A0J9-01,TCGA-AO-A0J9,5,5,43.62022550660842,17.453983906808983,0.40013511402330365,1351099.832572748,1351.099832572748,77.40925165203514,825,18.91324472577551,1.5055502200410367,0.04570374599949607,0.6343370510972305,1.8180083255177877,0.40882212383726346,99.21093849831148,7.430311508853289,0.9123017012724243,/data1/deasy/Himangi/breast_feature_extraction/Lobular_outputs/TCGA-AO-A0J9-01/tumor_core_wsi_summary.csv,TCGA-AO-A0J9,Alive,,,1613.0,0.0,,,,matched
TCGA-AO-A0JJ-01Z-00-DX1.D5B636F5-1B47-4033-9938-9DC8CD48CEE9,TCGA-AO-A0JJ-01,TCGA-AO-A0JJ,5,5,28.721113838442932,10.490613879788022,0.3652579053444103,825264.8893406086,825.2648893406086,78.66697781438928,408,14.205577203412494,1.4972499420122107,0.04249163010070398,0.6059905017017644,1.6879514958146045,0.2542707140052791,102.63692551815323,6.3771936374805955,0.8781547465869494,/data1/deasy/Himangi/breast_feature_extraction/Lobular_outputs/TCGA-AO-A0JJ-01/tumor_core_wsi_summary.csv,TCGA-AO-A0JJ,Alive,,,1887.0,0.0,,,,matched
TCGA-AO-A12E-01Z-00-DX1.F2797928-26EC-4B28-BC50-432EB380624B,TCGA-AO-A12E-01,TCGA-AO-A12E,8,8,10.509692384629206,2.615244871915759,0.24884123875410918,323037.04370004986,323.0370437000499,123.52076364589672,196,18.649451651568498,1.5055856398922873,0.05471050735406656,0.581839077221824,1.9244393773394326,0.38383714539822406,116.60004394500154,5.602110850492031,0.813090967480863,/data1/deasy/Himangi/breast_feature_extraction/Lobular_outputs/TCGA-AO-A12E-01/tumor_core_wsi_summary.csv,TCGA-AO-A12E,Alive,,,2142.0,0.0,,,,matched
TCGA-AO-A1KO-01Z-00-DX1.EEB5E0A0-92B2-42CD-9F7A-00E9250B561F,TCGA-AO-A1KO-01,TCGA-AO-A1KO,3,3,35.212294983398515,7.922410477996508,0.2249898929260838,1510305.529753587,1510.305529753587,190.63712161194744,1206,34.24940068713473,1.6299134597169942,0.11045242623841768,0.5566270691949824,1.783435102798926,0.04281222317044267,85.24397806918101,7.862897531086997,0.952073242999614,/data1/deasy/Himangi/breast_feature_extraction/Lobular_outputs/TCGA-AO-A1KO-01/tumor_core_wsi_summary.csv,TCGA-AO-A1KO,Alive,,,622.0,0.0,,,,matched
TCGA-AO-A1KS-01Z-00-DX1.349F9BCA-C9F0-43B4-BA6A-D20039E1C720,TCGA-AO-A1KS-01,TCGA-AO-A1KS,1,1,42.810750775051744,27.078712999565344,0.6325213295569123,584369.2541509435,584.3692541509434,21.580392471397126,243,5.676144323579812,,0.03429969874865868,0.7192317886292393,1.4073391247765115,0.5632346818779851,125.00095312136622,7.754031209635412,0.9481165351250735,/data1/deasy/Himangi/breast_feature_extraction/Lobular_outputs/TCGA-AO-A1KS-01/tumor_core_wsi_summary.csv,TCGA-AO-A1KS,Alive,,,350.0,0.0,,,,matched
TCGA-AQ-A7U7-01Z-00-DX1.AB5629A1-399E-402B-AD3D-DAF9F97D8300,TCGA-AQ-A7U7-01,TCGA-AQ-A7U7,3,3,43.283023753165416,7.6035579422099655,0.17567067369349154,937987.6353947378,937.9876353947378,123.36167390632296,1010,23.334783765566648,1.549752585393852,0.14244648917681926,0.6019344901637839,1.7241595856266685,0.07150344108294722,100.41277026609674,14.692047641307562,0.9540980777324646,/data1/deasy/Himangi/breast_feature_extraction/Lobular_outputs/TCGA-AQ-A7U7-01/tumor_core_wsi_summary.csv,TCGA-AQ-A7U7,Dead,584.0,,584.0,1.0,584.0,19.186858316221766,1.5989048596851472,matched
TCGA-AR-A1AK-01Z-00-DX1.0AFFA0B5-D1A6-43E9-892A-7CB16A79E5F9,TCGA-AR-A1AK-01,TCGA-AR-A1AK,6,6,84.12398830601765,52.98875764806077,0.6298887952780327,1010208.3751025129,1010.2083751025128,19.06457935496594,682,8.107081151681612,1.421361256714251,0.05688348595722432,0.7207456885105452,1.2618921921442998,0.748781845027492,153.5401387357537,9.770392349117452,0.9042861562665218,/data1/deasy/Himangi/breast_feature_extraction/Lobular_outputs/TCGA-AR-A1AK-01/tumor_core_wsi_summary.csv,TCGA-AR-A1AK,Alive,,,3159.0,0.0,,,,matched
TCGA-AR-A1AL-01Z-00-DX1.0970370F-6D4B-449A-AF33-76355DD99F91,TCGA-AR-A1AL-01,TCGA-AR-A1AL,5,5,42.801945790071095,8.21948854814859,0.19203539456973218,978275.7969854359,978.2757969854359,119.01905955034016,1224,28.596830760996273,1.4931783549737523,0.16180243110469092,0.6350648294884095,1.868485076460526,0.1496611445898458,95.39186205714361,15.352243801695305,0.955373693201571,/data1/deasy/Himangi/breast_feature_extraction/Lobular_outputs/TCGA-AR-A1AL-01/tumor_core_wsi_summary.csv,TCGA-AR-A1AL,Alive,,,2971.0,0.0,,,,matched
TCGA-AR-A1AM-01Z-00-DX1.B3F006D9-9386-41E5-B0B1-B0832EE104A0,TCGA-AR-A1AM-01,TCGA-AR-A1AM,5,5,14.747953698936465,3.9608350873202034,0.2685684514730905,180931.95869648873,180.93195869648872,45.680255478372494,142,9.628454421459175,1.4573825230088144,0.126716097873967,0.7270723815891446,1.6229563359309835,0.2591686684528658,141.72050354211876,10.117678967971605,0.8557146414538033,/data1/deasy/Himangi/breast_feature_extraction/Lobular_outputs/TCGA-AR-A1AM-01/tumor_core_wsi_summary.csv,TCGA-AR-A1AM,Alive,,,2991.0,0.0,,,,matched
TCGA-AR-A1AT-01Z-00-DX1.6ED69002-2CC1-4AD4-9573-B245D7C2D060,TCGA-AR-A1AT-01,TCGA-AR-A1AT,7,7,121.24804113588947,70.75136801205721,0.5835258644117984,1024599.3188865719,1024.5993188865718,14.481689155635308,391,3.224794366465553,1.3233960624162073,0.0668887925797477,0.7013013347013144,1.6226186330471346,0.3555234517994993,187.15079902351118,11.024694348505518,0.9384500876661507,/data1/deasy/Himangi/breast_feature_extraction/Lobular_outputs/TCGA-AR-A1AT-01/tumor_core_wsi_summary.csv,TCGA-AR-A1AT,Dead,1272.0,,1272.0,1.0,1272.0,41.790554414784395,3.482546201232033,matched
TCGA-AR-A24H-01Z-00-DX1.5CFC7E16-3F38-4531-968C-A4E4C9D00659,TCGA-AR-A24H-01,TCGA-AR-A24H,5,5,41.45572463602542,30.2742941255616,0.7302801818413505,309881.94285100064,309.88194285100064,10.235810670457777,162,3.907783579284499,1.2678099028951668,0.05342460766617225,0.846714686572009,1.5725119566692825,0.9684546094118537,290.40128428544733,15.316414574634003,0.8250444448318416,/data1/deasy/Himangi/breast_feature_extraction/Lobular_outputs/TCGA-AR-A24H-01/tumor_core_wsi_summary.csv,TCGA-AR-A24H,Alive,,,4894.0,0.0,,,,matched
TCGA-AR-A24T-01Z-00-DX1.3B325D54-38EC-4E16-BDE1-628894CC15AA,TCGA-AR-A24T-01,TCGA-AR-A24T,9,9,97.88833665685263,25.411624668348257,0.2595980842684931,2349774.417874855,2349.774417874855,92.46848434691559,2295,23.445081185158124,1.4375919099776873,0.09640886964413338,0.5872237992703512,1.6158315916974857,0.22003341330018195,99.25384204975877,12.352697808743134,0.9615844755872465,/data1/deasy/Himangi/breast_feature_extraction/Lobular_outputs/TCGA-AR-A24T-01/tumor_core_wsi_summary.csv,TCGA-AR-A24T,Alive,,,3202.0,0.0,,,,matched
TCGA-AR-A2LE-01Z-00-DX1.E8E1FC5C-9A4A-463F-81D7-E9A8AF43EAD9,TCGA-AR-A2LE-01,TCGA-AR-A2LE,1,1,35.964243941920586,16.750290926795095,0.46574845154107763,488554.8033527602,488.5548033527602,29.1669443526637,276,7.674288953375975,,0.055685648253206016,0.628960267456323,1.7156443160568866,0.15647525012577693,140.0961536878204,13.396525208394628,0.9622206538935254,/data1/deasy/Himangi/breast_feature_extraction/Lobular_outputs/TCGA-AR-A2LE-01/tumor_core_wsi_summary.csv,TCGA-AR-A2LE,Alive,,,5062.0,0.0,,,,matched
TCGA-AR-A2LJ-01Z-00-DX1.9D6257FA-2767-4640-9252-9BE18BD9D158,TCGA-AR-A2LJ-01,TCGA-AR-A2LJ,8,8,39.08888527539114,19.72228817388835,0.5045497725233098,514114.67263706867,514.1146726370687,26.067699047098362,336,8.595793858862807,1.4965358147355245,0.04588286069854257,0.6718017505575594,1.684583916771829,0.38172023016085305,123.04660230306854,12.544465905673588,0.9298808771202137,/data1/deasy/Himangi/breast_feature_extraction/Lobular_outputs/TCGA-AR-A2LJ-01/tumor_core_wsi_summary.csv,TCGA-AR-A2LJ,Alive,,,2632.0,0.0,,,,matched
TCGA-AR-A2LK-01Z-00-DX1.FBD59C38-CD4E-4C22-BC74-A57C192A9BBC,TCGA-AR-A2LK-01,TCGA-AR-A2LK,4,4,92.47605221219044,32.12439882752231,0.3473807332714793,1836846.4211453914,1836.8464211453913,57.17916873736757,1504,16.263670042369508,,0.0735208617354077,0.6263688154019007,1.8231555033456377,0.1488194869877562,109.47042069799896,11.605394950983305,0.9661239947706797,/data1/deasy/Himangi/breast_feature_extraction/Lobular_outputs/TCGA-AR-A2LK-01/tumor_core_wsi_summary.csv,TCGA-AR-A2LK,Dead,1649.0,,1649.0,1.0,1649.0,54.17659137577002,4.514715947980835,matched
TCGA-AR-A2LM-01Z-00-DX1.CB64A062-2E35-41F9-97C7-07BB60754799,TCGA-AR-A2LM-01,TCGA-AR-A2LM,14,14,115.37933410941633,45.192434397246736,0.39168569264223635,2600076.946642524,2600.076946642524,57.53345623711142,2742,23.765087753060797,1.4135891607488453,0.09241329118725304,0.5940232237996059,1.830135185488993,0.2964121343468051,94.69331046984267,11.80887462539853,0.9740758276750033,/data1/deasy/Himangi/breast_feature_extraction/Lobular_outputs/TCGA-AR-A2LM-01/tumor_core_wsi_summary.csv,TCGA-AR-A2LM,Alive,,,1935.0,0.0,,,,matched
TCGA-AR-A2LO-01Z-00-DX1.A8C81E1E-B224-4CF4-83D4-FFB2F51A7002,TCGA-AR-A2LO-01,TCGA-AR-A2LO,6,6,21.350528108569932,5.816454467122276,0.27242672581890814,558616.8960919456,558.6168960919456,96.04079241908421,476,22.294530494959393,1.3505878505258968,0.08676474353757335,0.5739655575230622,1.7835974437084658,0.16438074392554114,98.78570454334064,10.55354203335251,0.9223127674987092,/data1/deasy/Himangi/breast_feature_extraction/Lobular_outputs/TCGA-AR-A2LO-01/tumor_core_wsi_summary.csv,TCGA-AR-A2LO,Alive,,,1198.0,0.0,,,,matched
TCGA-AR-A5QM-01Z-00-DX1.A9017CED-FF57-4090-95B9-94DC91854347,TCGA-AR-A5QM-01,TCGA-AR-A5QM,13,13,53.33374102593612,11.048266186917884,0.20715340747511268,1168850.0225476692,1168.8500225476691,105.79488245238788,1284,24.07481596641782,1.360440590413503,0.1306753467908985,0.5929093187502896,1.9580895219640382,0.1336856364434439,110.00254410880494,15.720737026257915,0.9282592720374887,/data1/deasy/Himangi/breast_feature_extraction/Lobular_outputs/TCGA-AR-A5QM-01/tumor_core_wsi_summary.csv,TCGA-AR-A5QM,Alive,,,2231.0,0.0,,,,matched
TCGA-AR-A5QN-01Z-00-DX1.BF92AA24-3D44-4FFA-BCC0-CDB934EC3BBC,TCGA-AR-A5QN-01,TCGA-AR-A5QN,7,7,130.2864705213346,72.94144228662176,0.5598543117696746,1938348.834256322,1938.3488342563219,26.574040401334862,1417,10.876033361944241,,0.03715876838415966,0.7231351104176584,1.4553854246358207,0.5139424752881507,108.08610893907716,10.592117158222651,0.9513960901453061,/data1/deasy/Himangi/breast_feature_extraction/Lobular_outputs/TCGA-AR-A5QN-01/tumor_core_wsi_summary.csv,TCGA-AR-A5QN,Alive,,,1013.0,0.0,,,,matched
TCGA-AR-A5QP-01Z-00-DX1.256FDB13-1F81-42DA-AF6E-8A94835550C1,TCGA-AR-A5QP-01,TCGA-AR-A5QP,10,10,87.0037134104805,35.332643664342754,0.4061050072385368,1810119.8117909979,1810.1198117909978,51.230805964789646,1669,19.183089256497777,1.4437090197574047,0.054002862307378406,0.6081579974294745,1.9209710960724038,0.36494476320596664,98.90564329223614,11.881749466064443,0.9611485833168325,/data1/deasy/Himangi/breast_feature_extraction/Lobular_outputs/TCGA-AR-A5QP-01/tumor_core_wsi_summary.csv,TCGA-AR-A5QP,Alive,,,1185.0,0.0,,,,matched
TCGA-B6-A0IH-01Z-00-DX1.3463B12E-D1B0-4FB2-B257-BFD63BA2B6BF,TCGA-B6-A0IH-01,TCGA-B6-A0IH,17,17,12.843965674754584,2.1138944282802106,0.16458269056535776,290180.94789271825,290.1809478927182,137.2731504518885,331,25.770856788460282,1.3586563184315488,0.16075990490791495,0.6064979218610227,1.7758875409172923,0.29199481424270546,102.03691315422084,14.105238695294963,0.798015462582901,/data1/deasy/Himangi/breast_feature_extraction/Lobular_outputs/TCGA-B6-A0IH-01/tumor_core_wsi_summary.csv,TCGA-B6-A0IH,Dead,2965.0,,2965.0,1.0,2965.0,97.41273100616016,8.11772758384668,matched
TCGA-B6-A0IP-01Z-00-DX1.3723A250-AA4B-4AFE-A692-C1311E9BA268,TCGA-B6-A0IP-01,TCGA-B6-A0IP,6,6,56.83846623372891,12.28533532310137,0.21614473678058263,1230945.2602013352,1230.9452602013353,100.19630948832656,1440,25.33495527621186,1.6084804616317532,0.14865314861962214,0.65285263152758,2.197947534751512,0.057071358997437274,102.64961794920015,14.57743707160756,0.962235718014527,/data1/deasy/Himangi/breast_feature_extraction/Lobular_outputs/TCGA-B6-A0IP-01/tumor_core_wsi_summary.csv,TCGA-B6-A0IP,Dead,3926.0,,3926.0,1.0,3926.0,128.98562628336757,10.74880219028063,matched
TCGA-B6-A0RQ-01Z-00-DX1.68B4F49D-9F81-4501-BC66-0349012077C8,TCGA-B6-A0RQ-01,TCGA-B6-A0RQ,12,12,12.741182100806704,2.253048658031813,0.17683199566617622,213890.47389111773,213.89047389111772,94.93380141996808,234,18.36564285390634,1.3470314774002914,0.12458594908265899,0.6878346858217793,1.7035210331594324,0.5939756455359144,95.01348946947147,16.028575292200383,0.6431259852227148,/data1/deasy/Himangi/breast_feature_extraction/Lobular_outputs/TCGA-B6-A0RQ-01/tumor_core_wsi_summary.csv,TCGA-B6-A0RQ,Dead,4267.0,,4267.0,1.0,4267.0,140.18891170431212,11.682409308692677,matched
TCGA-B6-A2IU-01Z-00-DX1.3C7DF701-4ED9-4989-AA63-A6B7B105F6EE,TCGA-B6-A2IU-01,TCGA-B6-A2IU,11,11,120.56887109323607,27.03073161632732,0.2241932877966853,2476487.4014801197,2476.48740148012,91.61747586529445,1923,15.949390440198627,1.3867830366157616,0.07675799276507098,0.5900365343439253,1.849975350052951,0.11195033889036743,118.3934631533823,14.448129023888407,0.9742661321639051,/data1/deasy/Himangi/breast_feature_extraction/Lobular_outputs/TCGA-B6-A2IU-01/tumor_core_wsi_summary.csv,TCGA-B6-A2IU,Alive,,,5176.0,0.0,,,,matched
TCGA-BH-A0C1-01Z-00-DX1.21FE357E-B182-4397-BFEF-7E96E994236A,TCGA-BH-A0C1-01,TCGA-BH-A0C1,9,9,49.72842227066614,11.966324563900509,0.2406335052974165,1593756.0606084082,1593.7560606084082,133.18676525090945,1855,37.30261116878887,1.6759688405491928,0.14702606181304292,0.6258609158544924,1.7717881106309272,0.07334782280492186,90.5704821617121,12.007843765041688,0.9588491279407088,/data1/deasy/Himangi/breast_feature_extraction/Lobular_outputs/TCGA-BH-A0C1-01/tumor_core_wsi_summary.csv,TCGA-BH-A0C1,Dead,1411.0,,1411.0,1.0,1411.0,46.35728952772074,3.863107460643395,matched
TCGA-BH-A0DP-01Z-00-DX1.5550557D-4E5B-4B57-8C1E-9290A7AA32A9,TCGA-BH-A0DP-01,TCGA-BH-A0DP,10,10,52.18431605761426,12.817229335194444,0.2456145888937883,1081099.9944548735,1081.0999944548735,84.3474019370406,1119,21.44322441180535,1.5631472357493676,0.10843515407846599,0.6506870842150413,1.7989916732029658,0.17483624740679587,101.21096147960817,13.48071427406252,0.9568152095274103,/data1/deasy/Himangi/breast_feature_extraction/Lobular_outputs/TCGA-BH-A0DP-01/tumor_core_wsi_summary.csv,TCGA-BH-A0DP,Alive,,,476.0,0.0,,,,matched
TCGA-BH-A28O-01Z-00-DX1.B37603E3-BC80-4DDA-B44D-B5F794E3398E,TCGA-BH-A28O-01,TCGA-BH-A28O,9,9,11.64283689389597,1.835339702967914,0.1576368130631577,240968.93666454134,240.96893666454133,131.29391593004405,273,23.44789354071658,1.435739374151811,0.14700753392232915,0.6107382655003168,1.7767249410878907,0.31643155091697217,109.87838424427179,16.852759476713018,0.863973192397845,/data1/deasy/Himangi/breast_feature_extraction/Lobular_outputs/TCGA-BH-A28O-01/tumor_core_wsi_summary.csv,TCGA-BH-A28O,Alive,,,1120.0,0.0,,,,matched
TCGA-BH-A28Q-01Z-00-DX1.C6D1CA93-6B2A-4722-9270-5D56592D833D,TCGA-BH-A28Q-01,TCGA-BH-A28Q,7,7,188.6223686284953,88.70474603312648,0.4702769171976445,3193685.5254577915,3193.6855254577913,36.00354736673414,3186,16.890891696281503,1.3978688841646065,0.06375526709655727,0.6524683366455062,1.7301921771040711,0.2593268452923663,103.98071051453465,14.089302752585137,0.957456899444402,/data1/deasy/Himangi/breast_feature_extraction/Lobular_outputs/TCGA-BH-A28Q-01/tumor_core_wsi_summary.csv,TCGA-BH-A28Q,Alive,,,1119.0,0.0,,,,matched
TCGA-BH-A2L8-01Z-00-DX1.ACA51CA9-3C38-48A6-B4A9-C12FFAB9AB56,TCGA-BH-A2L8-01,TCGA-BH-A2L8,21,21,244.42972807047863,96.44596757603708,0.3945754403008948,5179734.778597352,5179.7347785973525,53.70607925638466,4398,17.992901414724336,1.312734627597637,0.08137487951828974,0.5910688829587812,1.7901235133326217,0.1416971048046824,110.57986031747949,12.032543905575595,0.9588036241498473,/data1/deasy/Himangi/breast_feature_extraction/Lobular_outputs/TCGA-BH-A2L8-01/tumor_core_wsi_summary.csv,TCGA-BH-A2L8,Alive,,,612.0,0.0,,,,matched
TCGA-BH-A42T-01Z-00-DX1.6E4609B9-BE7E-4CA9-A1C0-A77A7DEFBB2B,TCGA-BH-A42T-01,TCGA-BH-A42T,4,4,30.246973454749853,12.757050699307733,0.4217628821076121,459104.14744977874,459.10414744977874,35.98826705883455,360,11.902017255993167,1.5078571295531256,0.04665984491874538,0.7051085349736511,1.339416802514406,0.6877378495081012,116.38896048321344,14.541909062570152,0.9104709541115902,/data1/deasy/Himangi/breast_feature_extraction/Lobular_outputs/TCGA-BH-A42T-01/tumor_core_wsi_summary.csv,TCGA-BH-A42T,Dead,320.0,,320.0,1.0,320.0,10.513347022587268,0.8761122518822724,matched
TCGA-C8-A3M7-01Z-00-DX1.846C75F1-2E7E-44F7-B21F-C246141558FA,TCGA-C8-A3M7-01,TCGA-C8-A3M7,7,7,155.57474823146367,32.25499832920712,0.20732798025305643,5047885.061146383,5047.885061146383,156.49931243603535,3993,25.666118990333995,,0.07819693338867817,0.6058112432440753,1.8884601593611052,0.04861400249442147,100.33600978262719,11.525991652367798,0.978090010863664,/data1/deasy/Himangi/breast_feature_extraction/Lobular_outputs/TCGA-C8-A3M7-01/tumor_core_wsi_summary.csv,TCGA-C8-A3M7,Dead,1034.0,,1034.0,1.0,1034.0,33.97125256673511,2.830937713894593,matched
TCGA-C8-A3M8-01Z-00-DX1.97AC85E0-6281-4F2E-8034-24AD5F52D5A6,TCGA-C8-A3M8-01,TCGA-C8-A3M8,3,3,68.42419129372553,19.77481307615686,0.2890032414306401,1575584.559872265,1575.584559872265,79.67633139207767,1233,18.019942606366847,1.3373890824553805,0.08295347788042068,0.633323399059809,1.7163178458506263,0.1361133896290715,114.69669078544824,11.54268582823804,0.9601683852539019,/data1/deasy/Himangi/breast_feature_extraction/Lobular_outputs/TCGA-C8-A3M8-01/tumor_core_wsi_summary.csv,TCGA-C8-A3M8,Alive,,,394.0,0.0,,,,matched
TCGA-C8-A8HR-01Z-00-DX1.8E841CA8-1CE2-4242-AC5A-3247075CF8F4,TCGA-C8-A8HR-01,TCGA-C8-A8HR,6,6,23.45862826798487,6.552693489841238,0.2793297807094721,518608.13056611427,518.6081305661143,79.14426813494664,454,19.353220265636583,1.529825571971739,0.0771862595253918,0.6989232108088571,1.342338438756118,0.5459100414812087,105.99688288921791,11.188460830276338,0.9054703259811858,/data1/deasy/Himangi/breast_feature_extraction/Lobular_outputs/TCGA-C8-A8HR-01/tumor_core_wsi_summary.csv,TCGA-C8-A8HR,Alive,,,408.0,0.0,,,,matched
TCGA-D8-A1JN-01Z-00-DX1.3B02989C-CEA0-4EDD-A6DC-21C3A957C640,TCGA-D8-A1JN-01,TCGA-D8-A1JN,11,11,121.69154270710565,26.375399412144464,0.216739790008467,3150025.758854217,3150.0257588542167,119.43044765433194,2915,23.954006458903994,1.3908952296813368,0.09905615576130265,0.600951335362145,1.8469168491412962,0.06102795148582682,105.35319524826333,14.214870068863316,0.9740294814135817,/data1/deasy/Himangi/breast_feature_extraction/Lobular_outputs/TCGA-D8-A1JN-01/tumor_core_wsi_summary.csv,TCGA-D8-A1JN,Alive,,,620.0,0.0,,,,matched
TCGA-D8-A1X8-01Z-00-DX1.DDA3866E-C7CC-4650-BE2B-5C9A98A2D531,TCGA-D8-A1X8-01,TCGA-D8-A1X8,8,8,29.759358640949372,6.388080872520136,0.21465788122631216,782216.7990474228,782.2167990474228,122.44942020260204,600,20.161724828786802,1.4408103035002846,0.09188250467217904,0.6331422328314824,1.7838116645735802,0.22079151067198638,109.59233445461514,10.935460575087584,0.9188474502361069,/data1/deasy/Himangi/breast_feature_extraction/Lobular_outputs/TCGA-D8-A1X8-01/tumor_core_wsi_summary.csv,TCGA-D8-A1X8,Alive,,,783.0,0.0,,,,matched
TCGA-D8-A1XO-01Z-00-DX1.A9EF6AFF-62B0-4E2D-ABC7-DC06FF473890,TCGA-D8-A1XO-01,TCGA-D8-A1XO,4,4,73.2487313498881,13.63186552183847,0.18610377641522516,1670186.2307595918,1670.1862307595918,122.5207384920227,2250,30.717255555627272,1.354245470040953,0.1623545328357703,0.6367919052060668,1.9537998665787313,0.032534510510745664,100.61153901489921,18.258868440156025,0.971449001082753,/data1/deasy/Himangi/breast_feature_extraction/Lobular_outputs/TCGA-D8-A1XO-01/tumor_core_wsi_summary.csv,TCGA-D8-A1XO,Alive,,,1682.0,0.0,,,,matched
TCGA-D8-A27G-01Z-00-DX1.04FCF306-67AA-4F56-AE90-44A4F5DD56D4,TCGA-D8-A27G-01,TCGA-D8-A27G,7,7,75.63799239855268,16.42003913462258,0.2170871887781196,1471688.8397506813,1471.6888397506814,89.627608538858,1644,21.735108876732397,1.421860417965927,0.12340946467621762,0.6327223227674693,2.0004770562813357,0.1448177926303831,105.94859426067949,15.730438518057808,0.9580304902470647,/data1/deasy/Himangi/breast_feature_extraction/Lobular_outputs/TCGA-D8-A27G-01/tumor_core_wsi_summary.csv,TCGA-D8-A27G,Alive,,,409.0,0.0,,,,matched
TCGA-D8-A27I-01Z-00-DX1.ACAE0048-7AF0-41C9-992B-6ACDABF80B1C,TCGA-D8-A27I-01,TCGA-D8-A27I,3,3,24.604939874435672,5.4091999763253815,0.2198420318817969,471182.3276906606,471.1823276906606,87.10758148208596,410,16.66332054019716,1.2075947597287175,0.09716298612211781,0.5795138323287007,1.801376915640643,0.1159423701120451,116.77199378017268,14.744305579892687,0.9188769253018001,/data1/deasy/Himangi/breast_feature_extraction/Lobular_outputs/TCGA-D8-A27I-01/tumor_core_wsi_summary.csv,TCGA-D8-A27I,Alive,,,439.0,0.0,,,,matched
TCGA-D8-A27T-01Z-00-DX1.1E3A4D57-9CF2-4EBF-B74D-ADD7BD8CBFA5,TCGA-D8-A27T-01,TCGA-D8-A27T,14,14,149.5241910926904,39.3360451294026,0.26307478971759224,4056985.5658632293,4056.985565863229,103.13659018127233,5029,33.63335366169954,1.4812362426845915,0.14649627909802887,0.6287984310271624,2.368208672275471,0.04962331986923737,92.10735936027805,13.283191005662689,0.9528623093529716,/data1/deasy/Himangi/breast_feature_extraction/Lobular_outputs/TCGA-D8-A27T-01/TCGA-D8-A27T-01Z-00-DX1.1E3A4D57-9CF2-4EBF-B74D-ADD7BD8CBFA5__tumor_core_wsi_summary.csv,TCGA-D8-A27T,Alive,,,398.0,0.0,,,,matched
TCGA-D8-A27T-01Z-00-DX2.7CCFE3AA-955B-4D77-9EDB-7B36D5A01168,TCGA-D8-A27T-01,TCGA-D8-A27T,1,1,0.22558443088745814,0.02390563802902503,0.10597202091908246,3566.6472869335016,3.5666472869335015,149.19690838634205,3,13.298790116843971,1.2792986439662704,0.10042853926079696,0.853015285585395,4.947971388826017,0.49165646442502065,138.43957391223074,13.0,0.3104142401428097,/data1/deasy/Himangi/breast_feature_extraction/Lobular_outputs/TCGA-D8-A27T-01/TCGA-D8-A27T-01Z-00-DX2.7CCFE3AA-955B-4D77-9EDB-7B36D5A01168__tumor_core_wsi_summary.csv,TCGA-D8-A27T,Alive,,,398.0,0.0,,,,matched
TCGA-D8-A27V-01Z-00-DX1.F937C53B-0B55-4271-843E-2C28F72CF28E,TCGA-D8-A27V-01,TCGA-D8-A27V,16,16,117.16566562998581,27.79402214318278,0.2372198544150083,2887637.337194734,2887.637337194734,103.89418711400874,2414,20.60330547366594,1.4090146726715618,0.08860588927133783,0.603326627078477,1.90154157215999,0.1695638559215256,108.53445590179837,15.176608441679983,0.9484981764722626,/data1/deasy/Himangi/breast_feature_extraction/Lobular_outputs/TCGA-D8-A27V-01/TCGA-D8-A27V-01Z-00-DX1.F937C53B-0B55-4271-843E-2C28F72CF28E__tumor_core_wsi_summary.csv,TCGA-D8-A27V,Alive,,,381.0,0.0,,,,matched
TCGA-D8-A27V-01Z-00-DX2.81E4FFDF-7123-4AC3-BE24-A82564A6C34C,TCGA-D8-A27V-01,TCGA-D8-A27V,2,2,47.84695958871707,27.032432862195748,0.5649770245499641,696107.0040089801,696.1070040089801,25.750808577146977,472,9.864785642749673,1.4687918236586497,0.027757590172268008,0.7681815483911388,1.4251870003686054,0.800425047207172,110.29646856339735,12.018352328858617,0.9411481064045368,/data1/deasy/Himangi/breast_feature_extraction/Lobular_outputs/TCGA-D8-A27V-01/TCGA-D8-A27V-01Z-00-DX2.81E4FFDF-7123-4AC3-BE24-A82564A6C34C__tumor_core_wsi_summary.csv,TCGA-D8-A27V,Alive,,,381.0,0.0,,,,matched
TCGA-D8-A3Z5-01Z-00-DX1.4DBF937F-623C-4212-8493-ECE3C8F555E3,TCGA-D8-A3Z5-01,TCGA-D8-A3Z5,12,12,105.77386060343683,20.281308034064445,0.19174215556055318,2244667.684886039,2244.667684886039,110.67667238798896,2252,21.290704406101895,1.4303664674706198,0.11959632364434512,0.6188640756502127,1.9241441147515157,0.16863201157026853,107.72066833265195,14.678454938604547,0.9612108811638339,/data1/deasy/Himangi/breast_feature_extraction/Lobular_outputs/TCGA-D8-A3Z5-01/TCGA-D8-A3Z5-01Z-00-DX1.4DBF937F-623C-4212-8493-ECE3C8F555E3__tumor_core_wsi_summary.csv,TCGA-D8-A3Z5,Alive,,,1015.0,0.0,,,,matched
TCGA-D8-A3Z5-01Z-00-DX2.6196B9FF-F09E-4D44-873D-E53BFB2BF4E1,TCGA-D8-A3Z5-01,TCGA-D8-A3Z5,18,18,67.99951738486796,11.460917688644649,0.168544103390873,1669587.2092729777,1669.5872092729776,145.6765727344143,1540,22.647219557218484,1.4034308501686759,0.11532011259392741,0.621333177559945,1.7858200115879805,0.0884237493302479,106.00826127212817,15.187739466740082,0.9516551675533234,/data1/deasy/Himangi/breast_feature_extraction/Lobular_outputs/TCGA-D8-A3Z5-01/TCGA-D8-A3Z5-01Z-00-DX2.6196B9FF-F09E-4D44-873D-E53BFB2BF4E1__tumor_core_wsi_summary.csv,TCGA-D8-A3Z5,Alive,,,1015.0,0.0,,,,matched
TCGA-D8-A3Z5-01Z-00-DX3.BB83C7D4-F795-47E7-9A5C-7DBF0EB7FDAA,TCGA-D8-A3Z5-01,TCGA-D8-A3Z5,16,16,43.23275402602642,6.510144566332045,0.15058361913314364,1218196.6090026228,1218.1966090026228,187.12281986834296,897,20.748157738459128,1.5005750447034936,0.07832202994456476,0.5819182301676722,1.8846002416860779,0.11872503758767204,110.29526752754919,16.795125644705497,0.9062721230582306,/data1/deasy/Himangi/breast_feature_extraction/Lobular_outputs/TCGA-D8-A3Z5-01/TCGA-D8-A3Z5-01Z-00-DX3.BB83C7D4-F795-47E7-9A5C-7DBF0EB7FDAA__tumor_core_wsi_summary.csv,TCGA-D8-A3Z5,Alive,,,1015.0,0.0,,,,matched
TCGA-D8-A3Z6-01Z-00-DX3.66566DB7-661D-4002-90C1-B15BF3425903,TCGA-D8-A3Z6-01,TCGA-D8-A3Z6,3,3,6.540863133544201,1.137663619122599,0.17393172673010052,111777.10933775913,111.77710933775913,98.25145803991258,110,16.81735235153834,1.519706697070649,0.12613978078828586,0.6749627449650873,2.1683128630444317,0.3755501296511648,122.69152281956171,22.118218752446015,0.852946493357903,/data1/deasy/Himangi/breast_feature_extraction/Lobular_outputs/TCGA-D8-A3Z6-01/tumor_core_wsi_summary.csv,TCGA-D8-A3Z6,Alive,,,563.0,0.0,,,,matched
TCGA-D8-A4Z1-01Z-00-DX1.D39D38B5-FC9F-4298-8720-016407DC6591,TCGA-D8-A4Z1-01,TCGA-D8-A4Z1,9,9,15.173236361422859,3.266857759803584,0.21530395243228365,335574.46485735517,335.57446485735517,102.72086804217983,353,23.26464780430651,1.5111090418267032,0.1255350445110487,0.5963331249106156,1.7511128928703417,0.26346984622749187,114.25842603584883,17.53093020331237,0.8603852161309814,/data1/deasy/Himangi/breast_feature_extraction/Lobular_outputs/TCGA-D8-A4Z1-01/tumor_core_wsi_summary.csv,TCGA-D8-A4Z1,Alive,,,659.0,0.0,,,,matched
TCGA-D8-A73U-01Z-00-DX1.6ECEF7C0-00CC-4AC2-87BD-DBFB6E0DC042,TCGA-D8-A73U-01,TCGA-D8-A73U,1,1,0.7530265307255702,0.10894143966125787,0.14467144943258317,14586.53177804484,14.58653177804484,133.89332675793665,15,19.91961688992142,1.490958286174728,0.12498754761846992,0.5845665096418746,5.139424985964875,0.41589064371702616,95.58013653474241,8.609587678861281,0.6785577581765417,/data1/deasy/Himangi/breast_feature_extraction/Lobular_outputs/TCGA-D8-A73U-01/TCGA-D8-A73U-01Z-00-DX1.6ECEF7C0-00CC-4AC2-87BD-DBFB6E0DC042__tumor_core_wsi_summary.csv,TCGA-D8-A73U,Alive,,,492.0,0.0,,,,matched
TCGA-E2-A107-01Z-00-DX1.3BFCCC24-7286-488D-A9E9-98E498AD0767,TCGA-E2-A107-01,TCGA-E2-A107,13,13,162.86458359131328,80.8877196213959,0.4966562885419751,3970120.8832220705,3970.1208832220705,49.08187425488899,2233,13.710777080936225,1.4195633243476686,0.024054468701634052,0.6461995415663826,1.619564638153165,0.28454576862203823,103.22913792351335,10.496521018315038,0.9767346370088182,/data1/deasy/Himangi/breast_feature_extraction/Lobular_outputs/TCGA-E2-A107-01/tumor_core_wsi_summary.csv,TCGA-E2-A107,Alive,,,1047.0,0.0,,,,matched
TCGA-E2-A10F-01Z-00-DX1.18F9324C-A38F-478E-95DF-B8E172D0DD07,TCGA-E2-A10F-01,TCGA-E2-A10F,8,8,17.97519007739984,2.5155487755133383,0.13994560083546104,184826.76743046698,184.826767430467,73.47373631932464,259,14.40874888581234,1.2620356510656556,0.2064511296131374,0.664067005767164,2.098040670741989,0.2669702015829936,126.10793726598608,13.754438649945293,0.8199874748287644,/data1/deasy/Himangi/breast_feature_extraction/Lobular_outputs/TCGA-E2-A10F-01/tumor_core_wsi_summary.csv,TCGA-E2-A10F,Alive,,,878.0,0.0,,,,matched
TCGA-E2-A15L-01Z-00-DX1.626032DC-D396-48E7-B888-DFEBCF7102FF,TCGA-E2-A15L-01,TCGA-E2-A15L,6,6,128.35414591224622,78.38562257215673,0.6106980184788716,1613990.614872362,1613.990614872362,20.590390965978827,908,7.0741774139558045,1.3803659643541122,0.028346438156007812,0.607699349924436,1.8887694178873486,0.57472658610117,111.44105578002053,11.500161270871905,0.9582680223910468,/data1/deasy/Himangi/breast_feature_extraction/Lobular_outputs/TCGA-E2-A15L-01/tumor_core_wsi_summary.csv,TCGA-E2-A15L,Alive,,,626.0,0.0,,,,matched
TCGA-E2-A15M-01Z-00-DX1.6E4671E5-18EA-4464-BE7C-C94767136E5C,TCGA-E2-A15M-01,TCGA-E2-A15M,5,5,20.70257065645859,5.864773288491794,0.2832872006966032,284212.32696020865,284.21232696020866,48.46092303651481,267,12.896949100217363,1.3173569131501988,0.22294079931803937,0.7297340895315687,2.1814483952464787,0.22541525580986635,129.12492232701484,16.13960056413857,0.8752571673018043,/data1/deasy/Himangi/breast_feature_extraction/Lobular_outputs/TCGA-E2-A15M-01/tumor_core_wsi_summary.csv,TCGA-E2-A15M,Dead,336.0,,336.0,1.0,336.0,11.039014373716633,0.919917864476386,matched
TCGA-E2-A1B5-01Z-00-DX1.AB19FF3D-5C42-4D49-ABEA-D2315709B6EA,TCGA-E2-A1B5-01,TCGA-E2-A1B5,22,22,46.623093412836,9.581745253194255,0.20551500451397037,1045199.2152319661,1045.199215231966,109.08234226781694,1075,23.05724312372712,1.248327699102124,0.13066939666542998,0.6316675048005052,1.9236023160659759,0.23874763631032772,119.28983479218748,15.922338654719043,0.903209050931491,/data1/deasy/Himangi/breast_feature_extraction/Lobular_outputs/TCGA-E2-A1B5-01/tumor_core_wsi_summary.csv,TCGA-E2-A1B5,Alive,,,984.0,0.0,,,,matched
TCGA-E2-A1IJ-01Z-00-DX1.00093877-7B01-42D3-857C-987BC1F604A3,TCGA-E2-A1IJ-01,TCGA-E2-A1IJ,8,8,50.05244691003489,11.177946896649647,0.22332468414063905,1243384.9574917916,1243.3849574917915,111.23553985253497,1516,30.288229519025993,1.3362110183613518,0.14643650236985511,0.6579808638031728,2.0104214508034994,0.16308248589826943,209.70931095631985,14.876624165054604,0.8493139623869361,/data1/deasy/Himangi/breast_feature_extraction/Lobular_outputs/TCGA-E2-A1IJ-01/tumor_core_wsi_summary.csv,TCGA-E2-A1IJ,Alive,,,865.0,0.0,,,,matched
TCGA-E2-A1IL-01Z-00-DX1.46B6AA99-C7CE-4573-B15D-2C56A708B082,TCGA-E2-A1IL-01,TCGA-E2-A1IL,12,12,36.93114712405715,5.221982655541956,0.14139779189637816,660219.6658686483,660.2196658686483,126.43084234835099,1005,27.21280215380414,1.2648893075692367,0.21556619381169365,0.6617560866012642,2.1611980181429065,0.11317216891349413,108.14914711889975,17.525599905911047,0.9142065761388737,/data1/deasy/Himangi/breast_feature_extraction/Lobular_outputs/TCGA-E2-A1IL-01/tumor_core_wsi_summary.csv,TCGA-E2-A1IL,Alive,,,118.0,0.0,,,,matched
TCGA-E2-A1L8-01Z-00-DX1.842BF73D-2D64-4ABA-880D-DBE8F4C2AA19,TCGA-E2-A1L8-01,TCGA-E2-A1L8,4,4,17.37504557789099,3.8986100216376856,0.2243798443095022,383115.1520225148,383.1151520225148,98.26967814071845,336,19.338078768987277,,0.08781126901582302,0.618963819768925,2.1176474715826106,0.25494792243080994,101.46596227923162,12.655549659573975,0.896951722758714,/data1/deasy/Himangi/breast_feature_extraction/Lobular_outputs/TCGA-E2-A1L8-01/tumor_core_wsi_summary.csv,TCGA-E2-A1L8,Alive,,,2240.0,0.0,,,,matched
TCGA-E2-A2P6-01Z-00-DX1.9D8060AA-881F-49FF-AEF5-B40A3625A44A,TCGA-E2-A2P6-01,TCGA-E2-A2P6,11,11,88.82324775477707,35.030631702868426,0.39438584591706094,1958280.7065430763,1958.2807065430763,55.90195241562617,1206,13.577526497674581,1.3892449353439211,0.03763704295702614,0.6640765147525416,1.4469873512500755,0.4868798853617447,109.9294039679966,9.245473820651315,0.9529771574310897,/data1/deasy/Himangi/breast_feature_extraction/Lobular_outputs/TCGA-E2-A2P6-01/tumor_core_wsi_summary.csv,TCGA-E2-A2P6,Alive,,,1051.0,0.0,,,,matched
TCGA-E2-A3DX-01Z-00-DX1.75094CA2-CE51-4886-A564-BD10043A6E4C,TCGA-E2-A3DX-01,TCGA-E2-A3DX,10,10,61.15446083358275,14.564359515201113,0.23815694418162786,998705.2064086838,998.7052064086838,68.57185895241841,1200,19.622444277049766,1.332382878758377,0.15339333715921732,0.6602240641269821,2.043423311459993,0.20660626023122353,103.01447888002602,16.389833695798544,0.9443550993534973,/data1/deasy/Himangi/breast_feature_extraction/Lobular_outputs/TCGA-E2-A3DX-01/tumor_core_wsi_summary.csv,TCGA-E2-A3DX,Alive,,,1325.0,0.0,,,,matched
TCGA-E2-A576-01Z-00-DX1.2E045763-7EB0-48F5-8C47-E4B84287D739,TCGA-E2-A576-01,TCGA-E2-A576,3,3,21.880442861748083,5.768586100553393,0.2636411948790202,492684.1787171056,492.68417871710557,85.4081347021658,529,24.176841544867017,1.6464268063617882,0.1073162836824617,0.5912849197202215,2.0183690593300074,0.23888633378202054,102.39137568551182,13.207011341394873,0.892111670739036,/data1/deasy/Himangi/breast_feature_extraction/Lobular_outputs/TCGA-E2-A576-01/tumor_core_wsi_summary.csv,TCGA-E2-A576,Alive,,,1043.0,0.0,,,,matched
TCGA-E9-A295-01Z-00-DX1.ED6CC024-56E7-45A9-B41F-F84550A899F7,TCGA-E9-A295-01,TCGA-E9-A295,13,13,104.0869740940083,22.26246032282491,0.21388325020110702,3004739.818160575,3004.739818160575,134.9689016662692,3985,38.285290111333865,1.643847015940354,0.15742073543584034,0.6692220944966021,1.9320666121069003,0.0734010055745211,83.810016973964,13.021791070182195,0.9567624596405364,/data1/deasy/Himangi/breast_feature_extraction/Lobular_outputs/TCGA-E9-A295-01/tumor_core_wsi_summary.csv,TCGA-E9-A295,Alive,,,375.0,0.0,,,,matched
TCGA-E9-A2JS-01Z-00-DX1.445BA2F8-3A4A-49D2-8D41-4ACFD32F2074,TCGA-E9-A2JS-01,TCGA-E9-A2JS,1,1,146.15212985226253,77.7198383762032,0.5317735598842527,2710039.4702446624,2710.0394702446624,34.86934001492264,2229,15.25123172856378,,0.03899787509958002,0.6197561522254049,1.8969197305701488,0.2685744097399601,93.98304368342195,12.374368670764582,0.9608758011868764,/data1/deasy/Himangi/breast_feature_extraction/Lobular_outputs/TCGA-E9-A2JS-01/tumor_core_wsi_summary.csv,TCGA-E9-A2JS,Dead,904.0,,904.0,1.0,904.0,29.700205338809035,2.4750171115674195,matched
TCGA-E9-A2JT-01Z-00-DX1.49C2B936-3B1A-4014-8B43-26D483DEF53A,TCGA-E9-A2JT-01,TCGA-E9-A2JT,7,7,5.553425625796914,1.6289679565865902,0.2933266899298456,86875.9982605392,86.8759982605392,53.33192584253341,65,11.7044873524659,1.3511959849355075,0.06010119025235159,0.5702059763615777,1.246026696214765,0.8480477588755032,133.29243527104745,12.590079610395597,0.6841520959850067,/data1/deasy/Himangi/breast_feature_extraction/Lobular_outputs/TCGA-E9-A2JT-01/tumor_core_wsi_summary.csv,TCGA-E9-A2JT,Alive,,,288.0,0.0,,,,matched
TCGA-E9-A3HO-01Z-00-DX1.8C897764-4CD4-40DE-9F8B-7F1BE5FF89C7,TCGA-E9-A3HO-01,TCGA-E9-A3HO,6,6,93.12588350863055,52.59450520200135,0.5647678520776351,1313665.9448787456,1313.6659448787457,24.97724695447382,712,7.645565047809877,1.3764062346291437,0.03750865505918237,0.6955646034515856,1.5946459065663727,0.39953057282074733,125.12963260209891,10.566161294136178,0.9575271931448862,/data1/deasy/Himangi/breast_feature_extraction/Lobular_outputs/TCGA-E9-A3HO-01/tumor_core_wsi_summary.csv,TCGA-E9-A3HO,Alive,,,1158.0,0.0,,,,matched
TCGA-E9-A3Q9-01Z-00-DX1.2D0CA5D4-CCE5-4647-BFB3-D5359F53DA83,TCGA-E9-A3Q9-01,TCGA-E9-A3Q9,4,4,97.72080625802005,47.00287568634484,0.48099148468177183,1638853.5301833756,1638.8535301833756,34.86709070993057,1053,10.775596726245587,,0.03591302807690167,0.5984689340258365,1.8610219236123546,0.3947513752646696,114.04125818973283,10.697674170109018,0.9660460950535632,/data1/deasy/Himangi/breast_feature_extraction/Lobular_outputs/TCGA-E9-A3Q9-01/tumor_core_wsi_summary.csv,TCGA-E9-A3Q9,Alive,,,1001.0,0.0,,,,matched
TCGA-E9-A3X8-01Z-00-DX1.D1532F80-F5F8-47AF-8A1B-B59E345F5D70,TCGA-E9-A3X8-01,TCGA-E9-A3X8,2,2,23.30122693735639,2.8402231968678753,0.12189157268428841,438760.814848932,438.760814848932,154.48110392619358,703,30.170085115687815,,0.23484151829963934,0.6837087304140136,1.9147173368169101,0.029891620127270115,89.68158220966764,17.40391691244444,0.9605969885306908,/data1/deasy/Himangi/breast_feature_extraction/Lobular_outputs/TCGA-E9-A3X8-01/tumor_core_wsi_summary.csv,TCGA-E9-A3X8,Alive,,,926.0,0.0,,,,matched
TCGA-E9-A5FK-01Z-00-DX1.3F002C99-B4CA-4068-A816-EAC370A2E8C4,TCGA-E9-A5FK-01,TCGA-E9-A5FK,12,12,26.15757401814577,5.171927894524352,0.1977220017015544,550767.6374386157,550.7676374386157,106.49174711459668,543,20.758805828985345,1.5135656583686448,0.11546982656791148,0.6233903779405627,1.631864118305854,0.24179214362500148,111.84727724894852,12.763910153033331,0.8707843574611572,/data1/deasy/Himangi/breast_feature_extraction/Lobular_outputs/TCGA-E9-A5FK-01/tumor_core_wsi_summary.csv,TCGA-E9-A5FK,Alive,,,812.0,0.0,,,,matched
TCGA-E9-A6HE-01Z-00-DX1.97514DBA-9BC0-4554-9A43-99C48C6B953A,TCGA-E9-A6HE-01,TCGA-E9-A6HE,4,4,74.41456007673384,26.45099640982367,0.3554545828470702,1730393.1457139032,1730.3931457139033,65.41882653128523,1742,23.4093972766043,1.456470614670904,0.09187904857641233,0.5792060286789966,1.9712739777697312,0.20720534625143278,99.12792488114263,12.052212906210444,0.9641536990608762,/data1/deasy/Himangi/breast_feature_extraction/Lobular_outputs/TCGA-E9-A6HE-01/tumor_core_wsi_summary.csv,TCGA-E9-A6HE,Alive,,,847.0,0.0,,,,matched
TCGA-EW-A1IW-01Z-00-DX1.0DE87057-951F-4887-A2D5-485736D66E4E,TCGA-EW-A1IW-01,TCGA-EW-A1IW,19,19,42.707132198372065,7.146493159961421,0.16733722898476042,619441.2183078409,619.4412183078409,86.6776479656191,759,17.772207145038223,1.4560255865695162,0.20135150380753195,0.6753639547572979,2.0729847662889664,0.13620348600369592,134.56349232333486,18.246775813762984,0.8808795840125714,/data1/deasy/Himangi/breast_feature_extraction/Lobular_outputs/TCGA-EW-A1IW-01/tumor_core_wsi_summary.csv,TCGA-EW-A1IW,Alive,,,371.0,0.0,,,,matched
TCGA-EW-A1J2-01Z-00-DX1.F1D8E593-2DF4-44C3-873D-FD3C910011E4,TCGA-EW-A1J2-01,TCGA-EW-A1J2,5,5,19.43608245959131,4.3025379304940685,0.22136857771823526,388330.45903052716,388.33045903052715,90.25613842431238,445,22.89556040550762,1.5612264216632026,0.14243017033301833,0.6642081413551117,1.7976543034740142,0.21249677556413024,108.23730409210351,14.64193490077668,0.878866172401098,/data1/deasy/Himangi/breast_feature_extraction/Lobular_outputs/TCGA-EW-A1J2-01/tumor_core_wsi_summary.csv,TCGA-EW-A1J2,Alive,,,403.0,0.0,,,,matched
TCGA-EW-A1J3-01Z-00-DX1.F736F6F4-0859-439A-A417-98B520C8D65A,TCGA-EW-A1J3-01,TCGA-EW-A1J3,11,11,76.74201943235333,24.662983284389853,0.32137521877606845,981504.5217481268,981.5045217481269,39.796666543960185,675,8.795702862562797,1.486483608021264,0.13981047422157203,0.6478647925920771,1.9011567057627268,0.37360508230187306,130.81138215688614,13.245507814819389,0.9400819494566578,/data1/deasy/Himangi/breast_feature_extraction/Lobular_outputs/TCGA-EW-A1J3-01/tumor_core_wsi_summary.csv,TCGA-EW-A1J3,Alive,,,504.0,0.0,,,,matched
TCGA-EW-A1J5-01Z-00-DX1.FFE303B1-7F36-4276-B931-C2A6B2CBD1F2,TCGA-EW-A1J5-01,TCGA-EW-A1J5,6,6,186.66570621647438,68.31194804910274,0.3659587475049223,4895713.744883115,4895.713744883115,71.66701996792814,3276,17.55009029993359,1.7134422943349472,0.04830318118931129,0.5940301936809907,1.6252316517011254,0.21819359995209112,105.8706191266981,9.154906044790936,0.9759152742521515,/data1/deasy/Himangi/breast_feature_extraction/Lobular_outputs/TCGA-EW-A1J5-01/tumor_core_wsi_summary.csv,TCGA-EW-A1J5,Alive,,,477.0,0.0,,,,matched
TCGA-EW-A1PG-01Z-00-DX1.A31B2048-D04D-467C-A9E4-6A63942A58C6,TCGA-EW-A1PG-01,TCGA-EW-A1PG,13,13,79.71459282854738,28.036682754304888,0.35171330316654886,1608660.6150969125,1608.6606150969126,57.37699531696242,1501,18.82967655907617,1.4231817723436235,0.09827776061465615,0.6768606277815004,1.7822190989504625,0.33191208818164253,98.8589157541713,10.995044858962178,0.9434047325082913,/data1/deasy/Himangi/breast_feature_extraction/Lobular_outputs/TCGA-EW-A1PG-01/tumor_core_wsi_summary.csv,TCGA-EW-A1PG,Alive,,,1051.0,0.0,,,,matched
TCGA-EW-A3E8-01Z-00-DX1.E185B2E4-3E16-4C66-90D7-FDB9A14BA00D,TCGA-EW-A3E8-01,TCGA-EW-A3E8,12,12,24.895699022782722,4.159512119752809,0.167077538812882,748179.1022855864,748.1791022855864,179.87184091437365,651,26.149095046668602,1.5178597166690158,0.11644343247484955,0.6200021169914072,1.8597125983042793,0.1473619057668617,100.10839166914317,13.199108151918997,0.9014337974094359,/data1/deasy/Himangi/breast_feature_extraction/Lobular_outputs/TCGA-EW-A3E8-01/tumor_core_wsi_summary.csv,TCGA-EW-A3E8,Alive,,,1035.0,0.0,,,,matched
TCGA-EW-A423-01Z-00-DX1.31502D62-9C83-4A9C-9682-05A185486EAA,TCGA-EW-A423-01,TCGA-EW-A423,7,7,109.01523512134631,61.31649972234901,0.5624580789473764,1211525.830705283,1211.525830705283,19.758561499617024,840,7.705345028747448,1.130289848468918,0.03653727063268603,0.6624486553211161,1.562936167561053,0.6846706200603092,117.78467481570439,13.535589511495399,0.9638266610845454,/data1/deasy/Himangi/breast_feature_extraction/Lobular_outputs/TCGA-EW-A423-01/TCGA-EW-A423-01Z-00-DX1.31502D62-9C83-4A9C-9682-05A185486EAA__tumor_core_wsi_summary.csv,TCGA-EW-A423,Alive,,,533.0,0.0,,,,matched
TCGA-EW-A423-01Z-00-DX2.5EF1CF39-600A-4ED3-A5A2-AF4435A5F8B5,TCGA-EW-A423-01,TCGA-EW-A423,11,11,165.59500285679823,99.65752764390741,0.6018148248717892,1644795.1262675747,1644.7951262675747,16.504474525443733,1221,7.373410905737811,1.2978708140812354,0.03780583116999116,0.6978691283303068,1.223630367322911,0.7549927942611294,118.6715152995193,13.297656908747197,0.9699627034937193,/data1/deasy/Himangi/breast_feature_extraction/Lobular_outputs/TCGA-EW-A423-01/TCGA-EW-A423-01Z-00-DX2.5EF1CF39-600A-4ED3-A5A2-AF4435A5F8B5__tumor_core_wsi_summary.csv,TCGA-EW-A423,Alive,,,533.0,0.0,,,,matched
TCGA-EW-A424-01Z-00-DX1.662894F0-31FE-494B-9A9E-7C369AE23D27,TCGA-EW-A424-01,TCGA-EW-A424,9,9,139.21029066375885,40.685382538264854,0.292258441127274,2783509.573365436,2783.509573365436,68.41547011995102,2693,19.344834258729687,1.4321944335187626,0.1388852907565251,0.6792964741290428,1.8274400967112248,0.10651983664197504,104.43332788117505,14.304405036536437,0.9653814768493781,/data1/deasy/Himangi/breast_feature_extraction/Lobular_outputs/TCGA-EW-A424-01/tumor_core_wsi_summary.csv,TCGA-EW-A424,Alive,,,715.0,0.0,,,,matched
TCGA-EW-A6SC-01Z-00-DX1.C2D50E7C-3AD0-4038-9A1C-CAE54A3FBE2F,TCGA-EW-A6SC-01,TCGA-EW-A6SC,8,8,64.80261366220176,13.80124575040337,0.21297359736669685,1345549.5563271146,1345.5495563271145,97.4947900110965,1334,20.58558944788517,1.5115860751854684,0.12760749096594354,0.604276164128009,1.9292919220654252,0.1628512426255569,105.96303273315898,13.548843524507305,0.9407785997986025,/data1/deasy/Himangi/breast_feature_extraction/Lobular_outputs/TCGA-EW-A6SC-01/tumor_core_wsi_summary.csv,TCGA-EW-A6SC,Alive,,,952.0,0.0,,,,matched
TCGA-GM-A2DO-01Z-00-DX1.60817A51-93B7-483D-ABC9-8ED6341C6660,TCGA-GM-A2DO-01,TCGA-GM-A2DO,1,1,31.53370697203275,20.56239208322283,0.6520765890752908,342288.4557753408,342.28845577534076,16.646334453208834,182,5.771601802522483,,0.030345091407187937,0.6985603684616556,1.4902030775299446,0.626388838158222,147.17278323453695,10.556246319197781,0.9515244316090423,/data1/deasy/Himangi/breast_feature_extraction/Lobular_outputs/TCGA-GM-A2DO-01/tumor_core_wsi_summary.csv,TCGA-GM-A2DO,Alive,,,2596.0,0.0,,,,matched
TCGA-GM-A3NW-01Z-00-DX1.3B0324F0-4007-4390-AF26-3789A50684E5,TCGA-GM-A3NW-01,TCGA-GM-A3NW,8,8,107.45970120503043,48.91980225997501,0.4552385844311743,2675431.711923895,2675.431711923895,54.690157938615954,1799,16.74115952144286,1.5163621918649377,0.03484081399867521,0.555839657396598,1.7632927713688342,0.41239122370478204,100.38327917139169,10.45547352654351,0.950696847684293,/data1/deasy/Himangi/breast_feature_extraction/Lobular_outputs/TCGA-GM-A3NW-01/tumor_core_wsi_summary.csv,TCGA-GM-A3NW,Alive,,,3361.0,0.0,,,,matched
TCGA-GM-A3NY-01Z-00-DX1.BEED8B8F-5A1B-4CE2-BB5D-A7ED40551AE4,TCGA-GM-A3NY-01,TCGA-GM-A3NY,6,6,81.30456021156115,37.00909015866547,0.45519082893216306,1768391.878537918,1768.391878537918,47.782635859364916,1111,13.664670187122182,1.6694274732619678,0.04060341424298394,0.5482494644571968,1.68290710605756,0.3990267626053793,110.29250812589744,9.454316239526749,0.9552448821899199,/data1/deasy/Himangi/breast_feature_extraction/Lobular_outputs/TCGA-GM-A3NY-01/tumor_core_wsi_summary.csv,TCGA-GM-A3NY,Alive,,,1162.0,0.0,,,,matched
TCGA-GM-A3XG-01Z-00-DX1.68FFB600-8573-451F-8100-D11DB091F457,TCGA-GM-A3XG-01,TCGA-GM-A3XG,1,1,87.77070181243299,28.83007300419761,0.328470348406326,1026899.7810464343,1026.8997810464343,35.619048931888564,831,9.4678518325609,,0.17466191866592845,0.7486044860281864,1.5609280711262947,0.05645248464056737,125.79199100101722,12.5,0.9728397783325078,/data1/deasy/Himangi/breast_feature_extraction/Lobular_outputs/TCGA-GM-A3XG-01/tumor_core_wsi_summary.csv,TCGA-GM-A3XG,Alive,,,1330.0,0.0,,,,matched
TCGA-GM-A3XN-01Z-00-DX1.49F5C8AC-0328-4BC2-9FE2-E7150B7A42E2,TCGA-GM-A3XN-01,TCGA-GM-A3XN,14,14,61.3000639591688,9.683154088311325,0.15796319714708862,1132615.844943865,1132.6158449438649,116.96765688269505,1392,22.70796978168234,1.2262060847166214,0.189746457757227,0.6334765115374621,2.175330722630468,0.08075267784269607,107.18047746985705,18.175951715086484,0.948154351054148,/data1/deasy/Himangi/breast_feature_extraction/Lobular_outputs/TCGA-GM-A3XN-01/tumor_core_wsi_summary.csv,TCGA-GM-A3XN,Alive,,,2019.0,0.0,,,,matched
TCGA-GM-A4E0-01Z-00-DX1.55A5D765-AA35-4052-9185-6872B580F0F6,TCGA-GM-A4E0-01,TCGA-GM-A4E0,8,8,5.375825051725307,0.8487015689045001,0.15787373300627025,123116.97577753922,123.11697577753922,145.06509742459653,119,22.13613703106063,1.4270312153997056,0.10566670850067973,0.5983433616463228,1.8524719015069409,0.39015550481501626,98.67743327405437,9.311600953436162,0.7604973399269711,/data1/deasy/Himangi/breast_feature_extraction/Lobular_outputs/TCGA-GM-A4E0-01/tumor_core_wsi_summary.csv,TCGA-GM-A4E0,Alive,,,2191.0,0.0,,,,matched
TCGA-HN-A2OB-01Z-00-DX1.14F1FBFB-4540-43CE-9D79-5BC628640424,TCGA-HN-A2OB-01,TCGA-HN-A2OB,6,6,9.256806471340465,2.4845404819745767,0.26840147189712116,251534.30354729184,251.53430354729184,101.2397686301276,163,17.60866455452603,1.538383246972013,0.13547419070573546,0.6712789042580487,1.8671359846734332,0.2602679385288034,116.65298470129065,6.969960281297014,0.8526621263081532,/data1/deasy/Himangi/breast_feature_extraction/Lobular_outputs/TCGA-HN-A2OB-01/tumor_core_wsi_summary.csv,TCGA-HN-A2OB,Dead,1900.0,,1900.0,1.0,1900.0,62.42299794661191,5.201916495550993,matched
TCGA-JL-A3YW-01Z-00-DX1.827C5C53-9C30-4307-802A-5A7896828A7F,TCGA-JL-A3YW-01,TCGA-JL-A3YW,4,4,36.591171225976375,15.31274113309128,0.4184818528634754,945466.4199375251,945.4664199375251,61.74377348379152,723,19.758864659864628,1.3017345699756553,0.05129306638901511,0.6461956268808642,1.383998852777291,0.5400462943504425,111.8149990404412,13.394726230631946,0.9557266554348212,/data1/deasy/Himangi/breast_feature_extraction/Lobular_outputs/TCGA-JL-A3YW-01/tumor_core_wsi_summary.csv,TCGA-JL-A3YW,Alive,,,360.0,0.0,,,,matched
TCGA-JL-A3YX-01Z-00-DX1.0FE8F389-F79A-4CF8-A83C-420380A02552,TCGA-JL-A3YX-01,TCGA-JL-A3YX,6,6,144.32539180994297,61.782280641178104,0.42807630636843874,2982100.9194808668,2982.1009194808667,48.2678996070159,2540,17.599120765560343,1.5235545154124321,0.06304833601070335,0.5540155189061767,1.865729090700468,0.2838853324968295,109.7492410581644,11.092473419776484,0.9707785043071647,/data1/deasy/Himangi/breast_feature_extraction/Lobular_outputs/TCGA-JL-A3YX-01/tumor_core_wsi_summary.csv,TCGA-JL-A3YX,Alive,,,352.0,0.0,,,,matched
TCGA-LD-A66U-01Z-00-DX1.AEC25C62-0519-47ED-A85B-2A964BA2BA87,TCGA-LD-A66U-01,TCGA-LD-A66U,5,5,93.79960148899359,35.06594755792337,0.3738389822694289,2508508.415040199,2508.508415040199,71.53687807513377,2313,24.65895337808452,1.7743516567037951,0.0814089181749341,0.5817553087365719,2.080975951272073,0.0742408901419403,96.08640050998892,10.52298250025628,0.975484607976853,/data1/deasy/Himangi/breast_feature_extraction/Lobular_outputs/TCGA-LD-A66U-01/tumor_core_wsi_summary.csv,TCGA-LD-A66U,Alive,,,646.0,0.0,,,,matched
TCGA-LL-A440-01Z-00-DX1.6E031FD6-236C-49FA-B920-4CB120C59037,TCGA-LL-A440-01,TCGA-LL-A440,4,4,18.68953915501941,7.306540642275126,0.3909427932744304,229927.38271292503,229.92738271292504,31.468706460425544,164,8.774962220293958,1.4089058100313772,0.08626830298381143,0.7053813255231864,1.3640737066936746,0.4583058950594764,129.1616445911711,19.722188264220165,0.8857348198398167,/data1/deasy/Himangi/breast_feature_extraction/Lobular_outputs/TCGA-LL-A440-01/tumor_core_wsi_summary.csv,TCGA-LL-A440,Alive,,,759.0,0.0,,,,matched
TCGA-LL-A50Y-01Z-00-DX1.7F08413F-2C59-4322-9296-84F8CD3DF619,TCGA-LL-A50Y-01,TCGA-LL-A50Y,6,6,33.04406582828002,13.80449169031822,0.41776008321905583,521194.49949637504,521.194499496375,37.75542853648966,339,10.259028103916755,1.3822347085757904,0.07050340639537127,0.6456273795325679,1.8161434259674343,0.26462827739457057,129.68966010319832,12.54449518705118,0.9269248156007486,/data1/deasy/Himangi/breast_feature_extraction/Lobular_outputs/TCGA-LL-A50Y-01/tumor_core_wsi_summary.csv,TCGA-LL-A50Y,Alive,,,762.0,0.0,,,,matched
TCGA-LL-A5YL-01Z-00-DX1.164C74AB-87D5-46CC-9D96-33FE1F88DC80,TCGA-LL-A5YL-01,TCGA-LL-A5YL,11,11,104.24320814748705,25.254579587206525,0.2422659474512281,1877714.7288371352,1877.7147288371352,74.35145464818383,2047,19.63677093575085,1.2329711507759262,0.1338803682061944,0.6545973382810686,1.8569734792234307,0.0953030620555002,112.0414069643554,16.807381925933164,0.9594358220387902,/data1/deasy/Himangi/breast_feature_extraction/Lobular_outputs/TCGA-LL-A5YL-01/tumor_core_wsi_summary.csv,TCGA-LL-A5YL,Alive,,,519.0,0.0,,,,matched
TCGA-LL-A6FP-01Z-00-DX1.6261398A-7288-4924-BBE2-FC1949256E40,TCGA-LL-A6FP-01,TCGA-LL-A6FP,5,5,12.157048898120808,2.493791578067524,0.20513132742708676,250567.76976556468,250.5677697655647,100.47662842767853,217,17.849726674501003,1.5486058277974473,0.09169605545939975,0.6037890228822156,1.7760249353824469,0.35828456766476713,123.3074491233269,10.98391902611298,0.8575722426828694,/data1/deasy/Himangi/breast_feature_extraction/Lobular_outputs/TCGA-LL-A6FP-01/tumor_core_wsi_summary.csv,TCGA-LL-A6FP,Alive,,,0.0,0.0,,,,matched
TCGA-LQ-A4E4-01Z-00-DX1.CF422C39-614F-4F14-813B-95BB7B171977,TCGA-LQ-A4E4-01,TCGA-LQ-A4E4,13,13,101.54257622098504,54.05168083735319,0.5323055889356364,1714588.9882984767,1714.5889882984766,31.721288991138742,1239,12.20177826987164,1.4696625223747481,0.02405315327456493,0.6518262997162848,1.6649972038582668,0.829593070778274,107.71818873012353,9.362997831526473,0.9739214452212842,/data1/deasy/Himangi/breast_feature_extraction/Lobular_outputs/TCGA-LQ-A4E4-01/tumor_core_wsi_summary.csv,TCGA-LQ-A4E4,Alive,,,849.0,0.0,,,,matched
TCGA-OK-A5Q2-01Z-00-DX1.0D169898-37C6-44CA-AC87-27887123AA6F,TCGA-OK-A5Q2-01,TCGA-OK-A5Q2,18,18,45.27471493635439,10.103895905461528,0.2231686255709226,975829.5787267913,975.8295787267913,96.5795360381058,733,16.19005224064747,1.5766125451458783,0.135887951322829,0.6892715905976238,1.735893204278342,0.2039585786118001,114.67616247950069,16.012267625043847,0.9114614613487079,/data1/deasy/Himangi/breast_feature_extraction/Lobular_outputs/TCGA-OK-A5Q2-01/TCGA-OK-A5Q2-01Z-00-DX1.0D169898-37C6-44CA-AC87-27887123AA6F__tumor_core_wsi_summary.csv,TCGA-OK-A5Q2,Alive,,,64.0,0.0,,,,matched
TCGA-OK-A5Q2-01Z-00-DX2.C828A160-87DF-4625-A8C5-2057F61D54F4,TCGA-OK-A5Q2-01,TCGA-OK-A5Q2,14,14,46.91643580562177,8.417339917478058,0.1794113251132655,1308505.2291425038,1308.5052291425038,155.45353306042423,1069,22.785192047173947,1.5408192794098108,0.08351972685517495,0.6105062998875675,2.1182423240928263,0.21531055308213165,104.20171298277253,15.127957229921284,0.9264048074516447,/data1/deasy/Himangi/breast_feature_extraction/Lobular_outputs/TCGA-OK-A5Q2-01/TCGA-OK-A5Q2-01Z-00-DX2.C828A160-87DF-4625-A8C5-2057F61D54F4__tumor_core_wsi_summary.csv,TCGA-OK-A5Q2,Alive,,,64.0,0.0,,,,matched
TCGA-OK-A5Q2-01Z-00-DX3.5F9215C3-E407-46F8-968E-503D7D14605C,TCGA-OK-A5Q2-01,TCGA-OK-A5Q2,11,11,123.09310469732111,21.7075631516901,0.1763507647732808,2743028.710728972,2743.0287107289723,126.3628115031146,2315,18.80690234999314,1.6263608975305548,0.10921483670460766,0.6128684985547186,1.895783309181791,0.04053310895875748,109.96288627741556,13.210511431634012,0.9684701817192115,/data1/deasy/Himangi/breast_feature_extraction/Lobular_outputs/TCGA-OK-A5Q2-01/TCGA-OK-A5Q2-01Z-00-DX3.5F9215C3-E407-46F8-968E-503D7D14605C__tumor_core_wsi_summary.csv,TCGA-OK-A5Q2,Alive,,,64.0,0.0,,,,matched
TCGA-OK-A5Q2-01Z-00-DX4.83B45D6C-E350-4436-812F-4155D9F7D331,TCGA-OK-A5Q2-01,TCGA-OK-A5Q2,8,8,85.01076235528826,18.445115958539805,0.21697389186385038,1801363.0125263324,1801.3630125263323,97.66070414387008,1278,15.033390650689764,1.7272190773831089,0.09649743294809161,0.6004490343643896,1.8419587975105878,0.049457199396172435,110.51258774587544,11.934159900107288,0.9518149948727977,/data1/deasy/Himangi/breast_feature_extraction/Lobular_outputs/TCGA-OK-A5Q2-01/TCGA-OK-A5Q2-01Z-00-DX4.83B45D6C-E350-4436-812F-4155D9F7D331__tumor_core_wsi_summary.csv,TCGA-OK-A5Q2,Alive,,,64.0,0.0,,,,matched
TCGA-OL-A5DA-01Z-00-DX1.1B1E9CC4-7B42-43BB-A1D7-A26F1D1F8557,TCGA-OL-A5DA-01,TCGA-OL-A5DA,5,5,88.766271291193,41.95474068247624,0.4726428188567926,1938237.9481343348,1938.2379481343348,46.198305998442336,1209,13.620038134010837,1.076941295186037,0.04089842408526636,0.6395560516908047,1.4495578972566898,0.3940269839323309,113.1073666323663,9.437922380705166,0.9623871072164666,/data1/deasy/Himangi/breast_feature_extraction/Lobular_outputs/TCGA-OL-A5DA-01/tumor_core_wsi_summary.csv,TCGA-OL-A5DA,Alive,,,1783.0,0.0,,,,matched
TCGA-OL-A66J-01Z-00-DX1.661F7F70-E4D4-4875-B8C4-556F7927F3BA,TCGA-OL-A66J-01,TCGA-OL-A66J,10,10,67.94876508385765,22.125113803931004,0.3256146565228334,869388.3755675673,869.3883755675673,39.2941877394141,974,14.334329679103908,1.6870621038062645,0.15959235117065956,0.663993841485006,1.8979896829598875,0.1397088800095696,133.95360962948047,22.670571564820666,0.9435368671783554,/data1/deasy/Himangi/breast_feature_extraction/Lobular_outputs/TCGA-OL-A66J-01/tumor_core_wsi_summary.csv,TCGA-OL-A66J,Alive,,,1996.0,0.0,,,,matched
TCGA-OL-A66K-01Z-00-DX1.C1DC85F1-4FAE-4411-9886-11DCB5E70CC3,TCGA-OL-A66K-01,TCGA-OL-A66K,26,26,264.33999084236206,76.39940079781516,0.28901945768536996,4953872.931477844,4953.872931477844,64.84177728812125,6684,25.2856178843782,1.675326899846214,0.16187374577602148,0.6311777854256562,1.9833603655415775,0.04629214936355628,105.82232884190748,18.411449940479763,0.9784740633039798,/data1/deasy/Himangi/breast_feature_extraction/Lobular_outputs/TCGA-OL-A66K-01/tumor_core_wsi_summary.csv,TCGA-OL-A66K,Dead,1275.0,,1275.0,1.0,1275.0,41.889117043121146,3.490759753593429,matched
TCGA-OL-A66N-01Z-00-DX1.ABDA3014-7B3A-4D48-A415-CB9608491ECB,TCGA-OL-A66N-01,TCGA-OL-A66N,7,7,16.953473078882727,3.9467628860096373,0.23279966692640286,351319.4470858577,351.3194470858577,89.0145816287074,380,22.414286337194742,1.5920706940930882,0.13609219132348482,0.6325442940140362,1.798396799222713,0.2516235412846073,104.34740804658279,12.544644482206381,0.8871934115131308,/data1/deasy/Himangi/breast_feature_extraction/Lobular_outputs/TCGA-OL-A66N-01/tumor_core_wsi_summary.csv,TCGA-OL-A66N,Alive,,,792.0,0.0,,,,matched
TCGA-OL-A6VQ-01Z-00-DX1.E3B81163-0239-47C3-B53F-064405B58685,TCGA-OL-A6VQ-01,TCGA-OL-A6VQ,3,3,142.6882048170119,118.73996889169068,0.8321638711760848,541156.1228987935,541.1561228987936,4.557489175295406,178,1.2474752221339747,1.4632256535430939,0.02041764713263596,0.7144593829422791,1.1483696321457755,0.8930070842706053,204.970147252384,13.049069194979369,0.930330013276094,/data1/deasy/Himangi/breast_feature_extraction/Lobular_outputs/TCGA-OL-A6VQ-01/tumor_core_wsi_summary.csv,TCGA-OL-A6VQ,Alive,,,600.0,0.0,,,,matched
TCGA-PE-A5DC-01Z-00-DX1.8E6953AD-C14A-43F5-B062-E31AB13C7BDF,TCGA-PE-A5DC-01,TCGA-PE-A5DC,3,3,1.8654183414918375,0.20721538243275936,0.11108252654310359,31290.123009192375,31.290123009192374,151.00289680157266,46,24.659347974037964,1.3216833285657001,0.22695316408453817,0.7282617073381181,1.7622191460778203,0.22962673892007832,85.87855590595738,17.273954276304583,0.7764718374243749,/data1/deasy/Himangi/breast_feature_extraction/Lobular_outputs/TCGA-PE-A5DC-01/tumor_core_wsi_summary.csv,TCGA-PE-A5DC,Dead,1430.0,,1430.0,1.0,1430.0,46.98151950718686,3.915126625598905,matched
TCGA-PE-A5DD-01Z-00-DX1.E1EF11EC-B87B-49DE-A544-2E162F9AE789,TCGA-PE-A5DD-01,TCGA-PE-A5DD,2,2,0.7199980267642073,0.0747353344090404,0.10379936004118458,12344.858521017926,12.344858521017926,165.18101669890467,20,27.777853905910515,1.342915409684102,0.20365638601560995,0.6837843350775625,1.753522414197184,0.3694089643943017,97.00821924586711,17.100816292362587,0.568225347937975,/data1/deasy/Himangi/breast_feature_extraction/Lobular_outputs/TCGA-PE-A5DD-01/tumor_core_wsi_summary.csv,TCGA-PE-A5DD,Alive,,,1953.0,0.0,,,,matched
TCGA-PE-A5DE-01Z-00-DX1.88B354F2-5485-44AA-A057-89E40B988F69,TCGA-PE-A5DE-01,TCGA-PE-A5DE,2,2,0.5730235865876419,0.05714078537156306,0.09971803379305327,9980.245023406544,9.980245023406544,174.66062040465684,19,33.1574483925611,1.298868570849934,0.3119547779883409,0.7422952707935301,1.686046683262934,0.24272591734196464,69.56560922292302,12.12130993629327,0.6150782557235055,/data1/deasy/Himangi/breast_feature_extraction/Lobular_outputs/TCGA-PE-A5DE-01/tumor_core_wsi_summary.csv,TCGA-PE-A5DE,Alive,,,2645.0,0.0,,,,matched
TCGA-W8-A86G-01Z-00-DX2.DEC2CC1C-3662-43C6-A5CB-EC94B343FA3D,TCGA-W8-A86G-01,TCGA-W8-A86G,7,7,25.605766870658954,8.839956607525387,0.34523303489320145,306511.33315348823,306.51133315348824,34.67339793190359,236,9.216673774782619,1.402478613488336,0.16835410343373744,0.8036984908166559,1.5467235065195615,0.515119664510979,165.4544328246038,12.47725708897302,0.8784328925137516,/data1/deasy/Himangi/breast_feature_extraction/Lobular_outputs/TCGA-W8-A86G-01/tumor_core_wsi_summary.csv,TCGA-W8-A86G,Alive,,,347.0,0.0,,,,matched
TCGA-WT-AB44-01Z-00-DX1.B6ECEA7C-DA26-4B34-88CE-6834631DFA35,TCGA-WT-AB44-01,TCGA-WT-AB44,1,1,33.008384490486876,11.305955453898974,0.34251768538255445,711800.7476017271,711.8007476017272,62.95803574533414,931,28.204955024936687,1.6144966514785093,0.1333168414556676,0.6295332066652772,1.7279173437242414,0.12991055673482876,91.47267351509957,14.25,0.9517646036761953,/data1/deasy/Himangi/breast_feature_extraction/Lobular_outputs/TCGA-WT-AB44-01/tumor_core_wsi_summary.csv,TCGA-WT-AB44,Alive,,,883.0,0.0,,,,matched
TCGA-XX-A899-01Z-00-DX1.08FE27B7-73B8-4CE3-ACF4-0689C81C140B,TCGA-XX-A899-01,TCGA-XX-A899,7,7,51.834341558829394,15.752908101981529,0.30390871434341965,1543829.2481399623,1543.8292481399624,98.00280926832595,1494,28.82259048867023,1.6887953026915954,0.09087939381862817,0.5763267000071342,1.8050600719579233,0.08876625895664916,94.07519306341963,11.019249249490457,0.9652906493132,/data1/deasy/Himangi/breast_feature_extraction/Lobular_outputs/TCGA-XX-A899-01/tumor_core_wsi_summary.csv,TCGA-XX-A899,Alive,,,467.0,0.0,,,,matched
TCGA-XX-A89A-01Z-00-DX1.671E2AD6-4D1A-4579-88C1-5B0B15818126,TCGA-XX-A89A-01,TCGA-XX-A89A,16,16,55.90199177988674,11.486821483043478,0.20548143487038295,1335474.3570974919,1335.4743570974917,116.2614356868766,1310,23.43386985490795,1.5897165195167569,0.10997116140384589,0.6104987543689326,1.9028763779534095,0.22494151734880777,104.14003599723979,13.996836662057161,0.9187676356148926,/data1/deasy/Himangi/breast_feature_extraction/Lobular_outputs/TCGA-XX-A89A-01/tumor_core_wsi_summary.csv,TCGA-XX-A89A,Alive,,,488.0,0.0,,,,matched
TCGA-Z7-A8R5-01Z-00-DX1.3BDB407F-514C-4131-B058-FA1E69154276,TCGA-Z7-A8R5-01,TCGA-Z7-A8R5,10,10,25.92700052291317,5.974260118737907,0.23042619656130722,637483.7268447041,637.4837268447042,106.7050503618473,477,18.397808862558087,1.530187221942592,0.06909781334401674,0.6374661872313643,1.7635521268234597,0.37130577283683297,110.69609705546935,13.569389223559254,0.9276731463805133,/data1/deasy/Himangi/breast_feature_extraction/Lobular_outputs/TCGA-Z7-A8R5-01/tumor_core_wsi_summary.csv,TCGA-Z7-A8R5,Alive,,,3287.0,0.0,,,,matched
