tcga_case_id,vital_status,days_to_death,diagnosis_days_to_last_follow_up,followup_days_to_follow_up,OS_event,OS_days,OS_months,OS_years
TCGA-BH-A0B2,,,,,,,,
TCGA-A8-A08S,Alive,,,1004.0,0.0,,,
TCGA-A8-A09C,Alive,,,31.0,0.0,,,
TCGA-BH-A1F5,Dead,2712.0,,2712.0,1.0,2712.0,89.10061601642711,7.425051334702259
TCGA-A2-A0YT,Dead,723.0,,723.0,1.0,723.0,23.753593429158112,1.9794661190965093
TCGA-BH-A0B6,Alive,,,2483.0,0.0,,,
TCGA-A8-A093,Alive,,,546.0,0.0,,,
TCGA-A8-A084,Alive,,,458.0,0.0,,,
TCGA-A8-A09E,Alive,,,1492.0,0.0,,,
TCGA-A7-A0DC,Alive,,906.0,,0.0,906.0,29.765913757700204,2.4804928131416837
TCGA-A8-A08F,Alive,,,1004.0,0.0,,,
TCGA-LL-A6FP,Alive,,,0.0,0.0,,,
TCGA-A8-A06T,Alive,,,1614.0,0.0,,,
TCGA-AR-A2LR,Alive,,,1742.0,0.0,,,
TCGA-A8-A06U,Dead,883.0,,883.0,1.0,883.0,29.010266940451746,2.4175222450376452
TCGA-AQ-A0Y5,Dead,172.0,,172.0,1.0,172.0,5.650924024640657,0.47091033538672145
TCGA-A7-A0CD,Alive,,,1165.0,0.0,,,
TCGA-5L-AAT1,Alive,,,1471.0,0.0,,,
TCGA-GI-A2C8,Alive,,,225.0,0.0,,,
TCGA-A8-A09I,Alive,,,1371.0,0.0,,,
TCGA-AO-A0JI,Alive,,,1528.0,0.0,,,
TCGA-D8-A146,Alive,,,643.0,0.0,,,
TCGA-EW-A2FW,Alive,,,672.0,0.0,,,
TCGA-A8-A07E,Alive,,,608.0,0.0,,,
TCGA-A8-A091,Alive,,,1004.0,0.0,,,
TCGA-A8-A09K,Alive,,,912.0,0.0,,,
TCGA-AO-A0J5,Dead,792.0,,792.0,1.0,792.0,26.02053388090349,2.1683778234086244
TCGA-C8-A1HO,Alive,,,375.0,0.0,,,
TCGA-C8-A1HI,Alive,,,343.0,0.0,,,
TCGA-AR-A2LL,Alive,,,2012.0,0.0,,,
TCGA-A7-A0DA,Alive,,,1085.0,0.0,,,
TCGA-BH-A0BD,Alive,,,554.0,0.0,,,
TCGA-B6-A1KC,Alive,,,1326.0,0.0,,,
TCGA-A8-A07I,Alive,,,426.0,0.0,,,
TCGA-PL-A8LV,Alive,,,-7.0,0.0,,,
TCGA-GM-A2DO,Alive,,,2596.0,0.0,,,
TCGA-C8-A274,Alive,,,508.0,0.0,,,
TCGA-BH-A0C0,Alive,,,1270.0,0.0,,,
TCGA-AC-A2QH,Alive,,,1005.0,0.0,,,
TCGA-E2-A1L7,Alive,,,1836.0,0.0,,,
TCGA-AR-A0U0,Alive,,,1988.0,0.0,,,
TCGA-A8-A07G,Alive,,,577.0,0.0,,,
TCGA-BH-A28O,Alive,,,1120.0,0.0,,,
TCGA-A2-A0D4,Alive,,,767.0,0.0,,,
TCGA-AC-A62V,Dead,348.0,,348.0,1.0,348.0,11.433264887063656,0.9527720739219713
TCGA-D8-A1XU,Alive,,,395.0,0.0,,,
TCGA-B6-A0IK,Dead,571.0,,571.0,1.0,571.0,18.759753593429156,1.5633127994524298
TCGA-E9-A247,Alive,,,1186.0,0.0,,,
TCGA-AN-A0XW,Alive,,,170.0,0.0,,,
TCGA-E9-A1R4,Alive,,,186.0,0.0,,,
TCGA-AO-A1KQ,Alive,,,1882.0,0.0,,,
TCGA-AC-A8OP,Alive,,,614.0,0.0,,,
TCGA-D8-A143,Alive,,,431.0,0.0,,,
TCGA-BH-A18L,Dead,811.0,,811.0,1.0,811.0,26.64476386036961,2.220396988364134
TCGA-AC-A2FO,Alive,,,2255.0,0.0,,,
TCGA-BH-A18M,Dead,2207.0,,2207.0,1.0,2207.0,72.50924024640658,6.0424366872005475
TCGA-BH-A0B1,Alive,,,1148.0,0.0,,,
TCGA-BH-A18R,Dead,1142.0,,1142.0,1.0,1142.0,37.51950718685831,3.1266255989048597
TCGA-AO-A12B,Alive,,,2989.0,0.0,,,
TCGA-AR-A24Q,Alive,,,3172.0,0.0,,,
TCGA-GM-A5PX,Alive,,,551.0,0.0,,,
TCGA-AR-A1AX,Alive,,,2629.0,0.0,,,
TCGA-OL-A66N,Alive,,,792.0,0.0,,,
TCGA-A8-A099,Alive,,,304.0,0.0,,,
TCGA-E9-A1R2,Alive,,,1063.0,0.0,,,
TCGA-AO-A0J6,Alive,,,1140.0,0.0,,,
TCGA-A2-A0YM,Alive,,,965.0,0.0,,,
TCGA-D8-A73W,Dead,385.0,,385.0,1.0,385.0,12.648870636550308,1.054072553045859
TCGA-OL-A5RY,Alive,,,752.0,0.0,,,
TCGA-LL-A442,Alive,,,889.0,0.0,,,
TCGA-D8-A27R,Alive,,,307.0,0.0,,,
TCGA-E9-A22G,Alive,,,1239.0,0.0,,,
TCGA-A2-A4RW,Alive,,,222.0,0.0,,,
TCGA-E2-A1LE,Dead,879.0,,879.0,1.0,879.0,28.878850102669404,2.406570841889117
TCGA-3C-AAAU,Alive,,,4047.0,0.0,,,
TCGA-OL-A6VQ,Alive,,,600.0,0.0,,,
TCGA-B6-A0WV,Dead,2417.0,,2417.0,1.0,2417.0,79.40862422997947,6.617385352498289
TCGA-AR-A0U1,Alive,,,4052.0,0.0,,,
TCGA-AR-A2LM,Alive,,,1935.0,0.0,,,
TCGA-S3-A6ZH,Alive,,,641.0,0.0,,,
TCGA-A2-A0EP,Alive,,,3603.0,0.0,,,
TCGA-BH-A0B3,Alive,,,1203.0,0.0,,,
TCGA-EW-A1J1,Alive,,,575.0,0.0,,,
TCGA-LL-A9Q3,Alive,,,532.0,0.0,,,
TCGA-EW-A1P6,Alive,,,562.0,0.0,,,
TCGA-E2-A155,Alive,,,640.0,0.0,,,
TCGA-LL-A5YN,Alive,,,447.0,0.0,,,
TCGA-GI-A2C9,Alive,,,3342.0,0.0,,,
TCGA-A2-A0CZ,Alive,,,1616.0,0.0,,,
TCGA-A2-A0CO,Dead,1468.0,,1468.0,1.0,1468.0,48.2299794661191,4.0191649555099245
TCGA-E2-A14Y,Alive,,,2109.0,0.0,,,
TCGA-E2-A156,Alive,,,726.0,0.0,,,
TCGA-AR-A250,Alive,,,2707.0,0.0,,,
TCGA-BH-A0BS,Alive,,,2612.0,0.0,,,
TCGA-AR-A1AW,Alive,,,2632.0,0.0,,,
TCGA-E2-A109,Alive,,,1417.0,0.0,,,
TCGA-D8-A1XT,Alive,,,506.0,0.0,,,
TCGA-E2-A2P5,Dead,821.0,,821.0,1.0,821.0,26.973305954825463,2.2477754962354553
TCGA-E2-A572,Alive,,,1208.0,0.0,,,
TCGA-PE-A5DC,Dead,1430.0,,1430.0,1.0,1430.0,46.98151950718686,3.915126625598905
TCGA-BH-A0BP,Dead,2296.0,,2296.0,1.0,2296.0,75.43326488706366,6.286105407255304
TCGA-EW-A1OY,Alive,,,908.0,0.0,,,
TCGA-AC-A3OD,Alive,,,451.0,0.0,,,
TCGA-B6-A0RL,Dead,2469.0,,2469.0,1.0,2469.0,81.11704312114989,6.759753593429158
TCGA-E9-A1R0,Alive,,,860.0,0.0,,,
TCGA-E9-A1NA,Alive,,,1112.0,0.0,,,
TCGA-D8-A1JP,Alive,,,639.0,0.0,,,
TCGA-A2-A259,Alive,,,1596.0,0.0,,,
TCGA-A2-A3XS,Dead,1032.0,,1032.0,1.0,1032.0,33.90554414784394,2.8254620123203287
TCGA-E2-A1IO,Alive,,,1855.0,0.0,,,
TCGA-C8-A8HP,Alive,,,396.0,0.0,,,
TCGA-BH-A0W5,Alive,,,1288.0,0.0,,,
TCGA-AN-A03Y,Alive,,,10.0,0.0,,,
TCGA-BH-A0B8,Alive,,,1569.0,0.0,,,
TCGA-AN-A0FD,Alive,,,196.0,0.0,,,
TCGA-BH-A0DO,Alive,,,1644.0,0.0,,,
TCGA-B6-A1KI,Alive,,,2236.0,0.0,,,
TCGA-E9-A243,Alive,,,612.0,0.0,,,
TCGA-BH-A1FG,Dead,577.0,,577.0,1.0,577.0,18.95687885010267,1.5797399041752225
TCGA-AR-A24M,Alive,,,3660.0,0.0,,,
TCGA-D8-A1JH,Alive,,,426.0,0.0,,,
TCGA-AR-A1AT,Dead,1272.0,,1272.0,1.0,1272.0,41.790554414784395,3.482546201232033
TCGA-B6-A0IM,Dead,3873.0,,3873.0,1.0,3873.0,127.24435318275154,10.603696098562628
TCGA-E9-A5FL,Alive,,,24.0,0.0,,,
TCGA-3C-AALJ,Alive,,,1474.0,0.0,,,
TCGA-E2-A159,Alive,,,762.0,0.0,,,
TCGA-BH-A0BM,Alive,,,1876.0,0.0,,,
TCGA-E9-A3QA,Alive,,,918.0,0.0,,,
TCGA-GM-A2DA,Dead,6593.0,,6593.0,1.0,6593.0,216.60780287474333,18.050650239561943
TCGA-A2-A0YG,Alive,,,666.0,0.0,,,
TCGA-LL-A7T0,Alive,,,376.0,0.0,,,
TCGA-AC-A5XS,Alive,,,588.0,0.0,,,
TCGA-D8-A1JG,Alive,,,1612.0,0.0,,,
TCGA-OL-A66K,Dead,1275.0,,1275.0,1.0,1275.0,41.889117043121146,3.490759753593429
TCGA-AN-A0FN,Alive,,,218.0,0.0,,,
TCGA-E9-A22A,Alive,,,1189.0,0.0,,,
TCGA-BH-A1FU,Dead,1688.0,,1688.0,1.0,1688.0,55.45790554414784,4.621492128678987
TCGA-AR-A0TW,Alive,,,3009.0,0.0,,,
TCGA-E2-A15C,Alive,,,694.0,0.0,,,
TCGA-AR-A1AV,Alive,,,1864.0,0.0,,,
TCGA-E2-A15L,Alive,,,626.0,0.0,,,
TCGA-A1-A0SD,Alive,,,437.0,0.0,,,
TCGA-AR-A24R,Alive,,,3430.0,0.0,,,
TCGA-A8-A08H,Alive,,,0.0,0.0,,,
TCGA-AC-A2QI,Alive,,,588.0,0.0,,,
TCGA-AN-A0FZ,Alive,,,10.0,0.0,,,
TCGA-A7-A4SE,Alive,,,644.0,0.0,,,
TCGA-E9-A1NI,Alive,,,300.0,0.0,,,
TCGA-A8-A095,Alive,,,1277.0,0.0,,,
TCGA-AO-A129,Alive,,,3286.0,0.0,,,
TCGA-A2-A0CX,Alive,,,1728.0,0.0,,,
TCGA-AR-A0TZ,Dead,3262.0,,3262.0,1.0,3262.0,107.17043121149898,8.930869267624914
TCGA-A1-A0SH,Alive,,,1437.0,0.0,,,
TCGA-E9-A226,Dead,1048.0,,1048.0,1.0,1048.0,34.431211498973305,2.869267624914442
TCGA-OL-A5D7,Alive,,,1780.0,0.0,,,
TCGA-LD-A7W6,Alive,,,404.0,0.0,,,
TCGA-B6-A0RQ,Dead,4267.0,,4267.0,1.0,4267.0,140.18891170431212,11.682409308692677
TCGA-C8-A12Y,Alive,,,1476.0,0.0,,,
TCGA-BH-A0HB,Alive,,,806.0,0.0,,,
TCGA-AN-A0FF,Alive,,,172.0,0.0,,,
TCGA-D8-A1JS,Alive,,,371.0,0.0,,,
TCGA-B6-A0WT,Alive,,,5739.0,0.0,,,
TCGA-EW-A1PC,Alive,,,187.0,0.0,,,
TCGA-A7-A5ZV,Alive,,,368.0,0.0,,,
TCGA-A7-A26F,Alive,,,738.0,0.0,,,
TCGA-GM-A3NW,Alive,,,3361.0,0.0,,,
TCGA-C8-A12V,Alive,,,385.0,0.0,,,
TCGA-E9-A1R7,Alive,,,1467.0,0.0,,,
TCGA-A2-A0EO,Alive,,,2442.0,0.0,,,
TCGA-E2-A15G,Alive,,,554.0,0.0,,,
TCGA-BH-A1FB,Dead,3669.0,,3669.0,1.0,3669.0,120.54209445585215,10.04517453798768
TCGA-D8-A27T,Alive,,,398.0,0.0,,,
TCGA-D8-A1JN,Alive,,,620.0,0.0,,,
TCGA-A2-A1G6,Alive,,,501.0,0.0,,,
TCGA-BH-A0HW,Alive,,,1561.0,0.0,,,
TCGA-C8-A1HN,Alive,,,394.0,0.0,,,
TCGA-A7-A26H,Alive,,,724.0,0.0,,,
TCGA-A2-A4S0,Alive,,,706.0,0.0,,,
TCGA-BH-A5J0,Alive,,,715.0,0.0,,,
TCGA-E2-A1B1,Alive,,,2653.0,0.0,,,
TCGA-D8-A3Z6,Alive,,,563.0,0.0,,,
TCGA-AR-A255,Alive,,,2161.0,0.0,,,
TCGA-A7-A5ZX,Alive,,,336.0,0.0,,,
TCGA-GM-A5PV,Alive,,,412.0,0.0,,,
TCGA-D8-A1XD,Alive,,,522.0,0.0,,,
TCGA-D8-A1JI,Alive,,,577.0,0.0,,,
TCGA-AN-A0FT,Alive,,,214.0,0.0,,,
TCGA-EW-A1J2,Alive,,,403.0,0.0,,,
TCGA-UL-AAZ6,Alive,,,518.0,0.0,,,
TCGA-EW-A423,Alive,,,533.0,0.0,,,
TCGA-E2-A153,Alive,,,707.0,0.0,,,
TCGA-AC-A3HN,Alive,,,496.0,0.0,,,
TCGA-C8-A26Y,Alive,,,0.0,0.0,,,
TCGA-B6-A0RT,Alive,,,2721.0,0.0,,,
TCGA-A2-A0CY,Alive,,,1673.0,0.0,,,
TCGA-BH-A1F8,Dead,1.0,,1.0,1.0,1.0,0.03285420944558522,0.0027378507871321013
TCGA-A2-A1G1,Alive,,,584.0,0.0,,,
TCGA-A8-A08J,Dead,1127.0,,1127.0,1.0,1127.0,37.02669404517454,3.0855578370978782
TCGA-OL-A66H,Alive,,,812.0,0.0,,,
TCGA-D8-A3Z5,Alive,,,1015.0,0.0,,,
TCGA-C8-A12M,Alive,,,358.0,0.0,,,
TCGA-AQ-A04L,Alive,,,3957.0,0.0,,,
TCGA-AO-A0J8,Alive,,,680.0,0.0,,,
TCGA-BH-A0WA,Alive,,,701.0,0.0,,,
TCGA-A2-A0CQ,Alive,,,2695.0,0.0,,,
TCGA-BH-A0AV,Alive,,,1820.0,0.0,,,
TCGA-BH-A0W7,Alive,,,1363.0,0.0,,,
TCGA-A2-A25C,Alive,,,523.0,0.0,,,
TCGA-AC-A23E,Alive,,,698.0,0.0,,,
TCGA-BH-A0C3,Alive,,,2709.0,0.0,,,
TCGA-AC-A3W7,Alive,,,471.0,0.0,,,
TCGA-BH-A0GY,Alive,,,923.0,0.0,,,
TCGA-A2-A0EQ,Alive,,,2426.0,0.0,,,
TCGA-OL-A5RZ,Alive,,,679.0,0.0,,,
TCGA-A7-A6VX,Alive,,,317.0,0.0,,,
TCGA-BH-A0DE,Alive,,,2372.0,0.0,,,
TCGA-EW-A1PH,Alive,,,607.0,0.0,,,
TCGA-AR-A1AN,Alive,,,2920.0,0.0,,,
TCGA-AR-A1AS,Alive,,,1150.0,0.0,,,
TCGA-OL-A5S0,Alive,,,620.0,0.0,,,
TCGA-OL-A5RX,Alive,,,878.0,0.0,,,
TCGA-A2-A0T7,Alive,,,631.0,0.0,,,
TCGA-LD-A9QF,Alive,,,323.0,0.0,,,
TCGA-B6-A0I9,Dead,362.0,,362.0,1.0,362.0,11.893223819301848,0.9911019849418207
TCGA-BH-A0H9,Alive,,,1247.0,0.0,,,
TCGA-BH-A1EO,Dead,2798.0,,2798.0,1.0,2798.0,91.92607802874743,7.660506502395619
TCGA-BH-A0BQ,Alive,,,2255.0,0.0,,,
TCGA-GM-A2DH,Alive,,,2193.0,0.0,,,
TCGA-BH-A0BF,Dead,1324.0,,1324.0,1.0,1324.0,43.49897330595483,3.6249144421629023
TCGA-AQ-A54N,Alive,,,78.0,0.0,,,
TCGA-BH-A209,Dead,3959.0,,3959.0,1.0,3959.0,130.06981519507187,10.839151266255989
TCGA-E2-A15M,Dead,336.0,,336.0,1.0,336.0,11.039014373716633,0.919917864476386
TCGA-BH-A8G0,Alive,,,662.0,0.0,,,
TCGA-D8-A13Z,Alive,,,635.0,0.0,,,
TCGA-A2-A4RY,Alive,,,648.0,0.0,,,
TCGA-E9-A1RI,Alive,,,1449.0,0.0,,,
TCGA-C8-A273,Alive,,,513.0,0.0,,,
TCGA-BH-A0DP,Alive,,,476.0,0.0,,,
TCGA-WT-AB44,Alive,,,883.0,0.0,,,
TCGA-E2-A1IJ,Alive,,,865.0,0.0,,,
TCGA-AR-A0TQ,Alive,,,2991.0,0.0,,,
TCGA-AR-A2LJ,Alive,,,2632.0,0.0,,,
TCGA-EW-A1IW,Alive,,,371.0,0.0,,,
TCGA-A8-A083,Alive,,,0.0,0.0,,,
TCGA-A2-A0EN,Alive,,,4088.0,0.0,,,
TCGA-E2-A574,Alive,,,1179.0,0.0,,,
TCGA-BH-A8FY,Dead,295.0,,295.0,1.0,295.0,9.69199178644764,0.8076659822039699
TCGA-A8-A08O,Alive,,,943.0,0.0,,,
TCGA-D8-A1XC,Dead,377.0,,377.0,1.0,377.0,12.386036960985626,1.0321697467488022
TCGA-AC-A3QP,Alive,,,675.0,0.0,,,
TCGA-EW-A1P8,Dead,239.0,,239.0,1.0,239.0,7.852156057494867,0.6543463381245722
TCGA-3C-AALK,Alive,,,1448.0,0.0,,,
TCGA-AO-A0J9,Alive,,,1613.0,0.0,,,
TCGA-A2-A3KD,Alive,,,1206.0,0.0,,,
TCGA-AC-A8OR,Alive,,,40.0,0.0,,,
TCGA-AC-A2FK,Alive,,,2650.0,0.0,,,
TCGA-E2-A56Z,Alive,,,252.0,0.0,,,
TCGA-GM-A2DK,Alive,,,2645.0,0.0,,,
TCGA-BH-A0GZ,Alive,,,328.0,0.0,,,
TCGA-E9-A1R6,Alive,,,339.0,0.0,,,
TCGA-AO-A03M,Alive,,,1866.0,0.0,,,
TCGA-AO-A12H,Alive,,,1234.0,0.0,,,
TCGA-B6-A0WY,Dead,3461.0,,3461.0,1.0,3461.0,113.70841889117042,9.475701574264203
TCGA-AR-A24X,Alive,,,3004.0,0.0,,,
TCGA-A2-A0CV,Alive,,,3011.0,0.0,,,
TCGA-D8-A145,Alive,,,410.0,0.0,,,
TCGA-BH-A1F6,Dead,2965.0,,2965.0,1.0,2965.0,97.41273100616016,8.11772758384668
TCGA-D8-A1XJ,Alive,,,664.0,0.0,,,
TCGA-BH-A0BL,Alive,,,2278.0,0.0,,,
TCGA-A2-A0EY,Alive,,,1925.0,0.0,,,
TCGA-A2-A1FV,Alive,,,714.0,0.0,,,
TCGA-D8-A27I,Alive,,,439.0,0.0,,,
TCGA-D8-A1JT,Alive,,,405.0,0.0,,,
TCGA-OK-A5Q2,Alive,,,64.0,0.0,,,
TCGA-D8-A1X7,Alive,,,509.0,0.0,,,
TCGA-EW-A1IX,Alive,,,1208.0,0.0,,,
TCGA-C8-A275,Alive,,,1.0,0.0,,,
TCGA-A7-A4SF,Alive,,,545.0,0.0,,,
TCGA-E9-A229,Alive,,,1148.0,0.0,,,
TCGA-AR-A24H,Alive,,,4894.0,0.0,,,
TCGA-EW-A1J5,Alive,,,477.0,0.0,,,
TCGA-A8-A07O,Alive,,,304.0,0.0,,,
TCGA-E9-A5UO,Alive,,,785.0,0.0,,,
TCGA-LL-A740,Alive,,,441.0,0.0,,,
TCGA-AR-A0TU,Alive,,,709.0,0.0,,,
TCGA-E2-A1L6,Alive,,,1648.0,0.0,,,
TCGA-E2-A14T,Alive,,,2311.0,0.0,,,
TCGA-E2-A1LB,Alive,,,2306.0,0.0,,,
TCGA-EW-A6SB,Alive,,,760.0,0.0,,,
TCGA-BH-A0C7,Alive,,,2767.0,0.0,,,
TCGA-E2-A15S,Alive,,,428.0,0.0,,,
TCGA-LL-A8F5,Alive,,,596.0,0.0,,,
TCGA-A8-A07R,Alive,,,273.0,0.0,,,
TCGA-E9-A54Y,Alive,,,725.0,0.0,,,
TCGA-EW-A1OZ,Alive,,,1229.0,0.0,,,
TCGA-A7-A3J1,Alive,,,343.0,0.0,,,
TCGA-PL-A8LZ,Alive,,,302.0,0.0,,,
TCGA-EW-A3E8,Alive,,,1035.0,0.0,,,
TCGA-E2-A1LS,Alive,,,1604.0,0.0,,,
TCGA-BH-A1ES,Dead,3462.0,,3462.0,1.0,3462.0,113.74127310061601,9.478439425051334
TCGA-A2-A04Q,Alive,,,2385.0,0.0,,,
TCGA-A7-A2KD,Alive,,,679.0,0.0,,,
TCGA-AR-A24S,Alive,,,2976.0,0.0,,,
TCGA-LL-A6FQ,Alive,,,80.0,0.0,,,
TCGA-A8-A07U,Alive,,,760.0,0.0,,,
TCGA-B6-A0RS,Dead,3063.0,,3063.0,1.0,3063.0,100.63244353182752,8.386036960985626
TCGA-BH-A0BV,Alive,,,1519.0,0.0,,,
TCGA-AR-A1AP,Alive,,,2856.0,0.0,,,
TCGA-AR-A1AK,Alive,,,3159.0,0.0,,,
TCGA-AC-A2BK,Alive,,,2222.0,0.0,,,
TCGA-AO-A0J7,Alive,,,618.0,0.0,,,
TCGA-A2-A0EV,Alive,,,968.0,0.0,,,
TCGA-C8-A3M7,Dead,1034.0,,1034.0,1.0,1034.0,33.97125256673511,2.830937713894593
TCGA-A2-A0T0,Alive,,,533.0,0.0,,,
TCGA-C8-A12T,Alive,,,0.0,0.0,,,
TCGA-AN-A0XS,Alive,,,10.0,0.0,,,
TCGA-E2-A1IF,Alive,,,1138.0,0.0,,,
TCGA-AN-A0AJ,Alive,,,303.0,0.0,,,
TCGA-AR-A0U4,Alive,,,3261.0,0.0,,,
TCGA-OL-A66J,Alive,,,1996.0,0.0,,,
TCGA-C8-A9FZ,Alive,,,592.0,0.0,,,
TCGA-AC-A5XU,Alive,,,455.0,0.0,,,
TCGA-EW-A6SC,Alive,,,952.0,0.0,,,
TCGA-A2-A04X,Alive,,,1686.0,0.0,,,
TCGA-A2-A0CU,Dead,158.0,,158.0,1.0,158.0,5.190965092402464,0.432580424366872
TCGA-E2-A15A,Alive,,,710.0,0.0,,,
TCGA-A7-A3RF,Alive,,,408.0,0.0,,,
TCGA-A2-A0ER,Alive,,,2263.0,0.0,,,
TCGA-B6-A0IG,Dead,4456.0,,4456.0,1.0,4456.0,146.39835728952772,12.199863107460644
TCGA-BH-A0DT,Alive,,,2403.0,0.0,,,
TCGA-E2-A14N,Alive,,,1434.0,0.0,,,
TCGA-B6-A408,Alive,,,2072.0,0.0,,,
TCGA-AR-A1AU,Alive,,,2868.0,0.0,,,
TCGA-AO-A12A,Alive,,,3112.0,0.0,,,
TCGA-A2-A0D2,Alive,,,1027.0,0.0,,,
TCGA-AO-A0JE,Alive,,,2335.0,0.0,,,
TCGA-AR-A2LH,Dead,616.0,,616.0,1.0,616.0,20.238193018480494,1.6865160848733745
TCGA-PL-A8LY,Alive,,,8.0,0.0,,,
TCGA-BH-A18I,Alive,,,1093.0,0.0,,,
TCGA-AR-A5QM,Alive,,,2231.0,0.0,,,
TCGA-D8-A1Y1,Dead,302.0,,302.0,1.0,302.0,9.921971252566735,0.8268309377138946
TCGA-D8-A1JA,Alive,,,502.0,0.0,,,
TCGA-BH-A1EW,Dead,1694.0,,1694.0,1.0,1694.0,55.65503080082136,4.63791923340178
TCGA-LD-A66U,Alive,,,646.0,0.0,,,
TCGA-A8-A09G,Alive,,,0.0,0.0,,,
TCGA-A7-A0CE,Alive,,,1074.0,0.0,,,
TCGA-AO-A0J3,Alive,,,651.0,0.0,,,
TCGA-A7-A0CH,Alive,,,1079.0,0.0,,,
TCGA-EW-A1OX,Alive,,,911.0,0.0,,,
TCGA-AN-A04C,Alive,,,54.0,0.0,,,
TCGA-E9-A1RD,Alive,,,34.0,0.0,,,
TCGA-A1-A0SO,Alive,,,852.0,0.0,,,
TCGA-AR-A254,Alive,,,2605.0,0.0,,,
TCGA-GM-A2DI,Alive,,,2590.0,0.0,,,
TCGA-AR-A24W,Alive,,,1550.0,0.0,,,
TCGA-BH-A0E1,Alive,,,477.0,0.0,,,
TCGA-A7-A0CG,Alive,,,1043.0,0.0,,,
TCGA-HN-A2OB,Dead,1900.0,,1900.0,1.0,1900.0,62.42299794661191,5.201916495550993
TCGA-AR-A1AO,Alive,,,2618.0,0.0,,,
TCGA-C8-A8HQ,Alive,,,380.0,0.0,,,
TCGA-D8-A1J8,Alive,,,431.0,0.0,,,
TCGA-GM-A4E0,Alive,,,2191.0,0.0,,,
TCGA-LL-A441,Alive,,,996.0,0.0,,,
TCGA-E2-A573,Alive,,,1062.0,0.0,,,
TCGA-BH-A1F2,Dead,959.0,,959.0,1.0,959.0,31.50718685831622,2.625598904859685
TCGA-BH-A0BR,Alive,,,2330.0,0.0,,,
TCGA-A7-A3IY,Alive,,,345.0,0.0,,,
TCGA-E9-A1RH,Alive,,,1417.0,0.0,,,
TCGA-BH-A18V,Dead,1556.0,,1556.0,1.0,1556.0,51.121149897330596,4.26009582477755
TCGA-BH-A0E6,Alive,,,293.0,0.0,,,
TCGA-AR-A2LQ,Alive,,,1233.0,0.0,,,
TCGA-A7-A26J,Alive,,,627.0,0.0,,,
TCGA-C8-A133,Alive,,,0.0,0.0,,,
TCGA-E9-A22B,Alive,,,1167.0,0.0,,,
TCGA-BH-A0H3,Alive,,,1928.0,0.0,,,
TCGA-BH-A1FC,Dead,3472.0,,3472.0,1.0,3472.0,114.06981519507187,9.505817932922655
TCGA-E2-A1II,Alive,,,1025.0,0.0,,,
TCGA-D8-A1XS,Alive,,,496.0,0.0,,,
TCGA-BH-A42T,Dead,320.0,,320.0,1.0,320.0,10.513347022587268,0.8761122518822724
TCGA-AR-A1AQ,Alive,,,3021.0,0.0,,,
TCGA-GM-A2D9,Dead,1812.0,,1812.0,1.0,1812.0,59.53182751540041,4.960985626283367
TCGA-A2-A0SW,Dead,1365.0,,1365.0,1.0,1365.0,44.84599589322382,3.7371663244353184
TCGA-AO-A03L,Alive,,,2442.0,0.0,,,
TCGA-AQ-A04J,Alive,,,819.0,0.0,,,
TCGA-AR-A24O,Alive,,,3607.0,0.0,,,
TCGA-V7-A7HQ,Alive,,,2033.0,0.0,,,
TCGA-A8-A0A7,Alive,,,30.0,0.0,,,
TCGA-AO-A1KR,Alive,,,2513.0,0.0,,,
TCGA-A2-A04W,Alive,,,3102.0,0.0,,,
TCGA-C8-A12N,Alive,,,358.0,0.0,,,
TCGA-LL-A5YO,Alive,,,440.0,0.0,,,
TCGA-A8-A08A,Alive,,,30.0,0.0,,,
TCGA-D8-A4Z1,Alive,,,659.0,0.0,,,
TCGA-A2-A1FZ,Alive,,,683.0,0.0,,,
TCGA-E9-A3HO,Alive,,,1158.0,0.0,,,
TCGA-D8-A1XY,Alive,,,503.0,0.0,,,
TCGA-EW-A1P7,Alive,,,915.0,0.0,,,
TCGA-AC-A5EI,Alive,,,442.0,0.0,,,
TCGA-B6-A0IQ,Alive,,,4285.0,0.0,,,
TCGA-AC-A2FB,Alive,,,1234.0,0.0,,,
TCGA-E2-A2P6,Alive,,,1051.0,0.0,,,
TCGA-D8-A1JC,Alive,,,480.0,0.0,,,
TCGA-E9-A1N5,Alive,,,1120.0,0.0,,,
TCGA-BH-A0DX,Alive,,,2156.0,0.0,,,
TCGA-E2-A14O,Alive,,,1359.0,0.0,,,
TCGA-E9-A1N3,Alive,,,1059.0,0.0,,,
TCGA-BH-A0DS,Alive,,,78.0,0.0,,,
TCGA-S3-A6ZF,Alive,,,572.0,0.0,,,
TCGA-AC-A3BB,Alive,,,987.0,0.0,,,
TCGA-BH-A0HP,Alive,,,414.0,0.0,,,
TCGA-C8-A1HF,Alive,,,332.0,0.0,,,
TCGA-A2-A0CP,Alive,,,2813.0,0.0,,,
TCGA-A2-A0ES,Alive,,,2190.0,0.0,,,
TCGA-A2-A3XZ,Alive,,,1532.0,0.0,,,
TCGA-BH-A0DQ,Alive,,,98.0,0.0,,,
TCGA-C8-A26W,Alive,,,381.0,0.0,,,
TCGA-C8-A1HL,Alive,,,317.0,0.0,,,
TCGA-BH-A1FR,Dead,1642.0,,1642.0,1.0,1642.0,53.946611909650926,4.4955509924709105
TCGA-A2-A3XU,Dead,912.0,,912.0,1.0,912.0,29.963039014373717,2.4969199178644765
TCGA-B6-A0RI,Alive,,,7126.0,0.0,,,
TCGA-AN-A0XT,Alive,,,10.0,0.0,,,
TCGA-LL-A73Z,Dead,227.0,,227.0,1.0,227.0,7.457905544147844,0.621492128678987
TCGA-S3-AA15,Alive,,,525.0,0.0,,,
TCGA-E9-A245,Dead,,,26.0,,,,
TCGA-AQ-A1H3,Alive,,,989.0,0.0,,,
TCGA-AC-A2B8,Alive,,,677.0,0.0,,,
TCGA-C8-A12O,Alive,,,385.0,0.0,,,
TCGA-GM-A2DB,Alive,,,2406.0,0.0,,,
TCGA-A2-A4S1,Alive,,,820.0,0.0,,,
TCGA-BH-A0HY,Alive,,,1545.0,0.0,,,
TCGA-EW-A1PF,Alive,,,439.0,0.0,,,
TCGA-BH-A204,Dead,2534.0,,2534.0,1.0,2534.0,83.25256673511294,6.937713894592744
TCGA-AN-A0AT,Alive,,,10.0,0.0,,,
TCGA-A2-A0T3,Alive,,,1516.0,0.0,,,
TCGA-AC-A62Y,Alive,,,530.0,0.0,,,
TCGA-A7-A13H,Alive,,,899.0,0.0,,,
TCGA-BH-A1EY,Dead,538.0,,538.0,1.0,538.0,17.675564681724847,1.4729637234770705
TCGA-BH-A0W4,Alive,,,759.0,0.0,,,
TCGA-A8-A079,Alive,,,274.0,0.0,,,
TCGA-A2-A0D0,Alive,,,2048.0,0.0,,,
TCGA-B6-A0RE,Alive,,,7777.0,0.0,,,
TCGA-A1-A0SQ,Alive,,,554.0,0.0,,,
TCGA-A8-A08T,Dead,3409.0,,3409.0,1.0,3409.0,112.0,9.333333333333334
TCGA-LL-A7SZ,Alive,,,594.0,0.0,,,
TCGA-AN-A04D,Alive,,,52.0,0.0,,,
TCGA-BH-AB28,Alive,,,287.0,0.0,,,
TCGA-BH-A0BA,Alive,,,1132.0,0.0,,,
TCGA-A2-A0D3,Alive,,,1873.0,0.0,,,
TCGA-AC-A7VC,Alive,,,1.0,0.0,,,
TCGA-E2-A150,Alive,,,1935.0,0.0,,,
TCGA-A2-A0YD,Alive,,,769.0,0.0,,,
TCGA-E9-A1RA,Alive,,,1369.0,0.0,,,
TCGA-A1-A0SF,Alive,,,1463.0,0.0,,,
TCGA-A8-A0A4,Alive,,,396.0,0.0,,,
TCGA-EW-A1PA,Alive,,,575.0,0.0,,,
TCGA-BH-A1ET,Dead,2520.0,,2520.0,1.0,2520.0,82.79260780287474,6.899383983572895
TCGA-E9-A227,Alive,,,975.0,0.0,,,
TCGA-PE-A5DE,Alive,,,2645.0,0.0,,,
TCGA-C8-A132,Alive,,,383.0,0.0,,,
TCGA-BH-A0E2,Alive,,,435.0,0.0,,,
TCGA-A8-A08L,Dead,30.0,,30.0,1.0,30.0,0.9856262833675564,0.08213552361396304
TCGA-D8-A1XG,Alive,,,448.0,0.0,,,
TCGA-AN-A0FV,Alive,,,10.0,0.0,,,
TCGA-AN-A0FY,Alive,,,10.0,0.0,,,
TCGA-5T-A9QA,Alive,,,303.0,0.0,,,
TCGA-E2-A15J,Alive,,,1640.0,0.0,,,
TCGA-AO-A12D,Alive,,,2515.0,0.0,,,
TCGA-BH-A0H7,Alive,,,702.0,0.0,,,
TCGA-E2-A3DX,Alive,,,1325.0,0.0,,,
TCGA-AC-A3W6,Alive,,,0.0,0.0,,,
TCGA-BH-A0B7,Alive,,,2559.0,0.0,,,
TCGA-D8-A73X,Alive,,,767.0,0.0,,,
TCGA-BH-A1F0,Dead,785.0,,785.0,1.0,785.0,25.790554414784395,2.1492128678986995
TCGA-B6-A0X4,Dead,860.0,,860.0,1.0,860.0,28.254620123203285,2.3545516769336072
TCGA-BH-A18U,Dead,1563.0,,1563.0,1.0,1563.0,51.351129363449694,4.2792607802874745
TCGA-A7-A425,Alive,,,447.0,0.0,,,
TCGA-E2-A14U,Alive,,,1318.0,0.0,,,
TCGA-S3-AA10,Alive,,,586.0,0.0,,,
TCGA-E2-A154,Alive,,,591.0,0.0,,,
TCGA-AR-A1AJ,Alive,,,2383.0,0.0,,,
TCGA-E9-A1RE,Alive,,,1419.0,0.0,,,
TCGA-BH-A18J,Dead,612.0,,612.0,1.0,612.0,20.10677618069815,1.675564681724846
TCGA-AO-A126,Alive,,,3307.0,0.0,,,
TCGA-A8-A09V,Alive,,,457.0,0.0,,,
TCGA-BH-A0BT,Alive,,,2365.0,0.0,,,
TCGA-AO-A0JA,Alive,,,655.0,0.0,,,
TCGA-AC-A3YI,Alive,,,707.0,0.0,,,
TCGA-AC-A3YJ,Alive,,,754.0,0.0,,,
TCGA-BH-A8FZ,Alive,,,574.0,0.0,,,
TCGA-E2-A1LK,Dead,266.0,,266.0,1.0,266.0,8.739219712525667,0.7282683093771389
TCGA-A7-A13D,Alive,,,965.0,0.0,,,
TCGA-B6-A0X0,Dead,3945.0,,3945.0,1.0,3945.0,129.6098562628337,10.80082135523614
TCGA-E2-A14P,Alive,,,1246.0,0.0,,,
TCGA-AO-A1KT,Alive,,,541.0,0.0,,,
TCGA-BH-A0BG,Alive,,,1871.0,0.0,,,
TCGA-BH-A202,Alive,,,795.0,0.0,,,
TCGA-WT-AB41,Alive,,,1611.0,0.0,,,
TCGA-A8-A06Y,Alive,,,791.0,0.0,,,
TCGA-A8-A07L,Alive,,,975.0,0.0,,,
TCGA-EW-A1P4,Alive,,,907.0,0.0,,,
TCGA-AR-A5QQ,Dead,322.0,,322.0,1.0,322.0,10.57905544147844,0.8815879534565366
TCGA-D8-A1JD,Alive,,,552.0,0.0,,,
TCGA-C8-A27A,Alive,,,747.0,0.0,,,
TCGA-E9-A248,Alive,,,59.0,0.0,,,
TCGA-BH-A201,Alive,,,856.0,0.0,,,
TCGA-A8-A085,Alive,,,1124.0,0.0,,,
TCGA-BH-A1FL,Dead,1673.0,,1673.0,1.0,1673.0,54.965092402464066,4.5804243668720055
TCGA-AR-A24V,Alive,,,3203.0,0.0,,,
TCGA-B6-A0IB,Dead,3941.0,,3941.0,1.0,3941.0,129.47843942505133,10.789869952087612
TCGA-AC-A8OQ,Alive,,,34.0,0.0,,,
TCGA-E9-A22H,Alive,,,1232.0,0.0,,,
TCGA-C8-A12P,Alive,,,358.0,0.0,,,
TCGA-B6-A0IN,Dead,2573.0,,2573.0,1.0,2573.0,84.53388090349075,7.044490075290897
TCGA-A2-A3Y0,Alive,,,1546.0,0.0,,,
TCGA-BH-A1FH,Dead,1034.0,,1034.0,1.0,1034.0,33.97125256673511,2.830937713894593
TCGA-AN-A0XV,Alive,,,162.0,0.0,,,
TCGA-A7-A0D9,Alive,,,1139.0,0.0,,,
TCGA-A2-A1FX,Alive,,,1847.0,0.0,,,
TCGA-AR-A2LO,Alive,,,1198.0,0.0,,,
TCGA-D8-A27V,Alive,,,381.0,0.0,,,
TCGA-D8-A27M,Alive,,,410.0,0.0,,,
TCGA-A2-A0YF,Alive,,,1535.0,0.0,,,
TCGA-BH-A0H6,Alive,,,747.0,0.0,,,
TCGA-OL-A66L,Alive,,,1301.0,0.0,,,
TCGA-D8-A1JU,Alive,,,447.0,0.0,,,
TCGA-A8-A0AD,Alive,,,1157.0,0.0,,,
TCGA-EW-A2FR,Alive,,,1673.0,0.0,,,
TCGA-PE-A5DD,Alive,,,1953.0,0.0,,,
TCGA-E2-A105,Alive,,,1308.0,0.0,,,
TCGA-A2-A0T4,Alive,,,624.0,0.0,,,
TCGA-Z7-A8R6,Alive,,,3256.0,0.0,,,
TCGA-A8-A09A,Alive,,,304.0,0.0,,,
TCGA-A2-A0YL,Alive,,,1474.0,0.0,,,
TCGA-C8-A1HE,Alive,,,375.0,0.0,,,
TCGA-E9-A1NH,Alive,,,576.0,0.0,,,
TCGA-A7-A26I,Alive,,,661.0,0.0,,,
TCGA-E9-A5FK,Alive,,,812.0,0.0,,,
TCGA-BH-A203,Dead,1174.0,,1174.0,1.0,1174.0,38.57084188911704,3.2142368240930868
TCGA-GM-A2DD,Alive,,,2282.0,0.0,,,
TCGA-E9-A2JT,Alive,,,288.0,0.0,,,
TCGA-A8-A07B,Alive,,,1308.0,0.0,,,
TCGA-A2-A04T,Alive,,,2246.0,0.0,,,
TCGA-E2-A1IL,Alive,,,118.0,0.0,,,
TCGA-A8-A07C,Alive,,,1034.0,0.0,,,
TCGA-AC-A2FM,Dead,792.0,,792.0,1.0,792.0,26.02053388090349,2.1683778234086244
TCGA-B6-A1KF,Alive,,,3088.0,0.0,,,
TCGA-BH-A0HQ,Alive,,,1121.0,0.0,,,
TCGA-AO-A0JF,Alive,,,1980.0,0.0,,,
TCGA-A2-A04R,Alive,,,3709.0,0.0,,,
TCGA-EW-A1PE,Alive,,,320.0,0.0,,,
TCGA-D8-A1XW,Alive,,,1309.0,0.0,,,
TCGA-AN-A03X,Alive,,,10.0,0.0,,,
TCGA-EW-A1PB,Alive,,,608.0,0.0,,,
TCGA-E2-A1AZ,Alive,,,2329.0,0.0,,,
TCGA-C8-A26V,Alive,,,616.0,0.0,,,
TCGA-AO-A0J4,Alive,,,1587.0,0.0,,,
TCGA-D8-A1JL,Alive,,,611.0,0.0,,,
TCGA-A2-A25A,Alive,,,3276.0,0.0,,,
TCGA-AR-A0TP,Alive,,,4275.0,0.0,,,
TCGA-EW-A6SA,Alive,,,510.0,0.0,,,
TCGA-EW-A2FV,Alive,,,788.0,0.0,,,
TCGA-A8-A090,Alive,,,0.0,0.0,,,
TCGA-AN-A0XR,Alive,,,10.0,0.0,,,
TCGA-A8-A08X,Alive,,,1308.0,0.0,,,
TCGA-EW-A1OW,Alive,,,694.0,0.0,,,
TCGA-EW-A6SD,Alive,,,1010.0,0.0,,,
TCGA-BH-A1FJ,Dead,1927.0,,1927.0,1.0,1927.0,63.31006160164271,5.27583846680356
TCGA-A7-A4SB,Alive,,,418.0,0.0,,,
TCGA-AC-A2FE,Dead,2636.0,,2636.0,1.0,2636.0,86.60369609856262,7.216974674880219
TCGA-D8-A1XV,Alive,,,461.0,0.0,,,
TCGA-E2-A1LI,Alive,,,3121.0,0.0,,,
TCGA-D8-A1XR,Alive,,,482.0,0.0,,,
TCGA-A2-A0SV,Dead,825.0,,825.0,1.0,825.0,27.104722792607802,2.2587268993839835
TCGA-LL-A5YM,Alive,,,394.0,0.0,,,
TCGA-A8-A06Q,Alive,,,31.0,0.0,,,
TCGA-LL-A73Y,Alive,,,477.0,0.0,,,
TCGA-AO-A03N,Alive,,,2031.0,0.0,,,
TCGA-E2-A14W,Alive,,,974.0,0.0,,,
TCGA-E2-A15O,Alive,,,289.0,0.0,,,
TCGA-A2-A0CM,Dead,754.0,,754.0,1.0,754.0,24.772073921971252,2.0643394934976045
TCGA-D8-A1X5,Alive,,,565.0,0.0,,,
TCGA-AN-A0AR,Alive,,,10.0,0.0,,,
TCGA-AR-A1AM,Alive,,,2991.0,0.0,,,
TCGA-E2-A1IH,Alive,,,1026.0,0.0,,,
TCGA-D8-A13Y,Alive,,,1728.0,0.0,,,
TCGA-A2-A3XV,Alive,,,996.0,0.0,,,
TCGA-A2-A0SX,Alive,,,1534.0,0.0,,,
TCGA-E2-A15F,Alive,,,658.0,0.0,,,
TCGA-AN-A0XO,Alive,,,375.0,0.0,,,
TCGA-AR-A1AR,Dead,524.0,,524.0,1.0,524.0,17.215605749486652,1.434633812457221
TCGA-B6-A0WS,Dead,2965.0,,2965.0,1.0,2965.0,97.41273100616016,8.11772758384668
TCGA-B6-A0I5,Alive,,,8556.0,0.0,,,
TCGA-A8-A07S,Alive,,,243.0,0.0,,,
TCGA-E2-A1LG,Alive,,,1523.0,0.0,,,
TCGA-BH-A0HA,Alive,,,1611.0,0.0,,,
TCGA-B6-A0WW,Dead,558.0,,558.0,1.0,558.0,18.33264887063655,1.5277207392197125
TCGA-E2-A576,Alive,,,1043.0,0.0,,,
TCGA-A7-A56D,Alive,,,448.0,0.0,,,
TCGA-BH-A1EU,Dead,1286.0,,1286.0,1.0,1286.0,42.25051334702259,3.5208761122518824
TCGA-AR-A2LE,Alive,,,5062.0,0.0,,,
TCGA-E2-A15P,Alive,,,595.0,0.0,,,
TCGA-C8-A27B,Alive,,,439.0,0.0,,,
TCGA-AR-A24T,Alive,,,3202.0,0.0,,,
TCGA-E9-A1NG,Dead,786.0,,786.0,1.0,786.0,25.82340862422998,2.1519507186858315
TCGA-EW-A1P5,Alive,,,703.0,0.0,,,
TCGA-AN-A0FJ,Alive,,,242.0,0.0,,,
TCGA-3C-AALI,Alive,,,4005.0,0.0,,,
TCGA-BH-A0DI,Alive,,,912.0,0.0,,,
TCGA-BH-A18P,Dead,921.0,,921.0,1.0,921.0,30.258726899383984,2.521560574948665
TCGA-EW-A1P1,Alive,,,1210.0,0.0,,,
TCGA-D8-A1JK,Alive,,,0.0,0.0,,,
TCGA-AC-A23G,Alive,,,2248.0,0.0,,,
TCGA-C8-A130,Alive,,,370.0,0.0,,,
TCGA-A2-A0EW,Dead,1884.0,,1884.0,1.0,1884.0,61.89733059548254,5.158110882956879
TCGA-AC-A6NO,Alive,,,51.0,0.0,,,
TCGA-A1-A0SN,Alive,,,1196.0,0.0,,,
TCGA-AN-A0XN,Alive,,,10.0,0.0,,,
TCGA-AO-A0J2,Alive,,,997.0,0.0,,,
TCGA-BH-A0E7,Alive,,,1363.0,0.0,,,
TCGA-A2-A4RX,Alive,,,742.0,0.0,,,
TCGA-B6-A0IP,Dead,3926.0,,3926.0,1.0,3926.0,128.98562628336757,10.74880219028063
TCGA-A1-A0SB,Alive,,,259.0,0.0,,,
TCGA-AC-A2FG,Alive,,,1853.0,0.0,,,
TCGA-AR-A0TR,Dead,160.0,,160.0,1.0,160.0,5.256673511293634,0.4380561259411362
TCGA-D8-A27N,Alive,,,519.0,0.0,,,
TCGA-AO-A03O,Dead,2483.0,,2483.0,1.0,2483.0,81.57700205338809,6.798083504449007
TCGA-AC-A8OS,Alive,,,70.0,0.0,,,
TCGA-D8-A1J9,Alive,,,532.0,0.0,,,
TCGA-A7-A0CJ,Alive,,,931.0,0.0,,,
TCGA-BH-A0BJ,Alive,,,660.0,0.0,,,
TCGA-AO-A124,Alive,,,3506.0,0.0,,,
TCGA-A8-A06R,Alive,,,547.0,0.0,,,
TCGA-E2-A14Z,Dead,563.0,,563.0,1.0,563.0,18.496919917864478,1.541409993155373
TCGA-E9-A6HE,Alive,,,847.0,0.0,,,
TCGA-E2-A1LH,Alive,,,3247.0,0.0,,,
TCGA-AO-A0JD,Alive,,,2190.0,0.0,,,
TCGA-C8-A3M8,Alive,,,394.0,0.0,,,
TCGA-EW-A3U0,Alive,,,532.0,0.0,,,
TCGA-GM-A2DF,Alive,,,2155.0,0.0,,,
TCGA-B6-A0RH,Dead,6456.0,,6456.0,1.0,6456.0,212.10677618069815,17.675564681724847
TCGA-A2-A25B,Alive,,,1291.0,0.0,,,
TCGA-A7-A3J0,Alive,,,313.0,0.0,,,
TCGA-AR-A0TX,Alive,,,1972.0,0.0,,,
TCGA-B6-A0RM,Dead,2373.0,,2373.0,1.0,2373.0,77.96303901437372,6.496919917864476
TCGA-OL-A5D6,Dead,1104.0,,1104.0,1.0,1104.0,36.271047227926076,3.02258726899384
TCGA-BH-A18Q,Dead,1692.0,,1692.0,1.0,1692.0,55.58932238193019,4.632443531827516
TCGA-BH-A0BZ,Alive,,,2255.0,0.0,,,
TCGA-BH-A1FE,Dead,2273.0,,2273.0,1.0,2273.0,74.6776180698152,6.223134839151267
TCGA-E2-A1B4,Dead,1004.0,,1004.0,1.0,1004.0,32.98562628336756,2.74880219028063
TCGA-A2-A0SU,Alive,,,1662.0,0.0,,,
TCGA-A7-A6VV,Alive,,,313.0,0.0,,,
TCGA-E9-A1RF,Alive,,,200.0,0.0,,,
TCGA-BH-A0BW,Alive,,,2371.0,0.0,,,
TCGA-C8-A8HR,Alive,,,408.0,0.0,,,
TCGA-D8-A1JF,Alive,,,366.0,0.0,,,
TCGA-A8-A097,Alive,,,365.0,0.0,,,
TCGA-GM-A2DC,Alive,,,2535.0,0.0,,,
TCGA-B6-A0IA,Alive,,,8391.0,0.0,,,
TCGA-AO-A03T,Alive,,,2124.0,0.0,,,
TCGA-BH-A0EE,Alive,,,943.0,0.0,,,
TCGA-BH-A0DG,Alive,,,2041.0,0.0,,,
TCGA-E2-A15K,Alive,,,275.0,0.0,,,
TCGA-BH-A0HF,Alive,,,727.0,0.0,,,
TCGA-A7-A4SC,Alive,,,446.0,0.0,,,
TCGA-D8-A1JJ,Alive,,,611.0,0.0,,,
TCGA-BH-A0EB,Alive,,,745.0,0.0,,,
TCGA-E2-A1IG,Alive,,,2140.0,0.0,,,
TCGA-D8-A1XB,Alive,,,552.0,0.0,,,
TCGA-A2-A04N,Alive,,,4354.0,0.0,,,
TCGA-BH-A1FD,Dead,1009.0,,1009.0,1.0,1009.0,33.14989733059548,2.7624914442162902
TCGA-E2-A1L8,Alive,,,2240.0,0.0,,,
TCGA-S3-A6ZG,Alive,,,562.0,0.0,,,
TCGA-C8-A134,Alive,,,383.0,0.0,,,
TCGA-E2-A107,Alive,,,1047.0,0.0,,,
TCGA-AR-A24Z,Alive,,,3001.0,0.0,,,
TCGA-AN-A0AK,Alive,,,224.0,0.0,,,
TCGA-LD-A7W5,Alive,,,216.0,0.0,,,
TCGA-B6-A0X5,Dead,2097.0,,2097.0,1.0,2097.0,68.8952772073922,5.7412731006160165
TCGA-E9-A1ND,Alive,,,1266.0,0.0,,,
TCGA-AR-A0TS,Alive,,,2558.0,0.0,,,
TCGA-E9-A22E,Alive,,,1269.0,0.0,,,
TCGA-A2-A04V,Dead,1920.0,,1920.0,1.0,1920.0,63.08008213552361,5.256673511293634
TCGA-A7-A0DB,Alive,,,1007.0,0.0,,,
TCGA-A8-A06P,Alive,,,396.0,0.0,,,
TCGA-BH-A28Q,Alive,,,1119.0,0.0,,,
TCGA-AR-A252,Alive,,,2838.0,0.0,,,
TCGA-BH-A0DK,Alive,,,423.0,0.0,,,
TCGA-E2-A15R,Alive,,,1732.0,0.0,,,
TCGA-E2-A15H,Alive,,,393.0,0.0,,,
TCGA-E2-A158,Alive,,,450.0,0.0,,,
TCGA-AC-A7VB,Alive,,,250.0,0.0,,,
TCGA-GM-A2DL,Alive,,,3519.0,0.0,,,
TCGA-A8-A09T,Alive,,,579.0,0.0,,,
TCGA-E2-A152,Alive,,,2128.0,0.0,,,
TCGA-EW-A1PD,Alive,,,424.0,0.0,,,
TCGA-AR-A24P,Alive,,,84.0,0.0,,,
TCGA-S3-AA11,Alive,,,421.0,0.0,,,
TCGA-AO-A03P,Dead,2911.0,,2911.0,1.0,2911.0,95.63860369609856,7.969883641341547
TCGA-EW-A2FS,Alive,,,1604.0,0.0,,,
TCGA-AQ-A7U7,Dead,584.0,,584.0,1.0,584.0,19.186858316221766,1.5989048596851472
TCGA-BH-A0C1,Dead,1411.0,,1411.0,1.0,1411.0,46.35728952772074,3.863107460643395
TCGA-D8-A1XL,Alive,,,606.0,0.0,,,
TCGA-AR-A256,Dead,2854.0,,2854.0,1.0,2854.0,93.7659137577002,7.813826146475017
TCGA-A7-A426,Alive,,,364.0,0.0,,,
TCGA-AC-A5EH,Alive,,,511.0,0.0,,,
TCGA-A2-A0CR,Alive,,,3283.0,0.0,,,
TCGA-AQ-A1H2,Alive,,,475.0,0.0,,,
TCGA-AO-A0JL,Alive,,,1683.0,0.0,,,
TCGA-BH-A0EI,Alive,,,1926.0,0.0,,,
TCGA-E9-A3Q9,Alive,,,1001.0,0.0,,,
TCGA-A8-A08B,Alive,,,1156.0,0.0,,,
TCGA-A2-A1G4,Alive,,,595.0,0.0,,,
TCGA-E2-A106,Alive,,,2541.0,0.0,,,
TCGA-A8-A08Z,Alive,,,1217.0,0.0,,,
TCGA-A8-A096,Alive,,,0.0,0.0,,,
TCGA-AC-A2FF,Alive,,,2759.0,0.0,,,
TCGA-E2-A1BC,Alive,,,501.0,0.0,,,
TCGA-AC-A4ZE,Alive,,,890.0,0.0,,,
TCGA-BH-A0B0,Alive,,,2477.0,0.0,,,
TCGA-EW-A1IZ,Alive,,,554.0,0.0,,,
TCGA-B6-A400,Alive,,,215.0,0.0,,,
TCGA-AO-A1KO,Alive,,,622.0,0.0,,,
TCGA-AC-A2QJ,Dead,446.0,,446.0,1.0,446.0,14.652977412731007,1.2210814510609171
TCGA-AR-A0TY,Dead,1699.0,,1699.0,1.0,1699.0,55.81930184804928,4.65160848733744
TCGA-EW-A1PG,Alive,,,1051.0,0.0,,,
TCGA-AO-A128,Alive,,,3248.0,0.0,,,
TCGA-A1-A0SE,Alive,,,1321.0,0.0,,,
TCGA-OL-A6VR,Alive,,,1220.0,0.0,,,
TCGA-D8-A27P,Alive,,,49.0,0.0,,,
TCGA-BH-A0DD,Alive,,,2486.0,0.0,,,
TCGA-BH-A0AW,Alive,,,622.0,0.0,,,
TCGA-A8-A0A2,Alive,,,579.0,0.0,,,
TCGA-C8-A26Z,Alive,,,470.0,0.0,,,
TCGA-E2-A10E,Alive,,,865.0,0.0,,,
TCGA-BH-A0HU,Alive,,,392.0,0.0,,,
TCGA-A8-A07F,Alive,,,577.0,0.0,,,
TCGA-E2-A15T,Alive,,,1563.0,0.0,,,
TCGA-A2-A25F,Alive,,,322.0,0.0,,,
TCGA-E2-A15D,Alive,,,526.0,0.0,,,
TCGA-A2-A3XX,Dead,1439.0,,1439.0,1.0,1439.0,47.27720739219713,3.9397672826830936
TCGA-BH-A1EN,Dead,2127.0,,2127.0,1.0,2127.0,69.88090349075975,5.823408624229979
TCGA-AN-A0FL,Alive,,,231.0,0.0,,,
TCGA-A7-A6VY,Alive,,,266.0,0.0,,,
TCGA-E2-A14V,Alive,,,1042.0,0.0,,,
TCGA-C8-A1HG,Alive,,,345.0,0.0,,,
TCGA-A2-A3XW,Alive,,,1712.0,0.0,,,
TCGA-D8-A27H,Alive,,,397.0,0.0,,,
TCGA-E2-A1BD,Alive,,,1133.0,0.0,,,
TCGA-A2-A3XT,Alive,,,2770.0,0.0,,,
TCGA-OL-A5D8,Alive,,,973.0,0.0,,,
TCGA-BH-A1FN,Dead,2192.0,,2192.0,1.0,2192.0,72.0164271047228,6.0013689253935665
TCGA-C8-A138,Alive,,,380.0,0.0,,,
TCGA-BH-A0BO,Alive,,,2197.0,0.0,,,
TCGA-A2-A0ET,Alive,,,1066.0,0.0,,,
TCGA-B6-A1KN,Alive,,,4233.0,0.0,,,
TCGA-D8-A1Y2,Alive,,,433.0,0.0,,,
TCGA-A8-A09X,Dead,426.0,,426.0,1.0,426.0,13.995893223819301,1.1663244353182751
TCGA-E9-A5UP,Alive,,,803.0,0.0,,,
TCGA-D8-A1Y3,Alive,,,430.0,0.0,,,
TCGA-A2-A0YH,Alive,,,659.0,0.0,,,
TCGA-E9-A1NF,Dead,1072.0,,1072.0,1.0,1072.0,35.219712525667354,2.9349760438056127
TCGA-D8-A1JB,Alive,,,1688.0,0.0,,,
TCGA-BH-A208,Dead,1759.0,,1759.0,1.0,1759.0,57.790554414784395,4.815879534565366
TCGA-D8-A27G,Alive,,,409.0,0.0,,,
TCGA-A2-A1G0,Alive,,,616.0,0.0,,,
TCGA-AO-A03V,Alive,,,1351.0,0.0,,,
TCGA-AR-A1AH,Alive,,,3807.0,0.0,,,
TCGA-BH-A0HL,Alive,,,72.0,0.0,,,
TCGA-BH-A0DL,Alive,,,2381.0,0.0,,,
TCGA-AR-A0U3,Alive,,,4080.0,0.0,,,
TCGA-A2-A25E,Alive,,,3204.0,0.0,,,
TCGA-BH-A2L8,Alive,,,612.0,0.0,,,
TCGA-B6-A0WX,Dead,639.0,,639.0,1.0,639.0,20.993839835728952,1.7494866529774127
TCGA-EW-A1J3,Alive,,,504.0,0.0,,,
TCGA-GM-A3NY,Alive,,,1162.0,0.0,,,
TCGA-A2-A0CL,Alive,,,3015.0,0.0,,,
TCGA-E2-A1IK,Alive,,,1800.0,0.0,,,
TCGA-E2-A108,Alive,,,837.0,0.0,,,
TCGA-E2-A10A,Alive,,,1229.0,0.0,,,
TCGA-GM-A2DM,Alive,,,3226.0,0.0,,,
TCGA-A1-A0SP,Alive,,,584.0,0.0,,,
TCGA-B6-A402,Alive,,,2330.0,0.0,,,
TCGA-A8-A08I,Alive,,,365.0,0.0,,,
TCGA-JL-A3YX,Alive,,,352.0,0.0,,,
TCGA-BH-A0E9,Alive,,,2489.0,0.0,,,
TCGA-A8-A08P,Alive,,,943.0,0.0,,,
TCGA-AC-A2BM,Alive,,,3022.0,0.0,,,
TCGA-A1-A0SM,Alive,,,242.0,0.0,,,
TCGA-A8-A075,Alive,,,518.0,0.0,,,
TCGA-C8-A278,Alive,,,297.0,0.0,,,
TCGA-A8-A08C,Alive,,,881.0,0.0,,,
TCGA-E9-A1QZ,Alive,,,755.0,0.0,,,
TCGA-A2-A0YJ,Alive,,,566.0,0.0,,,
TCGA-D8-A27W,Alive,,,373.0,0.0,,,
TCGA-BH-A1EX,Dead,1508.0,,1508.0,1.0,1508.0,49.544147843942504,4.128678986995209
TCGA-E2-A1IN,Alive,,,675.0,0.0,,,
TCGA-AN-A0AS,Alive,,,10.0,0.0,,,
TCGA-B6-A0IE,Dead,1993.0,,1993.0,1.0,1993.0,65.47843942505133,5.456536618754278
TCGA-AC-A23H,Dead,0.0,,0.0,1.0,0.0,0.0,0.0
TCGA-BH-A6R8,Alive,,,293.0,0.0,,,
TCGA-BH-A1FM,Dead,1388.0,,1388.0,1.0,1388.0,45.60164271047228,3.800136892539357
TCGA-A2-A1FW,Alive,,,528.0,0.0,,,
TCGA-BH-A0H0,Alive,,,461.0,0.0,,,
TCGA-D8-A141,Alive,,,626.0,0.0,,,
TCGA-AR-A2LN,Alive,,,1161.0,0.0,,,
TCGA-BH-A18S,Dead,2009.0,,2009.0,1.0,2009.0,66.00410677618069,5.500342231348392
TCGA-BH-A0HN,Alive,,,516.0,0.0,,,
TCGA-BH-A6R9,Alive,,,160.0,0.0,,,
TCGA-AR-A24K,Alive,,,1548.0,0.0,,,
TCGA-C8-A12L,Alive,,,363.0,0.0,,,
TCGA-BH-A18T,Dead,224.0,,224.0,1.0,224.0,7.359342915811088,0.6132785763175906
TCGA-AO-A0JM,Alive,,,2184.0,0.0,,,
TCGA-UU-A93S,Dead,116.0,,116.0,1.0,116.0,3.811088295687885,0.31759069130732376
TCGA-E2-A14S,Alive,,,1009.0,0.0,,,
TCGA-B6-A0RP,Dead,3126.0,,3126.0,1.0,3126.0,102.70225872689939,8.558521560574949
TCGA-GM-A2DN,Alive,,,3091.0,0.0,,,
TCGA-D8-A27K,Alive,,,1461.0,0.0,,,
TCGA-BH-A42V,Alive,,,635.0,0.0,,,
TCGA-AR-A0U2,Dead,2551.0,,2551.0,1.0,2551.0,83.81108829568788,6.98425735797399
TCGA-AO-A0JG,Alive,,,798.0,0.0,,,
TCGA-AO-A12G,Alive,,,1639.0,0.0,,,
TCGA-AO-A1KS,Alive,,,350.0,0.0,,,
TCGA-A7-A26G,Alive,,,722.0,0.0,,,
TCGA-B6-A0IH,Dead,2965.0,,2965.0,1.0,2965.0,97.41273100616016,8.11772758384668
TCGA-BH-A0B9,Alive,,,1572.0,0.0,,,
TCGA-A8-A09B,Alive,,,365.0,0.0,,,
TCGA-A2-A0CK,Alive,,,4159.0,0.0,,,
TCGA-B6-A0X7,Dead,1781.0,,1781.0,1.0,1781.0,58.51334702258727,4.876112251882272
TCGA-W8-A86G,Alive,,,347.0,0.0,,,
TCGA-E9-A1RC,Alive,,,1224.0,0.0,,,
TCGA-A8-A081,Alive,,,0.0,0.0,,,
TCGA-B6-A0I1,Dead,2361.0,,2361.0,1.0,2361.0,77.56878850102669,6.464065708418891
TCGA-AC-A62X,Alive,,,417.0,0.0,,,
TCGA-A8-A082,Alive,,,549.0,0.0,,,
TCGA-A1-A0SK,Dead,967.0,,967.0,1.0,967.0,31.770020533880903,2.647501711156742
TCGA-E2-A1L9,Alive,,,598.0,0.0,,,
TCGA-A1-A0SG,Alive,,,434.0,0.0,,,
TCGA-E2-A9RU,Alive,,,0.0,0.0,,,
TCGA-BH-A0B5,Alive,,,2136.0,0.0,,,
TCGA-C8-A131,Alive,,,411.0,0.0,,,
TCGA-D8-A1XF,Alive,,,463.0,0.0,,,
TCGA-AR-A251,Alive,,,3030.0,0.0,,,
TCGA-A7-A13E,Dead,614.0,,614.0,1.0,614.0,20.17248459958932,1.68104038329911
TCGA-A8-A07P,Alive,,,334.0,0.0,,,
TCGA-C8-A1HK,Alive,,,366.0,0.0,,,
TCGA-BH-A0B4,Alive,,,1191.0,0.0,,,
TCGA-A8-A09W,Alive,,,30.0,0.0,,,
TCGA-EW-A424,Alive,,,715.0,0.0,,,
TCGA-AN-A0XL,Alive,,,163.0,0.0,,,
TCGA-BH-A0DZ,Alive,,,495.0,0.0,,,
TCGA-C8-A12Q,Dead,385.0,,385.0,1.0,385.0,12.648870636550308,1.054072553045859
TCGA-B6-A401,Alive,,,2596.0,0.0,,,
TCGA-BH-A0DH,Alive,,,1156.0,0.0,,,
TCGA-AC-A6IV,Alive,,,568.0,0.0,,,
TCGA-E9-A1R3,Alive,,,78.0,0.0,,,
TCGA-AR-A1AL,Alive,,,2971.0,0.0,,,
TCGA-AO-A12F,Alive,,,1842.0,0.0,,,
TCGA-A8-A06N,Alive,,,0.0,0.0,,,
TCGA-D8-A142,Alive,,,425.0,0.0,,,
TCGA-A2-A04P,Dead,548.0,,548.0,1.0,548.0,18.0041067761807,1.5003422313483916
TCGA-A2-A0T2,Dead,255.0,,255.0,1.0,255.0,8.37782340862423,0.6981519507186859
TCGA-B6-A0RV,Alive,,,5156.0,0.0,,,
TCGA-EW-A6S9,Alive,,,463.0,0.0,,,
TCGA-D8-A1X6,Alive,,,541.0,0.0,,,
TCGA-XX-A89A,Alive,,,488.0,0.0,,,
TCGA-E2-A570,Alive,,,931.0,0.0,,,
TCGA-AN-A0XP,Alive,,,9.0,0.0,,,
TCGA-E2-A1LA,Alive,,,748.0,0.0,,,
TCGA-E9-A1NC,Alive,,,1203.0,0.0,,,
TCGA-D8-A1Y0,Alive,,,472.0,0.0,,,
TCGA-E9-A22D,Alive,,,1248.0,0.0,,,
TCGA-AN-A046,Alive,,,10.0,0.0,,,
TCGA-S3-AA0Z,Alive,,,629.0,0.0,,,
TCGA-A2-A0CS,Dead,2348.0,,2348.0,1.0,2348.0,77.14168377823408,6.4284736481861735
TCGA-E9-A1N6,Dead,678.0,,678.0,1.0,678.0,22.275154004106778,1.8562628336755647
TCGA-BH-A0HI,Alive,,,620.0,0.0,,,
TCGA-BH-A18G,Alive,,,149.0,0.0,,,
TCGA-E2-A1B6,Alive,,,867.0,0.0,,,
TCGA-E9-A1R5,Alive,,,92.0,0.0,,,
TCGA-AN-A0FW,Alive,,,11.0,0.0,,,
TCGA-B6-A0RO,Alive,,,4929.0,0.0,,,
TCGA-E2-A10F,Alive,,,878.0,0.0,,,
TCGA-A2-A0YK,Alive,,,588.0,0.0,,,
TCGA-E2-A15I,Alive,,,1692.0,0.0,,,
TCGA-B6-A0IC,Dead,0.0,,0.0,1.0,0.0,0.0,0.0
TCGA-MS-A51U,Alive,,,681.0,0.0,,,
TCGA-A2-A0SY,Alive,,,1347.0,0.0,,,
TCGA-LL-A50Y,Alive,,,762.0,0.0,,,
TCGA-D8-A1XM,Alive,,,538.0,0.0,,,
TCGA-GM-A3XG,Alive,,,1330.0,0.0,,,
TCGA-S3-AA14,Alive,,,529.0,0.0,,,
TCGA-Z7-A8R5,Alive,,,3287.0,0.0,,,
TCGA-BH-A0AY,Alive,,,777.0,0.0,,,
TCGA-A8-A07J,Alive,,,365.0,0.0,,,
TCGA-B6-A3ZX,Dead,1152.0,,1152.0,1.0,1152.0,37.84804928131417,3.154004106776181
TCGA-A8-A0A9,Alive,,,822.0,0.0,,,
TCGA-C8-A12X,Alive,,,385.0,0.0,,,
TCGA-E9-A1RB,Dead,976.0,,976.0,1.0,976.0,32.06570841889117,2.6721423682409307
TCGA-OL-A97C,Alive,,,275.0,0.0,,,
TCGA-E9-A3X8,Alive,,,926.0,0.0,,,
TCGA-A8-A06X,Dead,943.0,,943.0,1.0,943.0,30.981519507186857,2.5817932922655715
TCGA-C8-A26X,Alive,,,376.0,0.0,,,
TCGA-AC-A3QQ,Alive,,,734.0,0.0,,,
TCGA-AO-A12C,Alive,,,2372.0,0.0,,,
TCGA-AN-A0G0,Alive,,,16.0,0.0,,,
TCGA-A8-A08G,Alive,,,607.0,0.0,,,
TCGA-BH-A0DV,Alive,,,2064.0,0.0,,,
TCGA-E2-A1B5,Alive,,,984.0,0.0,,,
TCGA-D8-A73U,Alive,,,492.0,0.0,,,
TCGA-A2-A0YI,Alive,,,1505.0,0.0,,,
TCGA-D8-A1XK,Alive,,,441.0,0.0,,,
TCGA-D8-A1XA,Alive,,,839.0,0.0,,,
TCGA-A8-A09N,Alive,,,31.0,0.0,,,
TCGA-C8-A135,Alive,,,393.0,0.0,,,
TCGA-D8-A1X9,Alive,,,727.0,0.0,,,
TCGA-AC-A6IX,Alive,,,373.0,0.0,,,
TCGA-OL-A66I,Alive,,,714.0,0.0,,,
TCGA-AQ-A54O,Alive,,,1001.0,0.0,,,
TCGA-BH-A0AU,Alive,,,1914.0,0.0,,,
TCGA-E2-A1B0,Alive,,,1631.0,0.0,,,
TCGA-A8-A09D,Alive,,,1522.0,0.0,,,
TCGA-A2-A0T5,Alive,,,531.0,0.0,,,
TCGA-E2-A10C,Alive,,,1220.0,0.0,,,
TCGA-B6-A0RG,Alive,,,2082.0,0.0,,,
TCGA-A2-A0CT,Alive,,,2289.0,0.0,,,
TCGA-D8-A1XQ,Alive,,,499.0,0.0,,,
TCGA-LD-A74U,Alive,,,402.0,0.0,,,
TCGA-A2-A04Y,Alive,,,1099.0,0.0,,,
TCGA-A8-A092,Alive,,,942.0,0.0,,,
TCGA-A2-A0EX,Alive,,,752.0,0.0,,,
TCGA-OL-A6VO,Alive,,,858.0,0.0,,,
TCGA-A2-A4S2,Alive,,,643.0,0.0,,,
TCGA-AO-A1KP,Alive,,,2953.0,0.0,,,
TCGA-E9-A24A,Alive,,,747.0,0.0,,,
TCGA-AR-A1AY,Alive,,,1026.0,0.0,,,
TCGA-4H-AAAK,Alive,,,348.0,0.0,,,
TCGA-EW-A1IY,Alive,,,258.0,0.0,,,
TCGA-BH-A18N,Dead,468.0,,468.0,1.0,468.0,15.375770020533881,1.2813141683778233
TCGA-D8-A27L,Alive,,,499.0,0.0,,,
TCGA-AC-A3TM,Alive,,,762.0,0.0,,,
TCGA-E2-A14X,Alive,,,972.0,0.0,,,
TCGA-D8-A27E,Alive,,,530.0,0.0,,,
TCGA-A8-A06O,Alive,,,396.0,0.0,,,
TCGA-A8-A09M,Alive,,,1006.0,0.0,,,
TCGA-B6-A0RU,Alive,,,8605.0,0.0,,,
TCGA-E9-A1N4,Alive,,,1000.0,0.0,,,
TCGA-A8-A08R,Alive,,,30.0,0.0,,,
TCGA-D8-A1XO,Alive,,,1682.0,0.0,,,
TCGA-AR-A0TV,Alive,,,2288.0,0.0,,,
TCGA-C8-A12W,Alive,,,385.0,0.0,,,
TCGA-A8-A0A1,Alive,,,365.0,0.0,,,
TCGA-C8-A12K,Alive,,,0.0,0.0,,,
TCGA-BH-A1EV,Dead,365.0,,365.0,1.0,365.0,11.991786447638603,0.999315537303217
TCGA-A2-A4S3,Alive,,,666.0,0.0,,,
TCGA-C8-A12Z,Alive,,,382.0,0.0,,,
TCGA-A7-A13G,Alive,,,718.0,0.0,,,
TCGA-E9-A228,Alive,,,1285.0,0.0,,,
TCGA-LL-A5YP,Alive,,,450.0,0.0,,,
TCGA-C8-A12U,Alive,,,385.0,0.0,,,
TCGA-AR-A1AI,Alive,,,3296.0,0.0,,,
TCGA-B6-A2IU,Alive,,,5176.0,0.0,,,
TCGA-AN-A0FS,Alive,,,210.0,0.0,,,
TCGA-A7-A6VW,Alive,,,285.0,0.0,,,
TCGA-D8-A1JE,Alive,,,575.0,0.0,,,
TCGA-A8-A094,Alive,,,0.0,0.0,,,
TCGA-HN-A2NL,Alive,,,79.0,0.0,,,
TCGA-E9-A1N9,Alive,,,1101.0,0.0,,,
TCGA-GM-A3XL,Alive,,,2108.0,0.0,,,
TCGA-E2-A1IU,Alive,,,337.0,0.0,,,
TCGA-OL-A5RU,Alive,,,1219.0,0.0,,,
TCGA-AN-A0AM,Alive,,,5.0,0.0,,,
TCGA-LL-A440,Alive,,,759.0,0.0,,,
TCGA-A7-A26E,Alive,,,954.0,0.0,,,
TCGA-A8-A07W,Alive,,,304.0,0.0,,,
TCGA-AC-A6IW,Alive,,,413.0,0.0,,,
TCGA-AC-A3TN,Alive,,,456.0,0.0,,,
TCGA-EW-A1P0,Alive,,,1251.0,0.0,,,
TCGA-A8-A09Z,Alive,,,0.0,0.0,,,
TCGA-E2-A10B,Alive,,,1141.0,0.0,,,
TCGA-OL-A66P,Alive,,,428.0,0.0,,,
TCGA-A2-A0T1,Alive,,,521.0,0.0,,,
TCGA-XX-A899,Alive,,,467.0,0.0,,,
TCGA-AO-A0JC,Alive,,,1547.0,0.0,,,
TCGA-A8-A086,Alive,,,396.0,0.0,,,
TCGA-AC-A3EH,Dead,197.0,,197.0,1.0,197.0,6.4722792607802875,0.5393566050650239
TCGA-C8-A137,Alive,,,379.0,0.0,,,
TCGA-E9-A249,Alive,,,217.0,0.0,,,
TCGA-B6-A0I6,Dead,991.0,,991.0,1.0,991.0,32.558521560574945,2.7132101300479126
TCGA-D8-A147,Alive,,,584.0,0.0,,,
TCGA-B6-A0IO,Alive,,,5042.0,0.0,,,
TCGA-B6-A40C,Alive,,,2164.0,0.0,,,
TCGA-A8-A07Z,Alive,,,1371.0,0.0,,,
TCGA-PL-A8LX,Alive,,,5.0,0.0,,,
TCGA-OL-A5RW,Alive,,,1106.0,0.0,,,
TCGA-E9-A295,Alive,,,375.0,0.0,,,
TCGA-C8-A1HJ,Alive,,,5.0,0.0,,,
TCGA-AO-A0JJ,Alive,,,1887.0,0.0,,,
TCGA-BH-A5IZ,Alive,,,567.0,0.0,,,
TCGA-BH-A18F,Alive,,,1001.0,0.0,,,
TCGA-E9-A54X,Alive,,,727.0,0.0,,,
TCGA-A2-A0EU,Alive,,,1043.0,0.0,,,
TCGA-D8-A1JM,Alive,,,590.0,0.0,,,
TCGA-AN-A0AL,Alive,,,227.0,0.0,,,
TCGA-AO-A0JB,Alive,,,1542.0,0.0,,,
TCGA-BH-A0HO,Alive,,,76.0,0.0,,,
TCGA-B6-A0I8,Dead,749.0,,749.0,1.0,749.0,24.607802874743328,2.0506502395619437
TCGA-AQ-A04H,Alive,,,754.0,0.0,,,
TCGA-A2-A0YC,Alive,,,990.0,0.0,,,
TCGA-AN-A0XU,Alive,,,10.0,0.0,,,
TCGA-JL-A3YW,Alive,,,360.0,0.0,,,
TCGA-A2-A0YE,Alive,,,554.0,0.0,,,
TCGA-B6-A40B,Alive,,,3152.0,0.0,,,
TCGA-AO-A125,Alive,,,3456.0,0.0,,,
TCGA-BH-A42U,Alive,,,3364.0,0.0,,,
TCGA-AN-A049,Alive,,,19.0,0.0,,,
TCGA-AO-A03U,Dead,1793.0,,1793.0,1.0,1793.0,58.90759753593429,4.908966461327857
TCGA-AN-A041,Alive,,,7.0,0.0,,,
TCGA-AR-A5QN,Alive,,,1013.0,0.0,,,
TCGA-A2-A0T6,Alive,,,575.0,0.0,,,
TCGA-A2-A0D1,Alive,,,1051.0,0.0,,,
TCGA-B6-A0WZ,Alive,,,6292.0,0.0,,,
TCGA-BH-A0BC,Alive,,,974.0,0.0,,,
TCGA-B6-A0I2,Alive,,,4361.0,0.0,,,
TCGA-GM-A3XN,Alive,,,2019.0,0.0,,,
TCGA-A2-A0CW,Alive,,,3283.0,0.0,,,
TCGA-A8-A09Q,Alive,,,761.0,0.0,,,
TCGA-S3-AA17,Alive,,,424.0,0.0,,,
TCGA-E2-A15E,Alive,,,630.0,0.0,,,
TCGA-E2-A1LL,Alive,,,1309.0,0.0,,,
TCGA-E9-A2JS,Dead,904.0,,904.0,1.0,904.0,29.700205338809035,2.4750171115674195
TCGA-S3-AA12,Alive,,,574.0,0.0,,,
TCGA-A8-A0A6,Alive,,,640.0,0.0,,,
TCGA-B6-A0IJ,Alive,,,7106.0,0.0,,,
TCGA-D8-A1XZ,Alive,,,466.0,0.0,,,
TCGA-AC-A3W5,Alive,,,504.0,0.0,,,
TCGA-AO-A12E,Alive,,,2142.0,0.0,,,
TCGA-A7-A13F,Alive,,,765.0,0.0,,,
TCGA-E2-A1IE,Alive,,,2362.0,0.0,,,
TCGA-C8-A1HM,Alive,,,375.0,0.0,,,
TCGA-A2-A3KC,Alive,,,1102.0,0.0,,,
TCGA-A7-A4SD,Alive,,,441.0,0.0,,,
TCGA-AO-A03R,Alive,,,2091.0,0.0,,,
TCGA-AR-A24L,Dead,2866.0,,2866.0,1.0,2866.0,94.16016427104722,7.846680355920602
TCGA-AN-A0FK,Alive,,,213.0,0.0,,,
TCGA-A2-A3XY,Dead,1093.0,,1093.0,1.0,1093.0,35.90965092402464,2.9924709103353866
TCGA-A2-A0EM,Alive,,,3094.0,0.0,,,
TCGA-EW-A1P3,Alive,,,1611.0,0.0,,,
TCGA-AR-A24N,Alive,,,3035.0,0.0,,,
TCGA-E2-A14Q,Alive,,,1163.0,0.0,,,
TCGA-BH-A0E0,Alive,,,134.0,0.0,,,
TCGA-AR-A2LK,Dead,1649.0,,1649.0,1.0,1649.0,54.17659137577002,4.514715947980835
TCGA-B6-A0RN,Alive,,,8008.0,0.0,,,
TCGA-A2-A04U,Alive,,,2654.0,0.0,,,
TCGA-A8-A0AB,Alive,,,518.0,0.0,,,
TCGA-OL-A5DA,Alive,,,1783.0,0.0,,,
TCGA-LQ-A4E4,Alive,,,849.0,0.0,,,
TCGA-A8-A06Z,Alive,,,31.0,0.0,,,
TCGA-AR-A24U,Alive,,,3128.0,0.0,,,
TCGA-BH-A0HK,Alive,,,178.0,0.0,,,
TCGA-A8-A076,Alive,,,1642.0,0.0,,,
TCGA-BH-A0H5,Alive,,,1620.0,0.0,,,
TCGA-A8-A09R,Alive,,,273.0,0.0,,,
TCGA-A1-A0SJ,Alive,,,416.0,0.0,,,
TCGA-A7-A4SA,Alive,,,454.0,0.0,,,
TCGA-D8-A1X8,Alive,,,783.0,0.0,,,
TCGA-OL-A66O,Alive,,,528.0,0.0,,,
TCGA-5L-AAT0,Alive,,,1477.0,0.0,,,
TCGA-E9-A244,Alive,,,21.0,0.0,,,
TCGA-EW-A1J6,Alive,,,875.0,0.0,,,
TCGA-E9-A1RG,Alive,,,647.0,0.0,,,
TCGA-OL-A5RV,Alive,,,1062.0,0.0,,,
TCGA-LL-A5YL,Alive,,,519.0,0.0,,,
TCGA-BH-A18H,Alive,,,652.0,0.0,,,
TCGA-BH-A0EA,Dead,991.0,,991.0,1.0,991.0,32.558521560574945,2.7132101300479126
TCGA-AN-A04A,Alive,,,90.0,0.0,,,
TCGA-E2-A14R,Alive,,,1174.0,0.0,,,
TCGA-BH-A18K,Dead,2763.0,,2763.0,1.0,2763.0,90.77618069815195,7.564681724845996
TCGA-BH-A0RX,Alive,,,170.0,0.0,,,
TCGA-BH-A0AZ,Alive,,,1919.0,0.0,,,
TCGA-D8-A140,Alive,,,403.0,0.0,,,
TCGA-A7-A5ZW,Alive,,,326.0,0.0,,,
TCGA-BH-A0HX,Alive,,,829.0,0.0,,,
TCGA-B6-A409,Dead,573.0,,573.0,1.0,573.0,18.82546201232033,1.568788501026694
TCGA-A2-A25D,Alive,,,0.0,0.0,,,
TCGA-A2-A0ST,Alive,,,3017.0,0.0,,,
TCGA-LL-A6FR,Alive,,,489.0,0.0,,,
TCGA-AN-A0FX,Alive,,,10.0,0.0,,,
TCGA-AR-A0TT,Alive,,,3316.0,0.0,,,
TCGA-AR-A5QP,Alive,,,1185.0,0.0,,,
TCGA-BH-A0W3,Alive,,,728.0,0.0,,,
TCGA-D8-A27F,Alive,,,488.0,0.0,,,
TCGA-E9-A1NE,Alive,,,1088.0,0.0,,,
TCGA-A7-A3IZ,Alive,,,322.0,0.0,,,
TCGA-AC-A23C,Alive,,,585.0,0.0,,,
TCGA-A1-A0SI,Alive,,,635.0,0.0,,,
TCGA-E9-A1N8,Alive,,,1039.0,0.0,,,
TCGA-B6-A0X1,Dead,7455.0,,7455.0,1.0,7455.0,244.92813141683777,20.410677618069816
TCGA-EW-A1OV,Alive,,,789.0,0.0,,,
