plot,subset,limit,adjust,panel,category,n,events,adjusted_OS_at_60_months,HR_comparison,adjusted_for,HR,HR_CI95_low,HR_CI95_high,wald_p
tsr,all,120 months,age_stage,All patients,Stroma-low,222,29,0.8256349732793273,Stroma-high vs Stroma-low,"age_per_10y, stage_II, stage_III_IV",0.781362122439448,0.493769320332714,1.2364615241216097,0.292081531416493
tsr,all,120 months,age_stage,All patients,Stroma-high,485,52,0.8159948689806543,Stroma-high vs Stroma-low,"age_per_10y, stage_II, stage_III_IV",0.781362122439448,0.493769320332714,1.2364615241216097,0.292081531416493
tsr,all,120 months,age_stage,Lobular (ILC),Stroma-low,20,3,0.664129193018455,Stroma-high vs Stroma-low,"age_per_10y, stage_III_IV",0.3872595041340284,0.1035956314546533,1.4476471781320197,0.1585141259131206
tsr,all,120 months,age_stage,Lobular (ILC),Stroma-high,130,12,0.8507430483117235,Stroma-high vs Stroma-low,"age_per_10y, stage_III_IV",0.3872595041340284,0.1035956314546533,1.4476471781320197,0.1585141259131206
tsr,all,120 months,age_stage,Ductal (IDC),Stroma-low,202,26,0.8417009503285084,Stroma-high vs Stroma-low,"age_per_10y, stage_II, stage_III_IV",0.9183970511558373,0.5549443320124309,1.5198878426473303,0.7404981178023291
tsr,all,120 months,age_stage,Ductal (IDC),Stroma-high,355,40,0.8004053073286025,Stroma-high vs Stroma-low,"age_per_10y, stage_II, stage_III_IV",0.9183970511558373,0.5549443320124309,1.5198878426473303,0.7404981178023291
stil,all,120 months,age_stage,All patients,sTIL-low,489,59,0.80698301390616,sTIL-high vs sTIL-low,"age_per_10y, stage_II, stage_III_IV",0.7656742569709677,0.4678711134013965,1.2530311254439022,0.2880473260760843
stil,all,120 months,age_stage,All patients,sTIL-high,218,22,0.8424076461130788,sTIL-high vs sTIL-low,"age_per_10y, stage_II, stage_III_IV",0.7656742569709677,0.4678711134013965,1.2530311254439022,0.2880473260760843
stil,all,120 months,age_stage,Lobular (ILC),sTIL-low,120,13,0.8299321520111239,sTIL-high vs sTIL-low,"age_per_10y, stage_III_IV",0.5700154831637281,0.1276776913551455,2.544827115823973,0.4615233161277134
stil,all,120 months,age_stage,Lobular (ILC),sTIL-high,30,2,0.8295873375681816,sTIL-high vs sTIL-low,"age_per_10y, stage_III_IV",0.5700154831637281,0.1276776913551455,2.544827115823973,0.4615233161277134
stil,all,120 months,age_stage,Ductal (IDC),sTIL-low,369,46,0.7979214718350582,sTIL-high vs sTIL-low,"age_per_10y, stage_II, stage_III_IV",0.7449939491282095,0.4387191918192645,1.2650825279289135,0.275879919271388
stil,all,120 months,age_stage,Ductal (IDC),sTIL-high,188,20,0.8485663569274864,sTIL-high vs sTIL-low,"age_per_10y, stage_II, stage_III_IV",0.7449939491282095,0.4387191918192645,1.2650825279289135,0.275879919271388
necrosis,all,120 months,age_stage,All patients,No necrosis,226,19,0.8643674178309673,Necrosis vs No necrosis,"age_per_10y, stage_II, stage_III_IV",1.5109147953062525,0.8963988392336635,2.546705125842162,0.1212909238115903
necrosis,all,120 months,age_stage,All patients,Necrosis,480,61,0.7972319506655255,Necrosis vs No necrosis,"age_per_10y, stage_II, stage_III_IV",1.5109147953062525,0.8963988392336635,2.546705125842162,0.1212909238115903
necrosis,all,120 months,age_stage,Lobular (ILC),No necrosis,63,7,0.8635339615890625,Necrosis vs No necrosis,"age_per_10y, stage_III_IV",0.6006326910588907,0.2095050031331083,1.7219618824063951,0.3428074129102961
necrosis,all,120 months,age_stage,Lobular (ILC),Necrosis,87,8,0.8164823780758136,Necrosis vs No necrosis,"age_per_10y, stage_III_IV",0.6006326910588907,0.2095050031331083,1.7219618824063951,0.3428074129102961
necrosis,all,120 months,age_stage,Ductal (IDC),No necrosis,163,12,0.8636040912217944,Necrosis vs No necrosis,"age_per_10y, stage_II, stage_III_IV",1.975357322931261,1.0406273732335534,3.7496962444235113,0.0373656820196117
necrosis,all,120 months,age_stage,Ductal (IDC),Necrosis,393,53,0.7964159065292032,Necrosis vs No necrosis,"age_per_10y, stage_II, stage_III_IV",1.975357322931261,1.0406273732335534,3.7496962444235113,0.0373656820196117
necrosis_area,all,120 months,age_stage,All patients,Low/none,468,44,0.8467398960264361,High vs Low/none,"age_per_10y, stage_II, stage_III_IV",1.5759211988409596,1.002101359600586,2.478319783885138,0.0489471828989425
necrosis_area,all,120 months,age_stage,All patients,High,238,36,0.7695230678554988,High vs Low/none,"age_per_10y, stage_II, stage_III_IV",1.5759211988409596,1.002101359600586,2.478319783885138,0.0489471828989425
necrosis_area,all,120 months,age_stage,Lobular (ILC),Low/none,116,10,0.8739246615547692,High vs Low/none,"age_per_10y, stage_III_IV",1.6883047097266424,0.5531814803986072,5.152690200024888,0.3575955190576956
necrosis_area,all,120 months,age_stage,Lobular (ILC),High,34,5,0.7191598822951487,High vs Low/none,"age_per_10y, stage_III_IV",1.6883047097266424,0.5531814803986072,5.152690200024888,0.3575955190576956
necrosis_area,all,120 months,age_stage,Ductal (IDC),Low/none,352,34,0.8349453126032246,High vs Low/none,"age_per_10y, stage_II, stage_III_IV",1.4227797770323451,0.8617536214704701,2.3490499413022508,0.1680919395350875
necrosis_area,all,120 months,age_stage,Ductal (IDC),High,204,31,0.7905329151811877,High vs Low/none,"age_per_10y, stage_II, stage_III_IV",1.4227797770323451,0.8617536214704701,2.3490499413022508,0.1680919395350875
immune_wsi_til_contact_fraction,all,120 months,age_stage,All patients,Low,354,37,0.8082155985144727,High vs Low,"age_per_10y, stage_II, stage_III_IV",0.9020754881565752,0.5748894122011391,1.415472557091061,0.6539049776251531
immune_wsi_til_contact_fraction,all,120 months,age_stage,All patients,High,352,43,0.8302272833603199,High vs Low,"age_per_10y, stage_II, stage_III_IV",0.9020754881565752,0.5748894122011391,1.415472557091061,0.6539049776251531
immune_wsi_til_contact_fraction,all,120 months,age_stage,Lobular (ILC),Low,50,4,0.8328485563774497,High vs Low,"age_per_10y, stage_III_IV",0.8888544686455762,0.2631343186227032,3.0025056046149765,0.8495374648919718
immune_wsi_til_contact_fraction,all,120 months,age_stage,Lobular (ILC),High,100,11,0.8290295581389437,High vs Low,"age_per_10y, stage_III_IV",0.8888544686455762,0.2631343186227032,3.0025056046149765,0.8495374648919718
immune_wsi_til_contact_fraction,all,120 months,age_stage,Ductal (IDC),Low,304,33,0.8102127991828915,High vs Low,"age_per_10y, stage_II, stage_III_IV",1.0179132526200554,0.6210372725880682,1.668414176723357,0.943854987049288
immune_wsi_til_contact_fraction,all,120 months,age_stage,Ductal (IDC),High,252,32,0.8297978780608174,High vs Low,"age_per_10y, stage_II, stage_III_IV",1.0179132526200554,0.6210372725880682,1.668414176723357,0.943854987049288
immune_wsi_til_pct_within_50um,all,120 months,age_stage,All patients,Low,354,35,0.8222976684808349,High vs Low,"age_per_10y, stage_II, stage_III_IV",0.9800509149012508,0.6245456473916965,1.5379176843360205,0.9301523781384878
immune_wsi_til_pct_within_50um,all,120 months,age_stage,All patients,High,352,45,0.8191389871528073,High vs Low,"age_per_10y, stage_II, stage_III_IV",0.9800509149012508,0.6245456473916965,1.5379176843360205,0.9301523781384878
immune_wsi_til_pct_within_50um,all,120 months,age_stage,Lobular (ILC),Low,58,6,0.8345584439381805,High vs Low,"age_per_10y, stage_III_IV",0.8537279909108909,0.294881599799344,2.4716750145166824,0.7706127565590051
immune_wsi_til_pct_within_50um,all,120 months,age_stage,Lobular (ILC),High,92,9,0.8230503999279543,High vs Low,"age_per_10y, stage_III_IV",0.8537279909108909,0.294881599799344,2.4716750145166824,0.7706127565590051
immune_wsi_til_pct_within_50um,all,120 months,age_stage,Ductal (IDC),Low,296,29,0.8205193888049542,High vs Low,"age_per_10y, stage_II, stage_III_IV",1.0412679553587554,0.6312431644204947,1.7176248646626942,0.8741737709737913
immune_wsi_til_pct_within_50um,all,120 months,age_stage,Ductal (IDC),High,260,36,0.8187010517890678,High vs Low,"age_per_10y, stage_II, stage_III_IV",1.0412679553587554,0.6312431644204947,1.7176248646626942,0.8741737709737913
immune_wsi_til_pct_within_100um,all,120 months,age_stage,All patients,Low,354,37,0.7748256697977579,High vs Low,"age_per_10y, stage_II, stage_III_IV",0.8122728761630829,0.5164741377772714,1.2774835700191036,0.3681394955623746
immune_wsi_til_pct_within_100um,all,120 months,age_stage,All patients,High,352,43,0.850241271619746,High vs Low,"age_per_10y, stage_II, stage_III_IV",0.8122728761630829,0.5164741377772714,1.2774835700191036,0.3681394955623746
immune_wsi_til_pct_within_100um,all,120 months,age_stage,Lobular (ILC),Low,58,5,0.781572664012597,High vs Low,"age_per_10y, stage_III_IV",0.8713576196793176,0.2879201052485572,2.6370652397398398,0.8074445708052949
immune_wsi_til_pct_within_100um,all,120 months,age_stage,Lobular (ILC),High,92,10,0.8554526392969489,High vs Low,"age_per_10y, stage_III_IV",0.8713576196793176,0.2879201052485572,2.6370652397398398,0.8074445708052949
immune_wsi_til_pct_within_100um,all,120 months,age_stage,Ductal (IDC),Low,296,32,0.7778275167333694,High vs Low,"age_per_10y, stage_II, stage_III_IV",0.8360341614640595,0.5066834346572772,1.379467082060198,0.483361833207352
immune_wsi_til_pct_within_100um,all,120 months,age_stage,Ductal (IDC),High,260,33,0.8477712781424163,High vs Low,"age_per_10y, stage_II, stage_III_IV",0.8360341614640595,0.5066834346572772,1.379467082060198,0.483361833207352
immune_wsi_til_pct_within_200um,all,120 months,age_stage,All patients,Low,355,44,0.7936458841913528,High vs Low,"age_per_10y, stage_II, stage_III_IV",0.809467576281916,0.5195887696339851,1.261069898630199,0.3500529832075725
immune_wsi_til_pct_within_200um,all,120 months,age_stage,All patients,High,351,36,0.843736566329123,High vs Low,"age_per_10y, stage_II, stage_III_IV",0.809467576281916,0.5195887696339851,1.261069898630199,0.3500529832075725
immune_wsi_til_pct_within_200um,all,120 months,age_stage,Lobular (ILC),Low,63,5,0.793812039303357,High vs Low,"age_per_10y, stage_III_IV",1.2219452974922278,0.3956241305745092,3.774163896158399,0.7275661634559722
immune_wsi_til_pct_within_200um,all,120 months,age_stage,Lobular (ILC),High,87,10,0.8466717224925338,High vs Low,"age_per_10y, stage_III_IV",1.2219452974922278,0.3956241305745092,3.774163896158399,0.7275661634559722
immune_wsi_til_pct_within_200um,all,120 months,age_stage,Ductal (IDC),Low,292,39,0.7980033613657308,High vs Low,"age_per_10y, stage_II, stage_III_IV",0.78579455348608,0.4760678584571982,1.2970274495939382,0.3457845629288204
immune_wsi_til_pct_within_200um,all,120 months,age_stage,Ductal (IDC),High,264,26,0.8409216257616795,High vs Low,"age_per_10y, stage_II, stage_III_IV",0.78579455348608,0.4760678584571982,1.2970274495939382,0.3457845629288204
immune_wsi_til_fraction_intratumoral,all,120 months,age_stage,All patients,Low,351,31,0.856854442324748,High vs Low,"age_per_10y, stage_II, stage_III_IV",1.5497302542036009,0.9836474549641336,2.441590072412202,0.0589087344456021
immune_wsi_til_fraction_intratumoral,all,120 months,age_stage,All patients,High,355,49,0.7823504326853016,High vs Low,"age_per_10y, stage_II, stage_III_IV",1.5497302542036009,0.9836474549641336,2.441590072412202,0.0589087344456021
immune_wsi_til_fraction_intratumoral,all,120 months,age_stage,Lobular (ILC),Low,79,6,0.9105147266858196,High vs Low,"age_per_10y, stage_III_IV",1.7885783635397232,0.6028932754939572,5.30610091794679,0.2946677208042758
immune_wsi_til_fraction_intratumoral,all,120 months,age_stage,Lobular (ILC),High,71,9,0.7480069839564543,High vs Low,"age_per_10y, stage_III_IV",1.7885783635397232,0.6028932754939572,5.30610091794679,0.2946677208042758
immune_wsi_til_fraction_intratumoral,all,120 months,age_stage,Ductal (IDC),Low,272,25,0.8418147319559193,High vs Low,"age_per_10y, stage_II, stage_III_IV",1.455466421214117,0.8753326024087592,2.420088658245356,0.1479746408839212
immune_wsi_til_fraction_intratumoral,all,120 months,age_stage,Ductal (IDC),High,284,40,0.7968393419404126,High vs Low,"age_per_10y, stage_II, stage_III_IV",1.455466421214117,0.8753326024087592,2.420088658245356,0.1479746408839212
immune_wsi_til_area_total_mm2,all,120 months,age_stage,All patients,Low,351,38,0.8470251424433396,High vs Low,"age_per_10y, stage_II, stage_III_IV",1.0314258887947343,0.6628224816003365,1.6050140024029436,0.8909136494200867
immune_wsi_til_area_total_mm2,all,120 months,age_stage,All patients,High,355,42,0.7927083421163186,High vs Low,"age_per_10y, stage_II, stage_III_IV",1.0314258887947343,0.6628224816003365,1.6050140024029436,0.8909136494200867
immune_wsi_til_area_total_mm2,all,120 months,age_stage,Lobular (ILC),Low,98,12,0.8436700498684035,High vs Low,"age_per_10y, stage_III_IV",0.7249077693130143,0.1921323090506666,2.735048970195817,0.6348899927281234
immune_wsi_til_area_total_mm2,all,120 months,age_stage,Lobular (ILC),High,52,3,0.7754878763684807,High vs Low,"age_per_10y, stage_III_IV",0.7249077693130143,0.1921323090506666,2.735048970195817,0.6348899927281234
immune_wsi_til_area_total_mm2,all,120 months,age_stage,Ductal (IDC),Low,253,26,0.846483352641338,High vs Low,"age_per_10y, stage_II, stage_III_IV",0.9582422774210982,0.5769214513919493,1.5916001390167525,0.8691278864111127
immune_wsi_til_area_total_mm2,all,120 months,age_stage,Ductal (IDC),High,303,39,0.8017075230050676,High vs Low,"age_per_10y, stage_II, stage_III_IV",0.9582422774210982,0.5769214513919493,1.5916001390167525,0.8691278864111127
immune_wsi_til_extratumoral_distance_aw_median_um,all,120 months,age_stage,All patients,Low,352,45,0.8025820700605271,High vs Low,"age_per_10y, stage_II, stage_III_IV",0.7985599029894442,0.5127131012474759,1.2437714525159111,0.3197290291307038
immune_wsi_til_extratumoral_distance_aw_median_um,all,120 months,age_stage,All patients,High,354,35,0.8347019902432795,High vs Low,"age_per_10y, stage_II, stage_III_IV",0.7985599029894442,0.5127131012474759,1.2437714525159111,0.3197290291307038
immune_wsi_til_extratumoral_distance_aw_median_um,all,120 months,age_stage,Lobular (ILC),Low,97,7,0.8241873926085841,High vs Low,"age_per_10y, stage_III_IV",1.2572449621456907,0.4290540474482342,3.684069417924389,0.676429596931462
immune_wsi_til_extratumoral_distance_aw_median_um,all,120 months,age_stage,Lobular (ILC),High,53,8,0.8274587760884199,High vs Low,"age_per_10y, stage_III_IV",1.2572449621456907,0.4290540474482342,3.684069417924389,0.676429596931462
immune_wsi_til_extratumoral_distance_aw_median_um,all,120 months,age_stage,Ductal (IDC),Low,255,38,0.8001222809224727,High vs Low,"age_per_10y, stage_II, stage_III_IV",0.7051670301914639,0.4280308116324632,1.161740059255433,0.1702511150583306
immune_wsi_til_extratumoral_distance_aw_median_um,all,120 months,age_stage,Ductal (IDC),High,301,27,0.8383965482452229,High vs Low,"age_per_10y, stage_II, stage_III_IV",0.7051670301914639,0.4280308116324632,1.161740059255433,0.1702511150583306
morphology_wsi_tumor_boundary_density_per_mm,all,120 months,age_stage,All patients,Low,351,44,0.7957314999713003,High vs Low,"age_per_10y, stage_II, stage_III_IV",0.6980376697377169,0.4432980226299123,1.099162557690108,0.1207062869160044
morphology_wsi_tumor_boundary_density_per_mm,all,120 months,age_stage,All patients,High,346,33,0.8429072734639381,High vs Low,"age_per_10y, stage_II, stage_III_IV",0.6980376697377169,0.4432980226299123,1.099162557690108,0.1207062869160044
morphology_wsi_tumor_boundary_density_per_mm,all,120 months,age_stage,Lobular (ILC),Low,38,5,0.8243525553171975,High vs Low,"age_per_10y, stage_III_IV",0.5725952841671454,0.1875317354784637,1.7483193370655197,0.3275627602825953
morphology_wsi_tumor_boundary_density_per_mm,all,120 months,age_stage,Lobular (ILC),High,112,10,0.8328135419734725,High vs Low,"age_per_10y, stage_III_IV",0.5725952841671454,0.1875317354784637,1.7483193370655197,0.3275627602825953
morphology_wsi_tumor_boundary_density_per_mm,all,120 months,age_stage,Ductal (IDC),Low,313,39,0.7988949058528138,High vs Low,"age_per_10y, stage_II, stage_III_IV",0.8118234220860566,0.4823599048392937,1.3663185145272212,0.4325285104692978
morphology_wsi_tumor_boundary_density_per_mm,all,120 months,age_stage,Ductal (IDC),High,234,23,0.8462297516093852,High vs Low,"age_per_10y, stage_II, stage_III_IV",0.8118234220860566,0.4823599048392937,1.3663185145272212,0.4325285104692978
morphology_wsi_tumor_fraction_of_cluster,all,120 months,age_stage,All patients,Low,348,35,0.8258180576094677,High vs Low,"age_per_10y, stage_II, stage_III_IV",1.280323099155953,0.8146517281213744,2.0121816251620075,0.284045246431621
morphology_wsi_tumor_fraction_of_cluster,all,120 months,age_stage,All patients,High,349,42,0.8140468721537109,High vs Low,"age_per_10y, stage_II, stage_III_IV",1.280323099155953,0.8146517281213744,2.0121816251620075,0.284045246431621
morphology_wsi_tumor_fraction_of_cluster,all,120 months,age_stage,Lobular (ILC),Low,107,11,0.8282111138375305,High vs Low,"age_per_10y, stage_III_IV",1.3392323761540332,0.4049382175965577,4.429177784167795,0.632201186758554
morphology_wsi_tumor_fraction_of_cluster,all,120 months,age_stage,Lobular (ILC),High,43,4,0.8353060808026478,High vs Low,"age_per_10y, stage_III_IV",1.3392323761540332,0.4049382175965577,4.429177784167795,0.632201186758554
morphology_wsi_tumor_fraction_of_cluster,all,120 months,age_stage,Ductal (IDC),Low,241,24,0.8249024213705584,High vs Low,"age_per_10y, stage_II, stage_III_IV",1.163092078022287,0.6936624213496109,1.95020393252122,0.5666981150517914
morphology_wsi_tumor_fraction_of_cluster,all,120 months,age_stage,Ductal (IDC),High,306,38,0.8147647739555872,High vs Low,"age_per_10y, stage_II, stage_III_IV",1.163092078022287,0.6936624213496109,1.95020393252122,0.5666981150517914
morphology_wsi_tumor_patch_density_per_mm2,all,120 months,age_stage,All patients,Low,352,42,0.7995990204851529,High vs Low,"age_per_10y, stage_II, stage_III_IV",0.7946504219969434,0.5064278451075573,1.246908714203513,0.3173286355058027
morphology_wsi_tumor_patch_density_per_mm2,all,120 months,age_stage,All patients,High,345,35,0.8399771349221526,High vs Low,"age_per_10y, stage_II, stage_III_IV",0.7946504219969434,0.5064278451075573,1.246908714203513,0.3173286355058027
morphology_wsi_tumor_patch_density_per_mm2,all,120 months,age_stage,Lobular (ILC),Low,52,5,0.7949268152130586,High vs Low,"age_per_10y, stage_III_IV",0.8744010331974764,0.28325956263647,2.699210433499321,0.8154672843219082
morphology_wsi_tumor_patch_density_per_mm2,all,120 months,age_stage,Lobular (ILC),High,98,10,0.8473448654056945,High vs Low,"age_per_10y, stage_III_IV",0.8744010331974764,0.28325956263647,2.699210433499321,0.8154672843219082
morphology_wsi_tumor_patch_density_per_mm2,all,120 months,age_stage,Ductal (IDC),Low,300,37,0.8069952957608055,High vs Low,"age_per_10y, stage_II, stage_III_IV",0.835718139719209,0.5001907174099747,1.3963170141825745,0.4931830086723973
morphology_wsi_tumor_patch_density_per_mm2,all,120 months,age_stage,Ductal (IDC),High,247,25,0.8338657024771968,High vs Low,"age_per_10y, stage_II, stage_III_IV",0.835718139719209,0.5001907174099747,1.3963170141825745,0.4931830086723973
morphology_wsi_area_weighted_tumor_boundary_fractal_dimension,all,120 months,age_stage,All patients,Low,321,23,0.8496253796472788,High vs Low,"age_per_10y, stage_II, stage_III_IV",2.026710145707296,1.2181830343525109,3.371869332342275,0.0065312793440205
morphology_wsi_area_weighted_tumor_boundary_fractal_dimension,all,120 months,age_stage,All patients,High,310,43,0.8094505703769143,High vs Low,"age_per_10y, stage_II, stage_III_IV",2.026710145707296,1.2181830343525109,3.371869332342275,0.0065312793440205
morphology_wsi_area_weighted_tumor_boundary_fractal_dimension,all,120 months,age_stage,Lobular (ILC),Low,79,4,0.9150280385230856,High vs Low,"age_per_10y, stage_III_IV",3.609243959664956,1.0228684564653718,12.735402952392224,0.0460307657930576
morphology_wsi_area_weighted_tumor_boundary_fractal_dimension,all,120 months,age_stage,Lobular (ILC),High,52,7,0.7738094978560742,High vs Low,"age_per_10y, stage_III_IV",3.609243959664956,1.0228684564653718,12.735402952392224,0.0460307657930576
morphology_wsi_area_weighted_tumor_boundary_fractal_dimension,all,120 months,age_stage,Ductal (IDC),Low,242,19,0.8232572095475456,High vs Low,"age_per_10y, stage_II, stage_III_IV",1.5975318821252804,0.90997885295105,2.804579585701674,0.1027974453894656
morphology_wsi_area_weighted_tumor_boundary_fractal_dimension,all,120 months,age_stage,Ductal (IDC),High,258,36,0.8234811905035232,High vs Low,"age_per_10y, stage_II, stage_III_IV",1.5975318821252804,0.90997885295105,2.804579585701674,0.1027974453894656
morphology_wsi_area_weighted_tumor_island_nnd_median_um,all,120 months,age_stage,All patients,Low,344,34,0.8625240906631217,High vs Low,"age_per_10y, stage_II, stage_III_IV",1.671826460496868,1.0482282087955466,2.666407649178846,0.0309493855405234
morphology_wsi_area_weighted_tumor_island_nnd_median_um,all,120 months,age_stage,All patients,High,353,43,0.7731686991152115,High vs Low,"age_per_10y, stage_II, stage_III_IV",1.671826460496868,1.0482282087955466,2.666407649178846,0.0309493855405234
morphology_wsi_area_weighted_tumor_island_nnd_median_um,all,120 months,age_stage,Lobular (ILC),Low,93,10,0.8210076109743724,High vs Low,"age_per_10y, stage_III_IV",0.9956897054424524,0.3042754270469329,3.258225612057589,0.994301944967304
morphology_wsi_area_weighted_tumor_island_nnd_median_um,all,120 months,age_stage,Lobular (ILC),High,57,5,0.8499223992365942,High vs Low,"age_per_10y, stage_III_IV",0.9956897054424524,0.3042754270469329,3.258225612057589,0.994301944967304
morphology_wsi_area_weighted_tumor_island_nnd_median_um,all,120 months,age_stage,Ductal (IDC),Low,251,24,0.8755667561944069,High vs Low,"age_per_10y, stage_II, stage_III_IV",1.7691452460827992,1.042934372137692,3.0010276632479718,0.0343552800734171
morphology_wsi_area_weighted_tumor_island_nnd_median_um,all,120 months,age_stage,Ductal (IDC),High,296,38,0.7657118475429914,High vs Low,"age_per_10y, stage_II, stage_III_IV",1.7691452460827992,1.042934372137692,3.0010276632479718,0.0343552800734171
morphology_wsi_area_weighted_tumor_island_gap_median_um,all,120 months,age_stage,All patients,Low,349,35,0.8292336957076036,High vs Low,"age_per_10y, stage_II, stage_III_IV",1.171675871132131,0.7464669173191532,1.839096033784822,0.4909643218435874
morphology_wsi_area_weighted_tumor_island_gap_median_um,all,120 months,age_stage,All patients,High,348,42,0.8087198345496275,High vs Low,"age_per_10y, stage_II, stage_III_IV",1.171675871132131,0.7464669173191532,1.839096033784822,0.4909643218435874
morphology_wsi_area_weighted_tumor_island_gap_median_um,all,120 months,age_stage,Lobular (ILC),Low,93,7,0.780032303073847,High vs Low,"age_per_10y, stage_III_IV",1.0704422281678767,0.3667511799646958,3.1243159570892454,0.9008742919862968
morphology_wsi_area_weighted_tumor_island_gap_median_um,all,120 months,age_stage,Lobular (ILC),High,57,8,0.8713399115159005,High vs Low,"age_per_10y, stage_III_IV",1.0704422281678767,0.3667511799646958,3.1243159570892454,0.9008742919862968
morphology_wsi_area_weighted_tumor_island_gap_median_um,all,120 months,age_stage,Ductal (IDC),Low,256,28,0.8418056762233964,High vs Low,"age_per_10y, stage_II, stage_III_IV",1.1517765335256336,0.6977414171537611,1.901261915326412,0.580559325756592
morphology_wsi_area_weighted_tumor_island_gap_median_um,all,120 months,age_stage,Ductal (IDC),High,291,34,0.7973523365903707,High vs Low,"age_per_10y, stage_II, stage_III_IV",1.1517765335256336,0.6977414171537611,1.901261915326412,0.580559325756592
morphology_wsi_tumor_area_mm2,all,120 months,age_stage,All patients,Low,348,27,0.889583964030026,High vs Low,"age_per_10y, stage_II, stage_III_IV",1.9433595515083897,1.203706369472076,3.1375146316582665,0.0065562291908822
morphology_wsi_tumor_area_mm2,all,120 months,age_stage,All patients,High,349,50,0.7470158028724987,High vs Low,"age_per_10y, stage_II, stage_III_IV",1.9433595515083897,1.203706369472076,3.1375146316582665,0.0065562291908822
morphology_wsi_tumor_area_mm2,all,120 months,age_stage,Lobular (ILC),Low,101,9,0.887351224071658,High vs Low,"age_per_10y, stage_III_IV",2.0910050819878965,0.6864840531673321,6.369124282969252,0.1942803314687989
morphology_wsi_tumor_area_mm2,all,120 months,age_stage,Lobular (ILC),High,49,6,0.6969967565082252,High vs Low,"age_per_10y, stage_III_IV",2.0910050819878965,0.6864840531673321,6.369124282969252,0.1942803314687989
morphology_wsi_tumor_area_mm2,all,120 months,age_stage,Ductal (IDC),Low,247,18,0.8952176525924961,High vs Low,"age_per_10y, stage_II, stage_III_IV",1.8850168839679096,1.0781797744916006,3.2956365319685093,0.0261451041102245
morphology_wsi_tumor_area_mm2,all,120 months,age_stage,Ductal (IDC),High,300,44,0.758508816144093,High vs Low,"age_per_10y, stage_II, stage_III_IV",1.8850168839679096,1.0781797744916006,3.2956365319685093,0.0261451041102245
morphology_wsi_tumor_perimeter_mm,all,120 months,age_stage,All patients,Low,348,33,0.8668146132246561,High vs Low,"age_per_10y, stage_II, stage_III_IV",1.3502387751632936,0.8519647300710871,2.1399298416993737,0.2012244955973718
morphology_wsi_tumor_perimeter_mm,all,120 months,age_stage,All patients,High,349,44,0.7682337256572511,High vs Low,"age_per_10y, stage_II, stage_III_IV",1.3502387751632936,0.8519647300710871,2.1399298416993737,0.2012244955973718
morphology_wsi_tumor_perimeter_mm,all,120 months,age_stage,Lobular (ILC),Low,88,8,0.8994573764313443,High vs Low,"age_per_10y, stage_III_IV",1.7668033589301306,0.6002917005841242,5.200128714238879,0.301421396452924
morphology_wsi_tumor_perimeter_mm,all,120 months,age_stage,Lobular (ILC),High,62,7,0.7090385634230489,High vs Low,"age_per_10y, stage_III_IV",1.7668033589301306,0.6002917005841242,5.200128714238879,0.301421396452924
morphology_wsi_tumor_perimeter_mm,all,120 months,age_stage,Ductal (IDC),Low,260,25,0.8582035189908043,High vs Low,"age_per_10y, stage_II, stage_III_IV",1.2049446599258296,0.7163626410888178,2.026755096101893,0.4822456821326172
morphology_wsi_tumor_perimeter_mm,all,120 months,age_stage,Ductal (IDC),High,287,37,0.7848872459739461,High vs Low,"age_per_10y, stage_II, stage_III_IV",1.2049446599258296,0.7163626410888178,2.026755096101893,0.4822456821326172
morphology_wsi_tumor_n_islands,all,120 months,age_stage,All patients,Low,347,31,0.8734727559210232,High vs Low,"age_per_10y, stage_II, stage_III_IV",1.5256317065093028,0.9606597666155724,2.422868308627632,0.0734703736403127
morphology_wsi_tumor_n_islands,all,120 months,age_stage,All patients,High,350,46,0.7629700918508697,High vs Low,"age_per_10y, stage_II, stage_III_IV",1.5256317065093028,0.9606597666155724,2.422868308627632,0.0734703736403127
morphology_wsi_tumor_n_islands,all,120 months,age_stage,Lobular (ILC),Low,85,7,0.9134928983455644,High vs Low,"age_per_10y, stage_III_IV",2.099937613847434,0.7196695299304984,6.127448500532074,0.1745022943718393
morphology_wsi_tumor_n_islands,all,120 months,age_stage,Lobular (ILC),High,65,8,0.707688221078088,High vs Low,"age_per_10y, stage_III_IV",2.099937613847434,0.7196695299304984,6.127448500532074,0.1745022943718393
morphology_wsi_tumor_n_islands,all,120 months,age_stage,Ductal (IDC),Low,262,24,0.8629496627253088,High vs Low,"age_per_10y, stage_II, stage_III_IV",1.3726092011901976,0.8167940851792345,2.306647481143992,0.2317527660707414
morphology_wsi_tumor_n_islands,all,120 months,age_stage,Ductal (IDC),High,285,38,0.7799356667920307,High vs Low,"age_per_10y, stage_II, stage_III_IV",1.3726092011901976,0.8167940851792345,2.306647481143992,0.2317527660707414
