feature,n_A,n_B,missing_A,missing_B,mean_A,mean_B,median_A,median_B,mean_difference_A_minus_B,bootstrap_CI95_low,bootstrap_CI95_high,cliffs_delta,MWU_p,Welch_p,status,MWU_FDR_q,Welch_FDR_q,MWU_FDR_significant,Welch_FDR_significant,bootstrap_CI_excludes_zero,both_tests_FDR_significant
wsi_tumor_boundary_density_per_mm,156,570,0,0,82.69967874761015,54.28202462729195,78.90562297466796,46.57941750821425,28.417654120318197,21.13369900636156,35.85278088040682,0.4224021592442646,5.912695541793095e-16,7.538418430275847e-13,ok,1.0051582421048262e-14,6.40765566573447e-12,True,True,True,True
wsi_tumor_area_mm2,156,570,0,0,20.778930517376857,38.29567437087796,11.500148871468074,26.382379822634167,-17.516743853501104,-22.357012615729364,-12.785420344505026,-0.3960863697705803,3.273692286310419e-14,2.8147822462316854e-12,ok,2.782638443363856e-13,1.5950432728646216e-11,True,True,True,True
wsi_tumor_fraction_of_cluster,156,570,0,0,0.3094859180799702,0.4146737864207983,0.27565467826539375,0.3941907248959693,-0.10518786834082805,-0.131232454897568,-0.07865907905216114,-0.3922402159244265,5.763929881449541e-14,9.476349785915138e-14,ok,3.2662269328214067e-13,1.6109794636055735e-12,True,True,True,True
wsi_cluster_area_mm2,156,570,0,0,57.1470963401637,85.21425410895989,39.2765827758482,71.83974478311933,-28.067157768796193,-37.433726256289305,-18.783544164353042,-0.3224021592442645,6.593176084179107e-10,1.4539432209438479e-08,ok,2.8020998357761207e-09,6.179258689011353e-08,True,True,True,True
wsi_area_weighted_tumor_solidity_mean,156,570,0,0,0.6333859862870179,0.6605840611222176,0.6278167602836888,0.654431924057969,-0.027198074835199648,-0.037554157092330176,-0.016760062695393978,-0.2829284750337382,5.979380453496204e-08,5.002436381145669e-07,ok,2.0329893541887095e-07,1.7008283695895275e-06,True,True,True,True
wsi_area_weighted_tumor_spread_frac,156,570,0,0,0.903957255673655,0.9381977323253622,0.9416029190964568,0.9537246276599711,-0.03424047665170715,-0.050676364613804245,-0.018793547749764293,-0.2504273504273504,1.6118672810116458e-06,3.336396101448757e-05,ok,4.566957296199663e-06,9.453122287438146e-05,True,True,True,True
wsi_area_weighted_tumor_island_gap_median_um,156,570,0,0,13.327344847963781,14.692799495175157,13.035430132580782,14.115290008487602,-1.3654546472113758,-2.034250928774217,-0.6992885965737757,-0.2136752136752137,4.261274146620129e-05,7.171251631682466e-05,ok,0.00010348808641791741,0.00017415896819800272,True,True,True,True
wsi_tumor_perimeter_mm,156,570,0,0,1157.297835974883,1431.7789189993514,793.9888122119191,1131.116541949422,-274.4810830244685,-470.58085341619216,-76.23343919195007,-0.19403958614484929,0.00020183634049932613,0.006928739938993755,ok,0.00042890222356106804,0.011778857896289383,True,True,True,True
wsi_tumor_n_islands,156,570,0,0,1022.0416666666666,1347.5745614035088,690.5,1026.5,-325.5328947368422,-513.7133080296896,-131.25582742914972,-0.17133378317588843,0.0010315826814397012,0.0009582118329279363,ok,0.0019485450649416576,0.0018099556844194352,True,True,True,True
wsi_tumor_patch_density_per_mm2,156,570,0,0,18.712575997440524,16.90782273815215,19.15713307064667,15.941003543608556,1.8047532592883755,0.4167363693188831,3.192604930257533,0.16030139451192094,0.0021374684134376717,0.01130263179754592,ok,0.0036336963028440416,0.017467703687116424,True,True,True,True
wsi_area_weighted_tumor_island_nnd_median_um,156,570,0,0,114.13055227866265,124.1162053896788,108.19322560550164,112.85290232729668,-9.985653111016148,-15.056904189767716,-4.576355341894134,-0.14973009446693653,0.004131576217102837,0.00025619553396987463,ok,0.006385163244613475,0.0005444155096859835,True,True,True,True
wsi_area_weighted_tumor_largest_patch_index,156,570,0,0,0.29557282090130965,0.28961259501314,0.25844769892457176,0.20949269586955044,0.005960225888169635,-0.02955716187545278,0.04334282098859576,0.09327485380116962,0.07401678024325939,0.7497867131614149,ok,0.10485710534461747,0.7497867131614149,False,False,False,False
n_clusters_with_tumor,156,570,0,0,6.826923076923077,6.314035087719298,6.0,5.0,0.5128879892037785,-0.2909598515519568,1.340909244264507,0.08038686459739086,0.12238635596487321,0.22112134376364867,ok,0.14861200367163177,0.2685044888558591,False,False,False,False
n_clusters,156,570,0,0,6.826923076923077,6.314035087719298,6.0,5.0,0.5128879892037785,-0.31725118083670745,1.3304149797570846,0.08038686459739086,0.12238635596487321,0.22112134376364867,ok,0.14861200367163177,0.2685044888558591,False,False,False,False
wsi_area_weighted_tumor_boundary_fractal_dimension,137,520,19,50,1.4800238763874076,1.5014133997922063,1.4908069083955182,1.5237728640919248,-0.021389523404798716,-0.04877836514686514,0.0059339357055551096,-0.08088152723189224,0.14500152076525724,0.12586764619644272,ok,0.16433505686729155,0.17831249877829383,False,False,False,False
wsi_area_weighted_tumor_elongation_mean,156,570,0,0,1.8304724898989553,1.7937742506602206,1.8001842944218045,1.7999318054145836,0.03669823923873472,-0.02156846626447,0.10399373420265248,0.024089068825910998,0.6446390745664764,0.26805793088279983,ok,0.6849290167268812,0.30379898833383984,False,False,False,False
wsi_area_weighted_tumor_compactness_mean,156,570,0,0,0.10208547802294715,0.10566326340054277,0.09421296191092095,0.0889972373544877,-0.0035777853775956214,-0.013189570486325634,0.006353159901657241,0.01637426900584793,0.7539451542244514,0.47820933501525986,ok,0.7539451542244514,0.5080974184537136,False,False,False,False
