subject_id,n_clusters,n_clusters_with_tumor,wsi_cluster_area_mm2,wsi_tumor_area_mm2,wsi_tumor_fraction_of_cluster,wsi_tumor_perimeter_mm,wsi_tumor_boundary_density_per_mm,wsi_tumor_n_islands,wsi_tumor_patch_density_per_mm2,wsi_area_weighted_tumor_boundary_fractal_dimension,wsi_area_weighted_tumor_compactness_mean,wsi_area_weighted_tumor_solidity_mean,wsi_area_weighted_tumor_elongation_mean,wsi_area_weighted_tumor_largest_patch_index,wsi_area_weighted_tumor_island_nnd_median_um,wsi_area_weighted_tumor_island_gap_median_um,wsi_area_weighted_tumor_spread_frac
TCGA-4H-AAAK,9.0,9.0,66.76402356110778,11.513476259892672,0.1724503055055485,2221.14454076533,192.9169340890303,2278.0,34.12017248952937,1.6267058726219916,0.1211131265594436,0.6298319057173083,2.0769692147707763,0.107130711421561,89.34073588686952,15.439702851993774,0.9580853079697
TCGA-5L-AAT0,9.0,9.0,11.851639856767177,2.708345352602075,0.2285207266955243,252.3440832874604,93.17278649305852,204.0,17.212807886962402,1.547537266694139,0.0721095167423801,0.6266732531110547,1.561747002419728,0.5010659999548029,132.54793476004025,12.66073572458271,0.788761471335931
TCGA-A2-A0CO,12.0,12.0,62.66430958413744,16.26968116888353,0.2596323373999474,1322.880738043646,81.30956742862993,1109.0,17.697474166071835,1.578823739764044,0.0763348053893647,0.5742455314410525,1.8217311866337675,0.2605638839172662,115.7191292591874,13.306919520120006,0.932071855550392
TCGA-A2-A0CR,15.0,15.0,88.899215349215,14.853086971693587,0.1670778185538253,2170.818923953302,146.1527107523413,2215.0,24.91585545833008,1.375164329864086,0.1279146514525398,0.6011811828953095,2.040131996948952,0.0907007454417061,104.48870897188642,16.116298022252614,0.9424272383943112
TCGA-A2-A0EN,12.0,12.0,29.81566528771343,4.643535451795455,0.1557414670102626,550.2707840674835,118.50254828025864,583.0,19.553479500598137,1.4149896489097542,0.1387270781026624,0.613788999543101,2.152749489915861,0.1614596965924307,118.7056029382667,17.82963433323235,0.9007111905025751
TCGA-A2-A0EP,7.0,7.0,8.47340188612729,1.156092916345605,0.1364378713392986,109.14887509879748,94.41185354185517,117.0,13.807913465258055,1.413945717470998,0.1751890205546263,0.6602913306224221,2.0711010125578264,0.2864111522810016,126.33604535464164,27.70746927713202,0.7534039685621399
TCGA-A2-A0ES,7.0,7.0,113.21409535575852,32.792584013734675,0.2896510713678262,1667.949495538184,50.86361888528177,2042.0,18.036623386719803,1.6329469419907738,0.1901456802643035,0.6802822507415394,1.9453736983181888,0.0766935072545843,121.00621246567928,16.246131678774706,0.9646919210577072
TCGA-A2-A0EW,2.0,2.0,71.1294144210745,28.83564453744416,0.4053969060780096,1234.7866597333891,42.82153839599363,1305.0,18.3468402013633,1.6612761916992989,0.0872322088863317,0.5739395346442979,1.763323528431627,0.2774217766098126,106.23665308047094,14.361916373745885,0.9577818524257784
TCGA-A2-A0EX,7.0,7.0,33.372266934004294,6.657653538540321,0.199496592536139,632.1241434682611,94.94698692399264,735.0,22.024275469613965,1.516615602458716,0.146206170786036,0.6123015870662257,1.8374285596291784,0.1558421888080242,109.01214847451983,14.638350748180288,0.9431292630402592
TCGA-A2-A0SY,19.0,19.0,124.41888481595392,33.65741561143781,0.2705169368880408,3729.003453553378,110.79292292085997,2347.0,18.86369584064179,1.3870806429966167,0.0517114810153971,0.5682016945071394,1.7364300540876842,0.1196697192398351,113.67727531871046,11.779678034291392,0.9478503879402186
TCGA-A2-A0T4,5.0,5.0,40.89675537269574,11.671947542398383,0.2854003315429523,826.9395633235606,70.84846469020704,684.0,16.725043191486648,1.379645631960304,0.0952148329737992,0.6408433664989092,1.6754257253798577,0.1044418798920743,112.33337494691634,13.523662247722362,0.9667044728185537
TCGA-A2-A0YD,10.0,10.0,159.2855880804136,50.05618283730117,0.3142543116457647,3497.216481093328,69.86582441694397,3361.0,21.10046514881959,1.7107347672050524,0.0865427729808684,0.6102922223541144,1.7704447759072277,0.1813929151064917,101.308003871331,12.904694683828009,0.973387761359474
TCGA-A2-A0YK,10.0,10.0,24.159309740769995,4.8069928549619645,0.1989706207065152,424.841167326244,88.37982084531423,500.0,20.69595552873872,1.4908069083955182,0.1540841515331593,0.6592992090458332,1.928208693478081,0.2063752721466707,107.63550630225907,14.846867198812353,0.902015646822682
TCGA-A2-A0YL,5.0,5.0,90.56960981694682,29.59674058827057,0.3267844550516394,1427.8144025579031,48.242285271228745,1334.0,14.729002396015517,1.5941591338965684,0.1208066974355278,0.6624962262454525,1.7175679731450804,0.179812018374203,107.07945066050594,15.807612626104984,0.9660282915566408
TCGA-A2-A1FV,10.0,10.0,155.1910270470795,85.6851813722591,0.5521271622634808,1958.373469709309,22.85545106336601,1005.0,6.47588987019925,1.425823000136646,0.0376225239777512,0.6643157617151823,1.5798100202996617,0.3180335530493234,137.33982040232917,13.0504157663562,0.9575800410706388
TCGA-A2-A25A,6.0,6.0,129.10260812164103,28.659198003403823,0.2219877539298121,2814.387587829945,98.20189621132047,3069.0,23.7717893127951,1.3904187321464634,0.1862226195197279,0.6617653014034405,1.8070747706334371,0.0408450793970477,99.41287317857392,13.878496852919332,0.971845359653698
TCGA-A2-A25D,5.0,5.0,143.89362781271467,53.88486050214306,0.3744770447533446,2726.4424557269176,50.59755987711026,2056.0,14.288332508205263,1.4970279817360683,0.0577716145792678,0.6302810398284455,1.7068353467961104,0.250468534925052,120.68200816416524,12.32795202398773,0.9680480741242008
TCGA-A2-A3KC,10.0,10.0,74.39095526772958,25.893570795807086,0.3480741805588775,1679.3957510827304,64.85763451963423,1277.0,17.166065355716114,1.3903976091189414,0.0593427123303796,0.6224395792127264,1.9351289475830336,0.2973878029226366,105.64548333861904,11.642108975586943,0.9475074410914396
TCGA-A2-A4RY,7.0,7.0,47.6548899622657,18.19584709496992,0.3818253931417705,1252.4140862016302,68.82966644338582,1042.0,21.86554204248674,1.4965936927085168,0.0639653570389135,0.5952989625276695,1.5825268494128888,0.1765234596367776,99.26435453534408,11.115136843540713,0.9714725818888136
TCGA-A7-A13H,6.0,6.0,9.747179934870084,2.706765424795981,0.19383588931591844,168.40292787472669,116.84709997897339,164.5,22.590585861660323,1.3693334725967017,0.18197212048656924,0.6700777625704449,1.5930123481279366,0.501951259813354,93.57047425446413,18.329271003865593,0.6938421642691546
TCGA-A7-A26E,6.0,6.0,63.87611627877652,22.555048887982867,0.3531061404789415,1461.9398804891937,64.81652457282424,1708.0,26.739258732414516,1.524270959409023,0.0992639544371564,0.6359352265665615,1.5867099585451274,0.4180097543510355,95.02066530171476,12.60713297199128,0.9394907913477089
TCGA-A7-A3IZ,1.0,1.0,12.4156504826907,3.145396021099707,0.2533412184472224,192.25190872077548,61.12168624590538,184.0,14.82000482024876,,0.0915332848435928,0.6523349626151277,2.2954539165184085,0.3839525072298551,102.82952787440288,12.591620786157051,0.9449498243535444
TCGA-A7-A3J1,7.0,7.0,25.883781800875752,4.870343398673213,0.1881619709260734,542.2476317305008,111.33663221328926,596.0,23.02600155514504,1.4543224445682732,0.12668171598523,0.5792750768905846,1.84809777611264,0.2720508409769204,102.63658597529934,15.92352487373917,0.9032911517377946
TCGA-A7-A425,1.0,1.0,0.3429534867749162,0.0377905257594341,0.1101914026733204,4.474075405266518,118.39145699500096,3.0,8.74754191366169,,0.0704311518023167,0.3790485048377203,2.8684500449881454,0.7568903205264994,257.5545148604466,5.749999999999999,0.4754849457764707
TCGA-A7-A426,6.0,6.0,24.485510761762686,4.207209564441231,0.1718244559150196,620.0949004881345,147.38864109101982,697.0,28.46581420259594,1.5420844934343567,0.1600901303785588,0.5987671903082151,1.957212135893859,0.1198494553761368,92.97220664482852,12.766919856426384,0.935268940030219
TCGA-A7-A4SB,7.0,7.0,17.430840856062993,4.812823129791552,0.2761096363356161,583.9382640758835,121.32967456486904,457.0,26.217897562930307,,0.0813541492108968,0.5666360197984769,1.5751345442621023,0.2518751578780314,95.0855665676698,9.941412950203222,0.8886812135528916
TCGA-A7-A5ZX,4.0,4.0,27.361558588057143,8.538397547800614,0.3120581570790883,680.4529508783381,79.6932851942007,660.0,24.12143291749757,,0.1012262227184485,0.6078550471091645,1.8698246137255496,0.2577267293962778,101.30915070269752,10.705884974169962,0.9211579203047427
TCGA-A8-A09T,2.0,2.0,29.5525688546692,11.673348387803054,0.3950028319097785,805.7608253764154,69.02568128766875,628.0,21.25026772083058,1.753161451189223,0.0520929713321576,0.5868291118366932,2.046658679617319,0.2424119469619709,99.30745177063376,12.90624960327316,0.9523033908542402
TCGA-A8-A09W,2.0,2.0,30.50600572038556,10.976866179322696,0.3598263987732564,822.3077585924274,74.91279798431195,543.0,17.799773755275396,1.7669046548060896,0.0416383624797201,0.5854689345484325,1.7391383520167858,0.1869126731143134,112.2120199136018,14.703102442070104,0.9506695543611596
TCGA-A8-A09Z,1.0,1.0,102.36798751240757,88.66513686209069,0.8661412519352693,430.7675125683689,4.858364040404996,127.0,1.2406222207367994,1.37110240999249,0.0150512728695047,0.8206419969628671,2.265772405154304,0.9904149554181356,142.56473310394827,10.335013304297194,0.9595347255591322
TCGA-A8-A0A4,2.0,2.0,7.085565905472241,1.1480922309603272,0.1620325385829304,239.24122134868597,208.3815349473896,197.0,27.80300157082094,1.6195964427505751,0.0879649285191197,0.6041959524517341,2.0445708700347174,0.0775978971586294,95.17207007333148,14.672978761627716,0.9498830125510336
TCGA-A8-A0A7,2.0,2.0,27.85298085348578,9.0308029003262,0.324231110049968,681.6879466077542,75.48475524619535,552.0,19.81834558044862,1.6934032049736978,0.0837644384369566,0.6030294740137654,1.6476735744803537,0.1229727766027429,111.18471775893542,9.4199999558565,0.963544742509732
TCGA-A8-A0AB,1.0,1.0,16.67435317340692,6.902121367407715,0.4139363785586333,457.52261839101527,66.28724620106915,319.0,19.13117688479556,1.6439156052967097,0.0364220135257801,0.6138328806275054,1.5043246792315943,0.4249843548272927,94.91682213917616,12.732831578246843,0.9553472094128984
TCGA-AC-A23G,1.0,1.0,3.981873017916188,0.6564538245607231,0.1648605622547606,74.11352556770477,112.89983056660392,88.0,22.100152266044024,,0.1553761094095577,0.6192026844808092,2.5962575824230334,0.1347593765394308,118.155948326777,18.86154146165801,0.9559350498947816
TCGA-AC-A2B8,7.0,7.0,35.77775829695692,8.10982715434675,0.2266723109657916,608.0103614755404,74.97204933025678,727.0,20.31988684047416,1.608719101744388,0.1480680855527906,0.6549991389555552,2.135989439074407,0.2048545982430154,111.61609181483382,16.2229684661991,0.9345226013359894
TCGA-AC-A2FB,5.0,5.0,14.88062192247834,4.372456395293307,0.2938355949147777,204.5928141973837,46.79127604739886,175.0,11.76026115787868,1.4689368424434557,0.1562760014968272,0.7561386707307569,1.414391062900354,0.4812544047809325,136.87111217547894,17.85595342958409,0.8531147139356247
TCGA-AC-A2FE,1.0,1.0,0.2266540821780517,0.0358621509000096,0.1582241561916259,5.403998981397588,150.688088856269,5.0,22.06004829894116,,0.0980479473436521,0.6198498360762843,1.7302487260434616,0.4450094668176833,86.47201949908421,20.25,0.3707333948339483
TCGA-AC-A2FG,1.0,1.0,4.04131623138426,0.7603620264256993,0.1881471240782498,88.20907740541269,116.00931443152793,109.0,26.97141073829418,1.5606332150772195,0.1502823812116487,0.6325462232588908,1.764014406559971,0.285323331684257,100.53530552124462,11.31370849898476,0.8977030047734398
TCGA-AC-A2FK,2.0,2.0,19.2547004602052,7.917889651032298,0.4112185316721315,411.9884216264757,52.03260461867672,293.0,15.217063521998693,1.6446581415976544,0.0412789197584086,0.5707925166652329,1.3127483462401082,0.6661491746454118,111.87203956441134,11.691939212358404,0.9558212832141032
TCGA-AC-A3BB,4.0,4.0,31.187116069387045,11.26466854203856,0.3611962233691702,708.5337333572959,62.898764461033394,519.0,16.641487428504014,1.6219826860322686,0.0475059042812382,0.5709546507108604,1.4640407970533065,0.5740137649133532,103.03928322191813,13.129929202469471,0.9441542552225792
TCGA-AC-A3HN,6.0,6.0,9.006584446898406,1.4677112957673883,0.1629598106164233,146.68608105886125,99.94205364629757,166.0,18.430960257877263,1.3730148625050864,0.1308659836459327,0.5533039261445143,2.0365911775488903,0.3476513576539213,106.84807030112816,13.434212760042984,0.8245165387387499
TCGA-AC-A3OD,2.0,2.0,28.156288169657955,12.600527392806082,0.4475208989509058,435.82046499032674,34.58747807961961,221.0,7.849045963315438,1.722445491202266,0.0559914696684335,0.5881542601064297,1.851597320985001,0.4096591905465759,149.61701405848885,12.806832090250428,0.9250958595910712
TCGA-AC-A3QP,4.0,4.0,39.46428027630525,13.951939489449918,0.3535333570450745,1124.8411079854432,80.62256210586476,1057.0,26.783714097901168,1.4958193348051518,0.0760330422807228,0.5609840586169444,1.6099972296001512,0.2895997118126351,94.87531809591452,11.531014921343235,0.963599717479204
TCGA-AC-A3QQ,1.0,1.0,11.671523547896792,3.212000014632551,0.2751997201951714,308.75415227998565,96.12520263805378,296.0,25.360870736823315,1.605929444049609,0.0981086367260619,0.5623458115437897,1.8772497476372751,0.1151047454224833,100.13623532468156,11.75132963677158,0.9389894658189534
TCGA-AC-A3TM,6.0,6.0,182.62338042693156,78.19809091385865,0.428193206866774,4507.695424529808,57.644571265753655,2573.0,14.089105096975628,1.6755716744403513,0.0367194834560513,0.6249366057609888,1.6405621454769683,0.1523327327991172,110.9560974332804,9.427980775341304,0.9685537518313182
TCGA-AC-A3TN,7.0,7.0,10.274434446079365,1.8719170620193464,0.1821917373499477,168.43345160290815,89.9791208811405,170.0,16.5459228819033,1.5042157834528336,0.1601553179783473,0.6207299448868658,1.9288366634393457,0.2403517672111939,129.45301954169423,17.67830544572628,0.7953162563165926
TCGA-AC-A3W5,3.0,3.0,4.739012207913835,1.6820100365433588,0.3549284033779263,110.03409022118788,65.41821263285394,103.0,21.73448716337908,,0.0920383170222746,0.6679056728192837,1.831460839759208,0.6448106027882833,111.94549787089964,9.847758720792909,0.7549265192830814
TCGA-AC-A3W6,2.0,2.0,5.362468896497495,1.29304130162476,0.24112798164094,201.71823161859015,156.00292996451302,104.0,19.394051883065984,1.6271361744834174,0.0699140739741488,0.5744729751582011,1.7522847307929217,0.2510532465811128,124.28712770467487,10.645513950531972,0.8222908708702642
TCGA-AC-A3W7,3.0,3.0,10.905877854046318,3.090032095798103,0.2833363931956778,271.2067642128327,87.76826770881308,234.0,21.456319530773115,1.509399862060033,0.0862917533596248,0.5592451106166872,1.733148196385847,0.3597886216371715,103.59435633896275,13.178606300295291,0.9007358638904404
TCGA-AC-A3YI,6.0,6.0,6.546766391672635,1.0962201815243362,0.1674445238978907,137.093955625244,125.060601816881,126.0,19.24614266980256,1.4913367626228256,0.1230657762918965,0.5739355242721822,1.9325465968574616,0.3017891858329873,107.010248464156,14.238681655810236,0.7391297204314055
TCGA-AC-A5XS,2.0,2.0,16.721694882790857,6.968271105657282,0.4167203835795786,378.3874224463209,54.30147833070417,249.0,14.890835034686496,1.710835569316134,0.0476050625785421,0.5755575704824589,1.8161979613912784,0.3095881836732814,111.94693565873098,9.380948117543005,0.9330704603992388
TCGA-AC-A62Y,1.0,1.0,9.919567044641688,2.5345746549339823,0.2555126290822439,162.4593236079136,64.09727300462774,137.0,13.811086651609871,1.57395661820579,0.0981318330759249,0.5583474093558732,2.007852057827048,0.3207115622412182,120.00885384003963,14.075688260259248,0.9280071610406072
TCGA-AC-A6IV,4.0,4.0,7.9595469735639774,3.305568823619075,0.4152961009713055,113.15057197930945,34.230287740742746,60.0,7.538117458101301,1.445331489636568,0.0932110908480427,0.7007808391514546,1.34038743907524,0.4823584001154036,174.10523538086716,29.24459736459231,0.7955914346596762
TCGA-AC-A6IX,3.0,3.0,24.904648177985194,11.885406656078567,0.4772364809628122,404.84828182598295,34.06263609995464,212.0,8.512467170180718,1.4936695557293365,0.0412126293519995,0.6188777406085929,2.3008980796824243,0.3150357753901426,125.99177300017358,12.509826958888,0.9206188023846782
TCGA-AO-A0J8,1.0,1.0,19.390997277841542,7.934283566760245,0.409173569212291,619.0678754543428,78.02442025740741,392.0,20.21556675932009,,0.0497932296687964,0.6012681975967684,1.4675689581543068,0.3693998012552602,88.03029041898021,7.2886898685566255,0.927422278602302
TCGA-AO-A0J9,5.0,5.0,43.62022550660842,17.453983906808983,0.4001351140233036,1351.099832572748,77.40925165203514,825.0,18.91324472577551,1.505550220041037,0.045703745999496,0.6343370510972305,1.818008325517788,0.4088221238372634,99.21093849831148,7.430311508853289,0.9123017012724244
TCGA-AO-A0JJ,5.0,5.0,28.72111383844293,10.490613879788022,0.3652579053444103,825.2648893406086,78.66697781438928,408.0,14.205577203412494,1.4972499420122107,0.0424916301007039,0.6059905017017644,1.6879514958146045,0.2542707140052791,102.63692551815323,6.377193637480596,0.8781547465869494
TCGA-AO-A12E,8.0,8.0,10.509692384629206,2.615244871915759,0.2488412387541091,323.0370437000499,123.52076364589672,196.0,18.649451651568494,1.505585639892287,0.0547105073540665,0.581839077221824,1.9244393773394328,0.383837145398224,116.60004394500154,5.602110850492031,0.813090967480863
TCGA-AO-A1KO,3.0,3.0,35.212294983398515,7.922410477996508,0.2249898929260838,1510.305529753587,190.63712161194744,1206.0,34.24940068713473,1.6299134597169942,0.1104524262384176,0.5566270691949824,1.783435102798926,0.0428122231704426,85.24397806918101,7.862897531086997,0.952073242999614
TCGA-AO-A1KS,1.0,1.0,42.810750775051744,27.078712999565344,0.6325213295569123,584.3692541509434,21.58039247139713,243.0,5.676144323579812,,0.0342996987486586,0.7192317886292393,1.4073391247765117,0.5632346818779851,125.00095312136622,7.754031209635412,0.9481165351250735
TCGA-AQ-A7U7,3.0,3.0,43.283023753165416,7.603557942209965,0.1756706736934915,937.9876353947378,123.36167390632296,1010.0,23.334783765566648,1.549752585393852,0.1424464891768192,0.6019344901637839,1.7241595856266685,0.0715034410829472,100.41277026609674,14.692047641307562,0.9540980777324646
TCGA-AR-A1AK,6.0,6.0,84.12398830601765,52.98875764806077,0.6298887952780327,1010.2083751025128,19.06457935496594,682.0,8.107081151681612,1.421361256714251,0.0568834859572243,0.7207456885105452,1.2618921921442998,0.748781845027492,153.5401387357537,9.770392349117452,0.9042861562665218
TCGA-AR-A1AL,5.0,5.0,42.801945790071095,8.21948854814859,0.1920353945697321,978.275796985436,119.01905955034016,1224.0,28.596830760996276,1.4931783549737525,0.1618024311046909,0.6350648294884095,1.868485076460526,0.1496611445898458,95.3918620571436,15.352243801695304,0.955373693201571
TCGA-AR-A1AM,5.0,5.0,14.747953698936463,3.9608350873202034,0.2685684514730905,180.93195869648872,45.680255478372494,142.0,9.628454421459177,1.4573825230088144,0.126716097873967,0.7270723815891446,1.6229563359309835,0.2591686684528658,141.72050354211876,10.117678967971605,0.8557146414538033
TCGA-AR-A1AT,7.0,7.0,121.24804113588948,70.75136801205721,0.5835258644117984,1024.5993188865718,14.481689155635308,391.0,3.224794366465553,1.323396062416207,0.0668887925797477,0.7013013347013144,1.6226186330471346,0.3555234517994993,187.1507990235112,11.024694348505518,0.9384500876661508
TCGA-AR-A24H,5.0,5.0,41.45572463602542,30.2742941255616,0.7302801818413505,309.88194285100064,10.235810670457775,162.0,3.907783579284499,1.2678099028951668,0.0534246076661722,0.846714686572009,1.5725119566692825,0.9684546094118536,290.40128428544733,15.316414574634004,0.8250444448318416
TCGA-AR-A24T,9.0,9.0,97.88833665685264,25.411624668348257,0.2595980842684931,2349.774417874855,92.4684843469156,2295.0,23.445081185158124,1.4375919099776873,0.0964088696441333,0.5872237992703512,1.6158315916974857,0.2200334133001819,99.25384204975876,12.352697808743134,0.9615844755872464
TCGA-AR-A2LE,1.0,1.0,35.964243941920586,16.750290926795095,0.4657484515410776,488.5548033527602,29.1669443526637,276.0,7.674288953375975,,0.055685648253206,0.628960267456323,1.7156443160568866,0.1564752501257769,140.0961536878204,13.396525208394628,0.9622206538935254
TCGA-AR-A2LJ,8.0,8.0,39.08888527539114,19.72228817388835,0.5045497725233098,514.1146726370687,26.06769904709836,336.0,8.595793858862807,1.4965358147355243,0.0458828606985425,0.6718017505575594,1.684583916771829,0.381720230160853,123.04660230306854,12.544465905673588,0.9298808771202136
TCGA-AR-A2LK,4.0,4.0,92.47605221219044,32.12439882752231,0.3473807332714793,1836.8464211453916,57.17916873736757,1504.0,16.263670042369508,,0.0735208617354077,0.6263688154019007,1.8231555033456377,0.1488194869877562,109.47042069799896,11.605394950983303,0.9661239947706796
TCGA-AR-A2LM,14.0,14.0,115.37933410941632,45.192434397246736,0.3916856926422363,2600.076946642524,57.53345623711142,2742.0,23.7650877530608,1.413589160748845,0.092413291187253,0.5940232237996059,1.830135185488993,0.2964121343468051,94.69331046984269,11.80887462539853,0.9740758276750032
TCGA-AR-A2LO,6.0,6.0,21.35052810856993,5.816454467122276,0.2724267258189081,558.6168960919456,96.0407924190842,476.0,22.294530494959396,1.3505878505258968,0.0867647435375733,0.5739655575230622,1.7835974437084658,0.1643807439255411,98.78570454334064,10.55354203335251,0.9223127674987092
TCGA-AR-A5QM,13.0,13.0,53.33374102593612,11.048266186917884,0.2071534074751126,1168.8500225476691,105.79488245238788,1284.0,24.07481596641782,1.360440590413503,0.1306753467908985,0.5929093187502896,1.9580895219640384,0.1336856364434439,110.00254410880494,15.720737026257916,0.9282592720374888
TCGA-AR-A5QN,7.0,7.0,130.2864705213346,72.94144228662176,0.5598543117696746,1938.3488342563217,26.574040401334862,1417.0,10.87603336194424,,0.0371587683841596,0.7231351104176584,1.4553854246358209,0.5139424752881507,108.08610893907716,10.592117158222653,0.951396090145306
TCGA-AR-A5QP,10.0,10.0,87.0037134104805,35.332643664342754,0.4061050072385368,1810.1198117909976,51.230805964789646,1669.0,19.183089256497777,1.4437090197574047,0.0540028623073784,0.6081579974294745,1.920971096072404,0.3649447632059666,98.90564329223614,11.881749466064443,0.9611485833168324
TCGA-B6-A0IH,17.0,17.0,12.843965674754584,2.1138944282802106,0.1645826905653577,290.1809478927182,137.2731504518885,331.0,25.77085678846028,1.3586563184315488,0.1607599049079149,0.6064979218610227,1.7758875409172925,0.2919948142427054,102.03691315422084,14.105238695294965,0.798015462582901
TCGA-B6-A0IP,6.0,6.0,56.83846623372891,12.28533532310137,0.2161447367805826,1230.9452602013353,100.19630948832656,1440.0,25.33495527621186,1.6084804616317532,0.1486531486196221,0.65285263152758,2.197947534751512,0.0570713589974372,102.64961794920016,14.57743707160756,0.962235718014527
TCGA-B6-A0RQ,12.0,12.0,12.741182100806704,2.253048658031813,0.1768319956661762,213.8904738911177,94.93380141996808,234.0,18.36564285390634,1.3470314774002914,0.1245859490826589,0.6878346858217793,1.7035210331594324,0.5939756455359144,95.01348946947148,16.028575292200383,0.6431259852227148
TCGA-B6-A2IU,11.0,11.0,120.56887109323608,27.03073161632732,0.2241932877966853,2476.48740148012,91.61747586529444,1923.0,15.949390440198629,1.3867830366157616,0.0767579927650709,0.5900365343439253,1.849975350052951,0.1119503388903674,118.3934631533823,14.448129023888407,0.9742661321639052
TCGA-BH-A0C1,9.0,9.0,49.72842227066614,11.966324563900509,0.2406335052974165,1593.7560606084082,133.18676525090945,1855.0,37.30261116878887,1.6759688405491928,0.1470260618130429,0.6258609158544924,1.7717881106309272,0.0733478228049218,90.5704821617121,12.007843765041688,0.9588491279407088
TCGA-BH-A0DP,10.0,10.0,52.18431605761426,12.817229335194444,0.2456145888937883,1081.0999944548737,84.3474019370406,1119.0,21.44322441180535,1.5631472357493676,0.1084351540784659,0.6506870842150413,1.7989916732029658,0.1748362474067958,101.21096147960816,13.48071427406252,0.9568152095274104
TCGA-BH-A28O,9.0,9.0,11.64283689389597,1.835339702967914,0.1576368130631577,240.96893666454133,131.29391593004405,273.0,23.44789354071658,1.435739374151811,0.1470075339223291,0.6107382655003168,1.7767249410878907,0.3164315509169721,109.8783842442718,16.852759476713018,0.863973192397845
TCGA-BH-A28Q,7.0,7.0,188.6223686284953,88.70474603312648,0.4702769171976445,3193.6855254577918,36.00354736673414,3186.0,16.890891696281503,1.3978688841646063,0.0637552670965572,0.6524683366455062,1.7301921771040711,0.2593268452923663,103.98071051453464,14.089302752585136,0.957456899444402
TCGA-BH-A2L8,21.0,21.0,244.42972807047863,96.44596757603708,0.3945754403008948,5179.7347785973525,53.70607925638466,4398.0,17.992901414724336,1.312734627597637,0.0813748795182897,0.5910688829587812,1.7901235133326217,0.1416971048046824,110.57986031747949,12.032543905575595,0.9588036241498472
TCGA-BH-A42T,4.0,4.0,30.246973454749853,12.757050699307731,0.4217628821076121,459.10414744977874,35.98826705883455,360.0,11.902017255993169,1.5078571295531256,0.0466598449187453,0.7051085349736511,1.339416802514406,0.6877378495081012,116.38896048321344,14.541909062570152,0.9104709541115902
TCGA-C8-A3M7,7.0,7.0,155.57474823146367,32.25499832920712,0.2073279802530564,5047.885061146383,156.49931243603535,3993.0,25.666118990333995,,0.0781969333886781,0.6058112432440753,1.8884601593611048,0.0486140024944214,100.3360097826272,11.525991652367798,0.978090010863664
TCGA-C8-A3M8,3.0,3.0,68.42419129372553,19.77481307615686,0.2890032414306401,1575.584559872265,79.67633139207767,1233.0,18.019942606366847,1.3373890824553805,0.0829534778804206,0.633323399059809,1.7163178458506263,0.1361133896290715,114.69669078544824,11.54268582823804,0.960168385253902
TCGA-C8-A8HR,6.0,6.0,23.45862826798487,6.552693489841238,0.2793297807094721,518.6081305661143,79.14426813494664,454.0,19.353220265636583,1.529825571971739,0.0771862595253918,0.6989232108088571,1.342338438756118,0.5459100414812087,105.99688288921791,11.188460830276338,0.9054703259811858
TCGA-D8-A1JN,11.0,11.0,121.69154270710564,26.375399412144464,0.216739790008467,3150.0257588542167,119.43044765433194,2915.0,23.954006458903997,1.3908952296813368,0.0990561557613026,0.600951335362145,1.846916849141296,0.0610279514858268,105.35319524826332,14.214870068863316,0.9740294814135816
TCGA-D8-A1X8,8.0,8.0,29.75935864094937,6.388080872520136,0.2146578812263121,782.2167990474228,122.44942020260204,600.0,20.1617248287868,1.4408103035002846,0.091882504672179,0.6331422328314824,1.7838116645735802,0.2207915106719863,109.59233445461514,10.935460575087584,0.9188474502361068
TCGA-D8-A1XO,4.0,4.0,73.2487313498881,13.63186552183847,0.1861037764152251,1670.1862307595918,122.5207384920227,2250.0,30.717255555627272,1.354245470040953,0.1623545328357703,0.6367919052060668,1.9537998665787315,0.0325345105107456,100.6115390148992,18.258868440156025,0.971449001082753
TCGA-D8-A27G,7.0,7.0,75.63799239855268,16.42003913462258,0.2170871887781196,1471.6888397506814,89.627608538858,1644.0,21.7351088767324,1.421860417965927,0.1234094646762176,0.6327223227674693,2.000477056281336,0.1448177926303831,105.94859426067949,15.730438518057808,0.9580304902470648
TCGA-D8-A27I,3.0,3.0,24.604939874435672,5.4091999763253815,0.2198420318817969,471.1823276906606,87.10758148208596,410.0,16.66332054019716,1.2075947597287175,0.0971629861221178,0.5795138323287007,1.801376915640643,0.1159423701120451,116.77199378017268,14.744305579892687,0.9188769253018
TCGA-D8-A27T,7.5,7.5,74.87488776178893,19.679975383715814,0.18452340531833727,2030.2761065750813,126.16674928380718,2516.0,23.466071889271753,1.380267443325431,0.12346240917941284,0.7409068583062787,3.6580900305507438,0.27063989214712897,115.2734666362544,13.141595502831343,0.6316382747478906
TCGA-D8-A27V,9.0,9.0,82.50631260935143,27.413227502689264,0.40109843948248625,1791.8721706018569,64.82249784557786,1443.0,15.234045558207807,1.4389032481651056,0.058181739721802905,0.6857540877348078,1.6633642862642977,0.4849944515643488,109.41546223259786,13.5974803852693,0.9448231414383997
TCGA-D8-A3Z5,16.0,16.0,67.99951738486796,11.460917688644647,0.168544103390873,1669.5872092729776,145.6765727344143,1540.0,21.29070440610189,1.4303664674706198,0.1153201125939274,0.6188640756502127,1.8846002416860776,0.118725037587672,107.72066833265195,15.187739466740082,0.9516551675533234
TCGA-D8-A3Z6,3.0,3.0,6.540863133544201,1.137663619122599,0.1739317267301005,111.77710933775911,98.25145803991258,110.0,16.81735235153834,1.519706697070649,0.1261397807882858,0.6749627449650873,2.168312863044432,0.3755501296511648,122.69152281956173,22.118218752446012,0.852946493357903
TCGA-D8-A4Z1,9.0,9.0,15.17323636142286,3.266857759803584,0.2153039524322836,335.5744648573552,102.72086804217984,353.0,23.26464780430651,1.5111090418267032,0.1255350445110487,0.5963331249106156,1.7511128928703417,0.2634698462274918,114.25842603584884,17.53093020331237,0.8603852161309814
TCGA-D8-A73U,1.0,1.0,0.7530265307255702,0.1089414396612578,0.1446714494325831,14.58653177804484,133.89332675793665,15.0,19.91961688992142,1.490958286174728,0.1249875476184699,0.5845665096418746,5.139424985964875,0.4158906437170261,95.5801365347424,8.609587678861281,0.6785577581765417
TCGA-E2-A107,13.0,13.0,162.86458359131328,80.8877196213959,0.4966562885419751,3970.1208832220714,49.08187425488899,2233.0,13.710777080936223,1.4195633243476686,0.024054468701634,0.6461995415663826,1.619564638153165,0.2845457686220382,103.22913792351336,10.496521018315038,0.9767346370088182
TCGA-E2-A10F,8.0,8.0,17.97519007739984,2.5155487755133383,0.139945600835461,184.826767430467,73.47373631932464,259.0,14.40874888581234,1.2620356510656556,0.2064511296131374,0.664067005767164,2.098040670741989,0.2669702015829936,126.10793726598608,13.754438649945293,0.8199874748287644
TCGA-E2-A15L,6.0,6.0,128.35414591224622,78.38562257215673,0.6106980184788716,1613.990614872362,20.590390965978827,908.0,7.0741774139558045,1.3803659643541122,0.0283464381560078,0.607699349924436,1.8887694178873489,0.57472658610117,111.44105578002052,11.500161270871905,0.9582680223910468
TCGA-E2-A15M,5.0,5.0,20.70257065645859,5.864773288491794,0.2832872006966032,284.21232696020866,48.46092303651481,267.0,12.896949100217364,1.3173569131501988,0.2229407993180393,0.7297340895315687,2.1814483952464787,0.2254152558098663,129.12492232701484,16.13960056413857,0.8752571673018043
TCGA-E2-A1B5,22.0,22.0,46.623093412836,9.581745253194256,0.2055150045139703,1045.199215231966,109.08234226781694,1075.0,23.05724312372712,1.248327699102124,0.1306693966654299,0.6316675048005052,1.923602316065976,0.2387476363103277,119.28983479218748,15.922338654719043,0.903209050931491
TCGA-E2-A1IJ,8.0,8.0,50.05244691003489,11.177946896649647,0.223324684140639,1243.3849574917915,111.23553985253496,1516.0,30.288229519025997,1.3362110183613518,0.1464365023698551,0.6579808638031728,2.0104214508034994,0.1630824858982694,209.70931095631985,14.876624165054604,0.8493139623869361
TCGA-E2-A1IL,12.0,12.0,36.93114712405715,5.221982655541956,0.1413977918963781,660.2196658686483,126.430842348351,1005.0,27.21280215380414,1.264889307569237,0.2155661938116936,0.6617560866012642,2.1611980181429065,0.1131721689134941,108.14914711889976,17.525599905911047,0.9142065761388736
TCGA-E2-A1L8,4.0,4.0,17.37504557789099,3.8986100216376856,0.2243798443095022,383.1151520225148,98.26967814071844,336.0,19.33807876898728,,0.087811269015823,0.618963819768925,2.1176474715826106,0.2549479224308099,101.46596227923162,12.655549659573976,0.896951722758714
TCGA-E2-A2P6,11.0,11.0,88.82324775477707,35.030631702868426,0.3943858459170609,1958.2807065430763,55.90195241562617,1206.0,13.57752649767458,1.3892449353439211,0.0376370429570261,0.6640765147525416,1.4469873512500755,0.4868798853617447,109.9294039679966,9.245473820651316,0.9529771574310896
TCGA-E2-A3DX,10.0,10.0,61.15446083358275,14.564359515201112,0.2381569441816278,998.7052064086838,68.57185895241841,1200.0,19.62244427704977,1.332382878758377,0.1533933371592173,0.6602240641269821,2.043423311459993,0.2066062602312235,103.01447888002602,16.389833695798544,0.9443550993534972
TCGA-E2-A576,3.0,3.0,21.880442861748083,5.768586100553393,0.2636411948790202,492.6841787171056,85.4081347021658,529.0,24.176841544867017,1.6464268063617882,0.1073162836824617,0.5912849197202215,2.0183690593300074,0.2388863337820205,102.39137568551182,13.207011341394873,0.892111670739036
TCGA-E9-A295,13.0,13.0,104.0869740940083,22.26246032282491,0.213883250201107,3004.739818160575,134.9689016662692,3985.0,38.285290111333865,1.643847015940354,0.1574207354358403,0.6692220944966021,1.9320666121069003,0.0734010055745211,83.810016973964,13.021791070182196,0.9567624596405364
TCGA-E9-A2JS,1.0,1.0,146.15212985226253,77.7198383762032,0.5317735598842527,2710.0394702446624,34.86934001492264,2229.0,15.25123172856378,,0.03899787509958,0.6197561522254049,1.8969197305701488,0.2685744097399601,93.98304368342195,12.374368670764582,0.9608758011868764
TCGA-E9-A2JT,7.0,7.0,5.553425625796914,1.6289679565865902,0.2933266899298456,86.8759982605392,53.33192584253341,65.0,11.7044873524659,1.3511959849355075,0.0601011902523515,0.5702059763615777,1.246026696214765,0.8480477588755032,133.29243527104745,12.590079610395597,0.6841520959850067
TCGA-E9-A3HO,6.0,6.0,93.12588350863057,52.59450520200135,0.5647678520776351,1313.6659448787457,24.97724695447382,712.0,7.645565047809877,1.3764062346291437,0.0375086550591823,0.6955646034515856,1.5946459065663727,0.3995305728207473,125.12963260209892,10.566161294136178,0.9575271931448862
TCGA-E9-A3Q9,4.0,4.0,97.72080625802003,47.00287568634484,0.4809914846817718,1638.8535301833756,34.86709070993057,1053.0,10.775596726245588,,0.0359130280769016,0.5984689340258365,1.8610219236123544,0.3947513752646696,114.04125818973284,10.697674170109018,0.9660460950535632
TCGA-E9-A3X8,2.0,2.0,23.30122693735639,2.8402231968678757,0.1218915726842884,438.760814848932,154.48110392619358,703.0,30.17008511568781,,0.2348415182996393,0.6837087304140136,1.91471733681691,0.0298916201272701,89.68158220966764,17.40391691244444,0.9605969885306908
TCGA-E9-A5FK,12.0,12.0,26.15757401814577,5.171927894524352,0.1977220017015544,550.7676374386157,106.49174711459668,543.0,20.758805828985345,1.5135656583686448,0.1154698265679114,0.6233903779405627,1.631864118305854,0.2417921436250014,111.84727724894852,12.763910153033333,0.8707843574611572
TCGA-E9-A6HE,4.0,4.0,74.41456007673384,26.45099640982367,0.3554545828470702,1730.393145713903,65.41882653128523,1742.0,23.4093972766043,1.456470614670904,0.0918790485764123,0.5792060286789966,1.9712739777697312,0.2072053462514327,99.12792488114265,12.052212906210444,0.9641536990608762
TCGA-EW-A1IW,19.0,19.0,42.70713219837207,7.146493159961421,0.1673372289847604,619.4412183078409,86.6776479656191,759.0,17.772207145038223,1.4560255865695162,0.2013515038075319,0.6753639547572979,2.0729847662889664,0.1362034860036959,134.56349232333486,18.246775813762984,0.8808795840125714
TCGA-EW-A1J2,5.0,5.0,19.43608245959131,4.3025379304940685,0.2213685777182352,388.3304590305272,90.25613842431238,445.0,22.89556040550762,1.5612264216632026,0.1424301703330183,0.6642081413551117,1.7976543034740142,0.2124967755641302,108.23730409210351,14.64193490077668,0.878866172401098
TCGA-EW-A1J3,11.0,11.0,76.74201943235333,24.662983284389853,0.3213752187760684,981.5045217481268,39.796666543960185,675.0,8.795702862562797,1.486483608021264,0.139810474221572,0.6478647925920771,1.9011567057627268,0.373605082301873,130.81138215688614,13.245507814819389,0.9400819494566578
TCGA-EW-A1J5,6.0,6.0,186.6657062164744,68.31194804910274,0.3659587475049223,4895.713744883115,71.66701996792814,3276.0,17.55009029993359,1.7134422943349472,0.0483031811893112,0.5940301936809907,1.6252316517011254,0.2181935999520911,105.8706191266981,9.154906044790936,0.9759152742521516
TCGA-EW-A1PG,13.0,13.0,79.71459282854738,28.036682754304888,0.3517133031665488,1608.6606150969126,57.37699531696242,1501.0,18.82967655907617,1.4231817723436235,0.0982777606146561,0.6768606277815004,1.7822190989504625,0.3319120881816425,98.8589157541713,10.995044858962178,0.9434047325082912
TCGA-EW-A3E8,12.0,12.0,24.89569902278272,4.159512119752809,0.167077538812882,748.1791022855864,179.87184091437365,651.0,26.1490950466686,1.5178597166690158,0.1164434324748495,0.6200021169914072,1.8597125983042797,0.1473619057668617,100.10839166914316,13.199108151918995,0.901433797409436
TCGA-EW-A423,9.0,9.0,137.30511898907227,80.4870136831282,0.5821364519095829,1428.160478486429,18.13151801253038,1030.5,7.539377967242629,1.2140803312750768,0.03717155090133855,0.6801588918257114,1.393283267441982,0.7198317071607193,118.22809505761185,13.416623210121298,0.9668946822891322
TCGA-EW-A424,9.0,9.0,139.21029066375883,40.68538253826485,0.292258441127274,2783.509573365436,68.41547011995102,2693.0,19.344834258729687,1.4321944335187626,0.1388852907565251,0.6792964741290428,1.8274400967112248,0.106519836641975,104.43332788117505,14.304405036536435,0.965381476849378
TCGA-EW-A6SC,8.0,8.0,64.80261366220176,13.80124575040337,0.2129735973666968,1345.5495563271145,97.4947900110965,1334.0,20.58558944788517,1.5115860751854684,0.1276074909659435,0.604276164128009,1.9292919220654248,0.1628512426255569,105.96303273315898,13.548843524507303,0.9407785997986025
TCGA-GM-A2DO,1.0,1.0,31.53370697203275,20.56239208322283,0.6520765890752908,342.2884557753408,16.646334453208834,182.0,5.771601802522483,,0.0303450914071879,0.6985603684616556,1.4902030775299446,0.626388838158222,147.17278323453695,10.55624631919778,0.9515244316090424
TCGA-GM-A3NW,8.0,8.0,107.45970120503044,48.91980225997501,0.4552385844311743,2675.431711923895,54.690157938615954,1799.0,16.74115952144286,1.5163621918649377,0.0348408139986752,0.555839657396598,1.7632927713688342,0.412391223704782,100.38327917139168,10.45547352654351,0.950696847684293
TCGA-GM-A3NY,6.0,6.0,81.30456021156115,37.00909015866547,0.455190828932163,1768.391878537918,47.78263585936492,1111.0,13.664670187122182,1.6694274732619678,0.0406034142429839,0.5482494644571968,1.68290710605756,0.3990267626053793,110.29250812589744,9.454316239526747,0.95524488218992
TCGA-GM-A3XG,1.0,1.0,87.77070181243299,28.83007300419761,0.328470348406326,1026.8997810464343,35.619048931888564,831.0,9.4678518325609,,0.1746619186659284,0.7486044860281864,1.5609280711262947,0.0564524846405673,125.79199100101722,12.5,0.9728397783325078
TCGA-GM-A3XN,14.0,14.0,61.3000639591688,9.683154088311325,0.1579631971470886,1132.6158449438649,116.96765688269504,1392.0,22.70796978168234,1.2262060847166214,0.189746457757227,0.6334765115374621,2.175330722630468,0.080752677842696,107.18047746985704,18.175951715086484,0.948154351054148
TCGA-GM-A4E0,8.0,8.0,5.375825051725307,0.8487015689045001,0.1578737330062702,123.11697577753922,145.06509742459653,119.0,22.13613703106063,1.4270312153997056,0.1056667085006797,0.5983433616463228,1.8524719015069409,0.3901555048150162,98.67743327405437,9.311600953436162,0.7604973399269711
TCGA-HN-A2OB,6.0,6.0,9.256806471340465,2.4845404819745767,0.2684014718971211,251.53430354729184,101.2397686301276,163.0,17.60866455452603,1.538383246972013,0.1354741907057354,0.6712789042580487,1.8671359846734328,0.2602679385288034,116.65298470129063,6.969960281297014,0.8526621263081532
TCGA-JL-A3YW,4.0,4.0,36.591171225976375,15.31274113309128,0.4184818528634754,945.4664199375252,61.74377348379152,723.0,19.758864659864628,1.3017345699756553,0.0512930663890151,0.6461956268808642,1.383998852777291,0.5400462943504425,111.8149990404412,13.394726230631946,0.9557266554348212
TCGA-JL-A3YX,6.0,6.0,144.32539180994297,61.7822806411781,0.4280763063684387,2982.1009194808667,48.2678996070159,2540.0,17.599120765560343,1.523554515412432,0.0630483360107033,0.5540155189061767,1.865729090700468,0.2838853324968295,109.7492410581644,11.092473419776484,0.9707785043071648
TCGA-LD-A66U,5.0,5.0,93.7996014889936,35.06594755792337,0.3738389822694289,2508.508415040199,71.53687807513377,2313.0,24.65895337808452,1.7743516567037951,0.0814089181749341,0.5817553087365719,2.080975951272073,0.0742408901419403,96.08640050998892,10.52298250025628,0.975484607976853
TCGA-LL-A440,4.0,4.0,18.68953915501941,7.306540642275126,0.3909427932744304,229.92738271292504,31.468706460425544,164.0,8.774962220293958,1.4089058100313772,0.0862683029838114,0.7053813255231864,1.3640737066936746,0.4583058950594764,129.1616445911711,19.722188264220165,0.8857348198398167
TCGA-LL-A50Y,6.0,6.0,33.04406582828002,13.80449169031822,0.4177600832190558,521.194499496375,37.75542853648966,339.0,10.259028103916757,1.3822347085757904,0.0705034063953712,0.6456273795325679,1.8161434259674345,0.2646282773945705,129.68966010319832,12.54449518705118,0.9269248156007486
TCGA-LL-A5YL,11.0,11.0,104.24320814748704,25.254579587206525,0.2422659474512281,1877.7147288371352,74.35145464818383,2047.0,19.63677093575085,1.2329711507759262,0.1338803682061944,0.6545973382810686,1.8569734792234307,0.0953030620555002,112.0414069643554,16.807381925933164,0.9594358220387902
TCGA-LL-A6FP,5.0,5.0,12.157048898120808,2.493791578067524,0.2051313274270867,250.5677697655647,100.47662842767852,217.0,17.849726674501003,1.5486058277974473,0.0916960554593997,0.6037890228822156,1.7760249353824469,0.3582845676647671,123.3074491233269,10.98391902611298,0.8575722426828694
TCGA-LQ-A4E4,13.0,13.0,101.54257622098504,54.05168083735319,0.5323055889356364,1714.5889882984766,31.721288991138746,1239.0,12.20177826987164,1.469662522374748,0.0240531532745649,0.6518262997162848,1.6649972038582668,0.829593070778274,107.71818873012352,9.362997831526473,0.9739214452212842
TCGA-OK-A5Q2,12.5,12.5,65.96359908045501,14.274505932000666,0.1981926084885579,1554.934120834418,112.01175782349233,1173.5,17.498477295320306,1.6014867213382167,0.1028561348263496,0.6116873992211431,1.8688710533461896,0.12670788900398625,110.23773701164549,14.169234330777648,0.9391099011622213
TCGA-OL-A5DA,5.0,5.0,88.766271291193,41.95474068247624,0.4726428188567926,1938.2379481343348,46.198305998442336,1209.0,13.620038134010835,1.076941295186037,0.0408984240852663,0.6395560516908047,1.4495578972566898,0.3940269839323309,113.1073666323663,9.437922380705166,0.9623871072164666
TCGA-OL-A66J,10.0,10.0,67.94876508385765,22.125113803931004,0.3256146565228334,869.3883755675673,39.2941877394141,974.0,14.334329679103908,1.6870621038062643,0.1595923511706595,0.663993841485006,1.8979896829598877,0.1397088800095696,133.95360962948047,22.670571564820666,0.9435368671783554
TCGA-OL-A66K,26.0,26.0,264.33999084236206,76.39940079781516,0.2890194576853699,4953.872931477844,64.84177728812125,6684.0,25.2856178843782,1.675326899846214,0.1618737457760214,0.6311777854256562,1.9833603655415772,0.0462921493635562,105.82232884190748,18.411449940479763,0.9784740633039798
TCGA-OL-A66N,7.0,7.0,16.953473078882727,3.946762886009637,0.2327996669264028,351.3194470858577,89.0145816287074,380.0,22.414286337194746,1.5920706940930882,0.1360921913234848,0.6325442940140362,1.798396799222713,0.2516235412846073,104.3474080465828,12.54464448220638,0.8871934115131308
TCGA-OL-A6VQ,3.0,3.0,142.6882048170119,118.73996889169068,0.8321638711760848,541.1561228987936,4.557489175295406,178.0,1.2474752221339749,1.463225653543094,0.0204176471326359,0.7144593829422791,1.1483696321457757,0.8930070842706053,204.970147252384,13.049069194979367,0.930330013276094
TCGA-PE-A5DC,3.0,3.0,1.8654183414918373,0.2072153824327593,0.1110825265431035,31.29012300919237,151.00289680157266,46.0,24.659347974037964,1.3216833285657,0.2269531640845381,0.7282617073381181,1.7622191460778205,0.2296267389200783,85.87855590595738,17.273954276304583,0.7764718374243749
TCGA-PE-A5DD,2.0,2.0,0.7199980267642073,0.0747353344090404,0.1037993600411845,12.344858521017926,165.18101669890467,20.0,27.777853905910515,1.342915409684102,0.2036563860156099,0.6837843350775625,1.753522414197184,0.3694089643943017,97.00821924586712,17.100816292362587,0.568225347937975
TCGA-PE-A5DE,2.0,2.0,0.5730235865876419,0.057140785371563,0.0997180337930532,9.980245023406544,174.66062040465684,19.0,33.1574483925611,1.298868570849934,0.3119547779883409,0.7422952707935301,1.686046683262934,0.2427259173419646,69.56560922292302,12.12130993629327,0.6150782557235055
TCGA-W8-A86G,7.0,7.0,25.605766870658957,8.839956607525387,0.3452330348932014,306.51133315348824,34.67339793190359,236.0,9.21667377478262,1.402478613488336,0.1683541034337374,0.8036984908166559,1.5467235065195617,0.515119664510979,165.4544328246038,12.47725708897302,0.8784328925137516
TCGA-WT-AB44,1.0,1.0,33.00838449048688,11.305955453898974,0.3425176853825544,711.8007476017272,62.95803574533414,931.0,28.204955024936687,1.6144966514785093,0.1333168414556676,0.6295332066652772,1.7279173437242414,0.1299105567348287,91.47267351509956,14.25,0.9517646036761952
TCGA-XX-A899,7.0,7.0,51.834341558829394,15.752908101981529,0.3039087143434196,1543.8292481399624,98.00280926832596,1494.0,28.82259048867023,1.6887953026915954,0.0908793938186281,0.5763267000071342,1.8050600719579235,0.0887662589566491,94.07519306341965,11.019249249490455,0.9652906493132
TCGA-XX-A89A,16.0,16.0,55.90199177988674,11.486821483043478,0.2054814348703829,1335.4743570974915,116.2614356868766,1310.0,23.43386985490795,1.5897165195167569,0.1099711614038458,0.6104987543689326,1.9028763779534092,0.2249415173488077,104.1400359972398,13.99683666205716,0.9187676356148926
TCGA-Z7-A8R5,10.0,10.0,25.92700052291317,5.974260118737907,0.2304261965613072,637.4837268447042,106.7050503618473,477.0,18.397808862558087,1.530187221942592,0.0690978133440167,0.6374661872313643,1.7635521268234595,0.3713057728368329,110.69609705546937,13.569389223559254,0.9276731463805132
