feature,n_A,n_B,missing_A,missing_B,mean_A,mean_B,median_A,median_B,mean_difference_A_minus_B,CI95_low,CI95_high,p_value,status,FDR_q,significant_FDR_0.05
wsi_tumor_fraction_of_cluster,156,570,0,0,0.3094859180799702,0.4146737864207983,0.27565467826539375,0.3941907248959693,-0.10518786834082805,-0.1315660873084386,-0.0788096493732175,9.476349785915138e-14,ok,1.6109794636055735e-12,True
wsi_tumor_boundary_density_per_mm,156,570,0,0,82.69967874761015,54.28202462729195,78.90562297466796,46.57941750821425,28.417654120318197,21.03209878918534,35.80320945145105,7.538418430275847e-13,ok,6.40765566573447e-12,True
wsi_tumor_area_mm2,156,570,0,0,20.778930517376857,38.29567437087796,11.500148871468074,26.382379822634167,-17.516743853501104,-22.273772062593828,-12.75971564440838,2.8147822462316854e-12,ok,1.5950432728646216e-11,True
wsi_cluster_area_mm2,156,570,0,0,57.1470963401637,85.21425410895989,39.2765827758482,71.83974478311933,-28.067157768796193,-37.5285253013685,-18.60579023622389,1.4539432209438479e-08,ok,6.179258689011353e-08,True
wsi_area_weighted_tumor_solidity_mean,156,570,0,0,0.6333859862870179,0.6605840611222176,0.6278167602836888,0.654431924057969,-0.027198074835199648,-0.03758412422406085,-0.016812025446338443,5.002436381145669e-07,ok,1.7008283695895275e-06,True
wsi_area_weighted_tumor_spread_frac,156,570,0,0,0.903957255673655,0.9381977323253622,0.9416029190964568,0.9537246276599711,-0.03424047665170715,-0.05012155710166763,-0.01835939620174668,3.336396101448757e-05,ok,9.453122287438146e-05,True
wsi_area_weighted_tumor_island_gap_median_um,156,570,0,0,13.327344847963781,14.692799495175157,13.035430132580782,14.115290008487602,-1.3654546472113758,-2.033161170830765,-0.6977481235919867,7.171251631682466e-05,ok,0.00017415896819800272,True
wsi_area_weighted_tumor_island_nnd_median_um,156,570,0,0,114.13055227866265,124.1162053896788,108.19322560550164,112.85290232729668,-9.985653111016148,-15.302301078112816,-4.669005143919482,0.00025619553396987463,ok,0.0005444155096859835,True
wsi_tumor_n_islands,156,570,0,0,1022.0416666666666,1347.5745614035088,690.5,1026.5,-325.5328947368422,-517.5614006043853,-133.50438886929908,0.0009582118329279363,ok,0.0018099556844194352,True
wsi_tumor_perimeter_mm,156,570,0,0,1157.297835974883,1431.7789189993514,793.9888122119191,1131.116541949422,-274.4810830244685,-473.02351978618503,-75.93864626275197,0.006928739938993755,ok,0.011778857896289383,True
wsi_tumor_patch_density_per_mm2,156,570,0,0,18.712575997440524,16.90782273815215,19.15713307064667,15.941003543608556,1.8047532592883755,0.4109183782232899,3.1985881403534613,0.01130263179754592,ok,0.017467703687116424,True
wsi_area_weighted_tumor_boundary_fractal_dimension,137,520,19,50,1.4800238763874076,1.5014133997922063,1.4908069083955182,1.5237728640919248,-0.021389523404798716,-0.04881487318588973,0.0060358263762922935,0.12586764619644272,ok,0.17831249877829383,False
n_clusters_with_tumor,156,570,0,0,6.826923076923077,6.314035087719298,6.0,5.0,0.5128879892037785,-0.3106586713542676,1.3364346497618247,0.22112134376364867,ok,0.2685044888558591,False
n_clusters,156,570,0,0,6.826923076923077,6.314035087719298,6.0,5.0,0.5128879892037785,-0.3106586713542676,1.3364346497618247,0.22112134376364867,ok,0.2685044888558591,False
wsi_area_weighted_tumor_elongation_mean,156,570,0,0,1.8304724898989553,1.7937742506602206,1.8001842944218045,1.7999318054145836,0.03669823923873472,-0.02846888726997715,0.10186536574744659,0.26805793088279983,ok,0.30379898833383984,False
wsi_area_weighted_tumor_compactness_mean,156,570,0,0,0.10208547802294715,0.10566326340054277,0.09421296191092095,0.0889972373544877,-0.0035777853775956214,-0.013493081632337344,0.006337510877146102,0.47820933501525986,ok,0.5080974184537136,False
wsi_area_weighted_tumor_largest_patch_index,156,570,0,0,0.29557282090130965,0.28961259501314,0.25844769892457176,0.20949269586955044,0.005960225888169635,-0.030786951161944062,0.04270740293828333,0.7497867131614149,ok,0.7497867131614149,False
