subset,limit_months,module,feature,transform,cohort,adjustment,model,stage_coding,n,events,HR,HR_CI95_low,HR_CI95_high,p,PH_test_p,status,q
ER+/HER2-,120,tumor_morphology,wsi_tumor_area_mm2,log1p+z,All,unadjusted,All_unadjusted,,383,30,1.2779912144379624,0.8456743359675427,1.9313126515918098,0.24429564107493407,0.8829870809409792,ok,0.6107391026873351
ER+/HER2-,120,tumor_morphology,wsi_tumor_area_mm2,log1p+z,All,age,All_age,,383,30,1.39971333867731,0.8912305594448608,2.198305937457472,0.14429036464359857,0.7434191322822563,ok,0.40080656845444046
ER+/HER2-,120,tumor_morphology,wsi_tumor_area_mm2,log1p+z,All,age_stage,All_age_stage,3level,383,30,1.396057745611048,0.8858018888702219,2.200240543138133,0.1505714255889876,0.7796419979970758,ok,0.3280318618166278
ER+/HER2-,120,tumor_morphology,wsi_tumor_area_mm2,log1p+z,ILC,unadjusted,ILC_unadjusted,,106,8,1.325794660419756,0.6530902533643546,2.691406696919284,0.4350144916029832,0.8124307793764897,ok,0.7768115921481843
ER+/HER2-,120,tumor_morphology,wsi_tumor_area_mm2,log1p+z,ILC,age,ILC_age,,106,8,1.2831948972147877,0.637286010612922,2.5837522192813105,0.4849986408575895,0.8427118861011171,ok,0.7214827191981209
ER+/HER2-,120,tumor_morphology,wsi_tumor_area_mm2,log1p+z,ILC,age_stage,ILC_age_stage,binary,106,8,1.3957353218848993,0.6600500932837646,2.951407944002272,0.38285357467487624,0.7097768353659404,ok,0.825951044505372
ER+/HER2-,120,tumor_morphology,wsi_tumor_area_mm2,log1p+z,IDC,unadjusted,IDC_unadjusted,,277,22,1.2516732542553963,0.747139997299571,2.0969108079889347,0.3938303535235068,0.4399639572406807,ok,0.8859349786780379
ER+/HER2-,120,tumor_morphology,wsi_tumor_area_mm2,log1p+z,IDC,age,IDC_age,,277,22,1.5318349720713755,0.8293554215931618,2.829327837699951,0.1731091830987958,0.2987828422658264,ok,0.4262782427879495
ER+/HER2-,120,tumor_morphology,wsi_tumor_area_mm2,log1p+z,IDC,age_stage,IDC_age_stage,3level,277,22,1.3908953076169308,0.7659224425453578,2.52582983509617,0.27840400688930445,0.3073345078400731,ok,0.4644876126686309
ER+/HER2-,120,tumor_morphology,wsi_tumor_fraction_of_cluster,z,All,unadjusted,All_unadjusted,,383,30,0.9682858677500673,0.6628285089324901,1.4145099509894408,0.8676384662888658,0.40625053009612144,ok,0.9037900690509019
ER+/HER2-,120,tumor_morphology,wsi_tumor_fraction_of_cluster,z,All,age,All_age,,383,30,0.9250658506862532,0.6313697865104739,1.3553813413142872,0.6894014053021016,0.29181761651340266,ok,0.7599154686837725
ER+/HER2-,120,tumor_morphology,wsi_tumor_fraction_of_cluster,z,All,age_stage,All_age_stage,3level,383,30,0.8953048861949064,0.6036756249530694,1.3278171357453592,0.5823467178920183,0.30017017665340595,ok,0.6932699022524028
ER+/HER2-,120,tumor_morphology,wsi_tumor_fraction_of_cluster,z,ILC,unadjusted,ILC_unadjusted,,106,8,0.8639978364073984,0.3980476651837748,1.8753840974598281,0.7116056318243277,0.42324332438087153,ok,0.8809836164272199
ER+/HER2-,120,tumor_morphology,wsi_tumor_fraction_of_cluster,z,ILC,age,ILC_age,,106,8,0.820051318113253,0.3791460265372893,1.773681160478005,0.6142381436642471,0.4309220193165356,ok,0.7752701032489809
ER+/HER2-,120,tumor_morphology,wsi_tumor_fraction_of_cluster,z,ILC,age_stage,ILC_age_stage,binary,106,8,0.8833789746826052,0.3902359870430295,1.9997089935871142,0.7661042715831197,0.3907829931261485,ok,0.9958660897937278
ER+/HER2-,120,tumor_morphology,wsi_tumor_fraction_of_cluster,z,IDC,unadjusted,IDC_unadjusted,,277,22,0.9873514498674075,0.627967502487048,1.552409769127151,0.9560341552947893,0.641671043876151,ok,0.9958689117654055
ER+/HER2-,120,tumor_morphology,wsi_tumor_fraction_of_cluster,z,IDC,age,IDC_age,,277,22,0.9540500322169129,0.5996555279165895,1.5178905581600848,0.8426211002184361,0.41477560284903237,ok,0.8852992142129933
ER+/HER2-,120,tumor_morphology,wsi_tumor_fraction_of_cluster,z,IDC,age_stage,IDC_age_stage,3level,277,22,0.8804095445795518,0.5494755078693737,1.4106560803635355,0.5964315869186712,0.5140092572014443,ok,0.7847784038403568
ER+/HER2-,120,tumor_morphology,wsi_tumor_perimeter_mm,log1p+z,All,unadjusted,All_unadjusted,,383,30,1.4217950965351294,0.9097618848633469,2.2220114187735867,0.12238966589273931,0.7585124183253207,ok,0.3704295566376283
ER+/HER2-,120,tumor_morphology,wsi_tumor_perimeter_mm,log1p+z,All,age,All_age,,383,30,1.6783982044731969,1.0242890451858173,2.7502203074600033,0.03985866696414097,0.6746078376849705,ok,0.14235238201478917
ER+/HER2-,120,tumor_morphology,wsi_tumor_perimeter_mm,log1p+z,All,age_stage,All_age_stage,3level,383,30,1.5939644923910756,0.9863743460084732,2.575820035552419,0.05691828320675765,0.8315070974400048,ok,0.23715951336149022
ER+/HER2-,120,tumor_morphology,wsi_tumor_perimeter_mm,log1p+z,ILC,unadjusted,ILC_unadjusted,,106,8,1.5978473740325005,0.7414838609729958,3.443252598043452,0.2315382827042587,0.9059102816860582,ok,0.739372880784312
ER+/HER2-,120,tumor_morphology,wsi_tumor_perimeter_mm,log1p+z,ILC,age,ILC_age,,106,8,1.746755735936267,0.753346107712134,4.050137871279939,0.19364092268346306,0.8787341300887201,ok,0.6703840721712866
ER+/HER2-,120,tumor_morphology,wsi_tumor_perimeter_mm,log1p+z,ILC,age_stage,ILC_age_stage,binary,106,8,1.7845506896899994,0.7475768248479193,4.259924944464276,0.1920161326941841,0.7464930129836722,ok,0.6857719024792289
ER+/HER2-,120,tumor_morphology,wsi_tumor_perimeter_mm,log1p+z,IDC,unadjusted,IDC_unadjusted,,277,22,1.3543941750168855,0.7661303047798427,2.3943493291872895,0.29669914960333976,0.30649234915931844,ok,0.8859349786780379
ER+/HER2-,120,tumor_morphology,wsi_tumor_perimeter_mm,log1p+z,IDC,age,IDC_age,,277,22,1.642359473457676,0.886341102212699,3.0432354240623734,0.11489591559543613,0.22174191263806992,ok,0.4262782427879495
ER+/HER2-,120,tumor_morphology,wsi_tumor_perimeter_mm,log1p+z,IDC,age_stage,IDC_age_stage,3level,277,22,1.5389582824854728,0.8477938884983471,2.7935947962843257,0.1564323898919391,0.2846138477656156,ok,0.3657453234072024
ER+/HER2-,120,tumor_morphology,wsi_tumor_boundary_density_per_mm,log1p+z,All,unadjusted,All_unadjusted,,383,30,1.0195591308165641,0.6856392518266705,1.5161045964944455,0.9237711729518046,0.8236769339100376,ok,0.9237711729518046
ER+/HER2-,120,tumor_morphology,wsi_tumor_boundary_density_per_mm,log1p+z,All,age,All_age,,383,30,1.082544664446893,0.7240550605803545,1.6185273942883798,0.6991222311890706,0.6063299127077766,ok,0.7599154686837725
ER+/HER2-,120,tumor_morphology,wsi_tumor_boundary_density_per_mm,log1p+z,All,age_stage,All_age_stage,3level,383,30,1.0625443705100768,0.7093411527541559,1.591618553243513,0.7685633038568552,0.7085463752950178,ok,0.8733673907464264
ER+/HER2-,120,tumor_morphology,wsi_tumor_boundary_density_per_mm,log1p+z,ILC,unadjusted,ILC_unadjusted,,106,8,1.1132944198858696,0.5064308148054162,2.4473717418345364,0.7894331974426833,0.8881166262737029,ok,0.8809836164272199
ER+/HER2-,120,tumor_morphology,wsi_tumor_boundary_density_per_mm,log1p+z,ILC,age,ILC_age,,106,8,1.223827083898488,0.55051838532326,2.7206225463369553,0.6202160825991847,0.8758041539071937,ok,0.7752701032489809
ER+/HER2-,120,tumor_morphology,wsi_tumor_boundary_density_per_mm,log1p+z,ILC,age_stage,ILC_age_stage,binary,106,8,1.1097694168848622,0.48174386392628615,2.5565206967356784,0.8067501929573518,0.8695429076470367,ok,0.9958660897937278
ER+/HER2-,120,tumor_morphology,wsi_tumor_boundary_density_per_mm,log1p+z,IDC,unadjusted,IDC_unadjusted,,277,22,0.9987693490159454,0.6244475949552467,1.5974762663714441,0.995899770043818,0.814472549536164,ok,0.9958997700438181
ER+/HER2-,120,tumor_morphology,wsi_tumor_boundary_density_per_mm,log1p+z,IDC,age,IDC_age,,277,22,1.0259104249660072,0.6337139962344165,1.6608315522584847,0.9171100654432983,0.5296276102791161,ok,0.9171100654432983
ER+/HER2-,120,tumor_morphology,wsi_tumor_boundary_density_per_mm,log1p+z,IDC,age_stage,IDC_age_stage,3level,277,22,1.075139074740813,0.6665873227692273,1.7340924295296156,0.7664293047106437,0.6785878499676022,ok,0.8944238681222577
ER+/HER2-,120,tumor_morphology,wsi_tumor_n_islands,log1p+z,All,unadjusted,All_unadjusted,,383,30,1.411373570945396,0.9200681763592494,2.1650301661834384,0.11448425591195299,0.5523075808916861,ok,0.3704295566376283
ER+/HER2-,120,tumor_morphology,wsi_tumor_n_islands,log1p+z,All,age,All_age,,383,30,1.616731508752005,1.0252144256198616,2.5495356932879436,0.03872356524013445,0.4171204888248783,ok,0.14235238201478917
ER+/HER2-,120,tumor_morphology,wsi_tumor_n_islands,log1p+z,All,age_stage,All_age_stage,3level,383,30,1.623842547894838,1.0332172269151576,2.552091226959502,0.03558630000953223,0.5270046228880649,ok,0.17793150004766117
ER+/HER2-,120,tumor_morphology,wsi_tumor_n_islands,log1p+z,ILC,unadjusted,ILC_unadjusted,,106,8,1.6908826548820093,0.7840432946006226,3.6465896364016444,0.18040339076735223,0.7545205894638634,ok,0.739372880784312
ER+/HER2-,120,tumor_morphology,wsi_tumor_n_islands,log1p+z,ILC,age,ILC_age,,106,8,1.8705110257119595,0.801942837119608,4.3629188208437935,0.14728769903905087,0.7393156451167504,ok,0.6703840721712866
ER+/HER2-,120,tumor_morphology,wsi_tumor_n_islands,log1p+z,ILC,age_stage,ILC_age_stage,binary,106,8,1.919976132254282,0.7872282282969237,4.682642486539144,0.15156360464238908,0.8357376680177253,ok,0.6315150193432878
ER+/HER2-,120,tumor_morphology,wsi_tumor_n_islands,log1p+z,IDC,unadjusted,IDC_unadjusted,,277,22,1.3121106053351308,0.7777964833701262,2.213476503741992,0.3086246531585631,0.2628141542096335,ok,0.8859349786780379
ER+/HER2-,120,tumor_morphology,wsi_tumor_n_islands,log1p+z,IDC,age,IDC_age,,277,22,1.5205793921046538,0.8823021214291153,2.6206008480952274,0.13128138935311465,0.14642000860447632,ok,0.4262782427879495
ER+/HER2-,120,tumor_morphology,wsi_tumor_n_islands,log1p+z,IDC,age_stage,IDC_age_stage,3level,277,22,1.5446298686202788,0.8975665922238194,2.658166482246869,0.11646503827491579,0.19843601837907723,ok,0.3657453234072024
ER+/HER2-,120,tumor_morphology,wsi_tumor_patch_density_per_mm2,z,All,unadjusted,All_unadjusted,,383,30,0.9647273966290524,0.6830351190012104,1.3625931140518994,0.8384877527097653,0.8884006154152851,ok,0.9037900690509019
ER+/HER2-,120,tumor_morphology,wsi_tumor_patch_density_per_mm2,z,All,age,All_age,,383,30,0.9998582680160956,0.7197421433749036,1.3889926626116822,0.9993256894943564,0.6282540131398533,ok,0.9993256894943563
ER+/HER2-,120,tumor_morphology,wsi_tumor_patch_density_per_mm2,z,All,age_stage,All_age_stage,3level,383,30,1.0239041326230258,0.7323530478446618,1.4315222362874374,0.8901128298189973,0.6884154782183292,ok,0.9381202170306143
ER+/HER2-,120,tumor_morphology,wsi_tumor_patch_density_per_mm2,z,ILC,unadjusted,ILC_unadjusted,,106,8,1.5600091711291038,0.6149776633608641,3.957263424344697,0.3491107123592435,0.7759257167717644,ok,0.7768115921481843
ER+/HER2-,120,tumor_morphology,wsi_tumor_patch_density_per_mm2,z,ILC,age,ILC_age,,106,8,1.7737948252284184,0.6800350527061475,4.6267439736914495,0.2413382659816632,0.8156487572595981,ok,0.6703840721712866
ER+/HER2-,120,tumor_morphology,wsi_tumor_patch_density_per_mm2,z,ILC,age_stage,ILC_age_stage,binary,106,8,1.6350316578860322,0.6135504302062459,4.357145542854405,0.32553323398635287,0.8088668687124387,ok,0.825951044505372
ER+/HER2-,120,tumor_morphology,wsi_tumor_patch_density_per_mm2,z,IDC,unadjusted,IDC_unadjusted,,277,22,0.8974004860195675,0.6110209635415375,1.3180032770731758,0.5809496121329648,0.7129621680609814,ok,0.8859349786780379
ER+/HER2-,120,tumor_morphology,wsi_tumor_patch_density_per_mm2,z,IDC,age,IDC_age,,277,22,0.915946400621324,0.6337405017268185,1.3238191444686958,0.6403538780723608,0.41928378955489276,ok,0.8852992142129933
ER+/HER2-,120,tumor_morphology,wsi_tumor_patch_density_per_mm2,z,IDC,age_stage,IDC_age_stage,3level,277,22,0.9668878481601504,0.6674818158323034,1.400595624847166,0.8586469133973674,0.4818090922399366,ok,0.8944238681222577
ER+/HER2-,120,tumor_morphology,wsi_area_weighted_tumor_boundary_fractal_dimension,z,All,unadjusted,All_unadjusted,,347,25,1.3878760989219814,0.9046353691642617,2.1292557549882205,0.13335464038954617,0.6953167331857097,ok,0.3704295566376283
ER+/HER2-,120,tumor_morphology,wsi_area_weighted_tumor_boundary_fractal_dimension,z,All,age,All_age,,347,25,1.2425960188569147,0.8235889184111891,1.8747761553879558,0.300637079006245,0.5238903771785032,ok,0.5631959614611426
ER+/HER2-,120,tumor_morphology,wsi_area_weighted_tumor_boundary_fractal_dimension,z,All,age_stage,All_age_stage,3level,347,25,1.2267464337599707,0.7835794885933728,1.9205541169081775,0.371542687350927,0.6871216966091551,ok,0.4888719570406934
ER+/HER2-,120,tumor_morphology,wsi_area_weighted_tumor_boundary_fractal_dimension,z,ILC,unadjusted,ILC_unadjusted,,96,7,3.183875618382914,1.0256206387873832,9.883833817266476,0.04509853338314985,0.09096404936351529,ok,0.5184972594602163
ER+/HER2-,120,tumor_morphology,wsi_area_weighted_tumor_boundary_fractal_dimension,z,ILC,age,ILC_age,,96,7,2.930598072565809,0.925236629598256,9.282387648936444,0.06757006843716604,0.07694823933842379,ok,0.6703840721712866
ER+/HER2-,120,tumor_morphology,wsi_area_weighted_tumor_boundary_fractal_dimension,z,ILC,age_stage,ILC_age_stage,binary,96,7,2.8882545326402553,0.8981496052023472,9.288000792960965,0.07512163749266913,0.07916595039871246,ok,0.6186505111297402
ER+/HER2-,120,tumor_morphology,wsi_area_weighted_tumor_boundary_fractal_dimension,z,IDC,unadjusted,IDC_unadjusted,,251,18,1.17712574873946,0.7492345124034222,1.8493876155018207,0.4792711487029164,0.5293397531434503,ok,0.8859349786780379
ER+/HER2-,120,tumor_morphology,wsi_area_weighted_tumor_boundary_fractal_dimension,z,IDC,age,IDC_age,,251,18,1.0683192912403165,0.6978056403907045,1.635564463762703,0.7610322523644684,0.7098599021237502,ok,0.8852992142129933
ER+/HER2-,120,tumor_morphology,wsi_area_weighted_tumor_boundary_fractal_dimension,z,IDC,age_stage,IDC_age_stage,3level,251,18,1.063306422602331,0.6629776629505367,1.7053674829942498,0.7989719784797887,0.5769919802969715,ok,0.8944238681222577
ER+/HER2-,120,tumor_morphology,wsi_area_weighted_tumor_island_nnd_median_um,log1p+z,All,unadjusted,All_unadjusted,,383,30,0.8906118557752427,0.6157507799471493,1.2881664197250422,0.5384128738906652,0.42691095681225666,ok,0.7917836380745076
ER+/HER2-,120,tumor_morphology,wsi_area_weighted_tumor_island_nnd_median_um,log1p+z,All,age,All_age,,383,30,0.837372739661598,0.5811882395374196,1.2064819234581643,0.3408181090239881,0.6243146508662162,ok,0.5631959614611426
ER+/HER2-,120,tumor_morphology,wsi_area_weighted_tumor_island_nnd_median_um,log1p+z,All,age_stage,All_age_stage,3level,383,30,0.8823061104272368,0.6128935472205026,1.2701456493180683,0.5005750723601167,0.5567042094874128,ok,0.6257188404501458
ER+/HER2-,120,tumor_morphology,wsi_area_weighted_tumor_island_nnd_median_um,log1p+z,ILC,unadjusted,ILC_unadjusted,,106,8,0.8034980043803558,0.37656202728082816,1.7144825985381136,0.5715415844053162,0.907388420300189,ok,0.8085865842902348
ER+/HER2-,120,tumor_morphology,wsi_area_weighted_tumor_island_nnd_median_um,log1p+z,ILC,age,ILC_age,,106,8,0.6575172826587222,0.26435321255542077,1.6354216875812462,0.36711913588463896,0.8914156332696967,ok,0.7024563712107347
ER+/HER2-,120,tumor_morphology,wsi_area_weighted_tumor_island_nnd_median_um,log1p+z,ILC,age_stage,ILC_age_stage,binary,106,8,0.7162448012500544,0.2742898524873282,1.8703084006413624,0.49557062670322327,0.8763178495413564,ok,0.825951044505372
ER+/HER2-,120,tumor_morphology,wsi_area_weighted_tumor_island_nnd_median_um,log1p+z,IDC,unadjusted,IDC_unadjusted,,277,22,0.9300808639044489,0.6043638571285437,1.4313404138878811,0.741743267639839,0.7017556002276464,ok,0.8926067348195779
ER+/HER2-,120,tumor_morphology,wsi_area_weighted_tumor_island_nnd_median_um,log1p+z,IDC,age,IDC_age,,277,22,0.9105798669858406,0.6011651514706805,1.379247769321822,0.6583613903097438,0.9494681137789815,ok,0.8852992142129933
ER+/HER2-,120,tumor_morphology,wsi_area_weighted_tumor_island_nnd_median_um,log1p+z,IDC,age_stage,IDC_age_stage,3level,277,22,0.9063950403028,0.5974697927146048,1.375051892335497,0.6439490031271942,0.9562177852661098,ok,0.8049362539089927
ER+/HER2-,120,tumor_morphology,wsi_area_weighted_tumor_island_gap_median_um,log1p+z,All,unadjusted,All_unadjusted,,383,30,1.0875900082899947,0.7728618997976949,1.5304830351216114,0.6300004496627721,0.11060602661195688,ok,0.8172143578712889
ER+/HER2-,120,tumor_morphology,wsi_area_weighted_tumor_island_gap_median_um,log1p+z,All,age,All_age,,383,30,1.1018948287957533,0.8008376358509076,1.516127813394706,0.5512227201587112,0.09243502907765076,ok,0.689028400198389
ER+/HER2-,120,tumor_morphology,wsi_area_weighted_tumor_island_gap_median_um,log1p+z,All,age_stage,All_age_stage,3level,383,30,1.2252593404249197,0.8836988384669485,1.6988371897182915,0.22306166603530692,0.0655794728038085,ok,0.3280318618166278
ER+/HER2-,120,tumor_morphology,wsi_area_weighted_tumor_island_gap_median_um,log1p+z,ILC,unadjusted,ILC_unadjusted,,106,8,1.0778092516280178,0.5841685377478533,1.9885918323734932,0.8105049271130422,0.07437256531540584,ok,0.8809836164272199
ER+/HER2-,120,tumor_morphology,wsi_area_weighted_tumor_island_gap_median_um,log1p+z,ILC,age,ILC_age,,106,8,0.994396998862111,0.5348894543274371,1.8486537420882767,0.9858303102971991,0.07828130653280853,ok,0.9960731065184373
ER+/HER2-,120,tumor_morphology,wsi_area_weighted_tumor_island_gap_median_um,log1p+z,ILC,age_stage,ILC_age_stage,binary,106,8,1.047459674266388,0.5322576097926185,2.0613547820231903,0.8932134018195741,0.04758823656152583,ok,0.9958660897937278
ER+/HER2-,120,tumor_morphology,wsi_area_weighted_tumor_island_gap_median_um,log1p+z,IDC,unadjusted,IDC_unadjusted,,277,22,1.1276650622467306,0.7502213319820749,1.6950044452245805,0.5633765320677742,0.45920043648733866,ok,0.8859349786780379
ER+/HER2-,120,tumor_morphology,wsi_area_weighted_tumor_island_gap_median_um,log1p+z,IDC,age,IDC_age,,277,22,1.1928473203723782,0.8166516945883799,1.742339774898459,0.3616542067211158,0.3422095851249756,ok,0.6954888590790689
ER+/HER2-,120,tumor_morphology,wsi_area_weighted_tumor_island_gap_median_um,log1p+z,IDC,age_stage,IDC_age_stage,3level,277,22,1.2640911662684744,0.8705967776735098,1.8354380783582962,0.2180745347262081,0.34151474097752754,ok,0.4543219473462669
ER+/HER2-,120,immune_proximity,wsi_til_area_total_mm2,log1p+z,All,unadjusted,All_unadjusted,,386,30,0.8566942054863713,0.5858626436576883,1.2527253096934912,0.42499358431124135,0.07913671064216839,ok,0.7589171148415025
ER+/HER2-,120,immune_proximity,wsi_til_area_total_mm2,log1p+z,All,age,All_age,,386,30,0.8596210527340921,0.5940499496785665,1.243916197120301,0.42238141590956557,0.07117186462256125,ok,0.5866408554299523
ER+/HER2-,120,immune_proximity,wsi_til_area_total_mm2,log1p+z,All,age_stage,All_age_stage,3level,386,30,0.7788385990852481,0.524114212987639,1.1573614078643157,0.21615523913951634,0.14999015505797683,ok,0.3280318618166278
ER+/HER2-,120,immune_proximity,wsi_til_area_total_mm2,log1p+z,ILC,unadjusted,ILC_unadjusted,,106,8,0.56374791152079,0.19252783872830184,1.6507311869456605,0.2957491523137248,0.578567024058033,ok,0.739372880784312
ER+/HER2-,120,immune_proximity,wsi_til_area_total_mm2,log1p+z,ILC,age,ILC_age,,106,8,0.5865260016545807,0.21151348338611306,1.6264341407914962,0.30522934606353574,0.6598095525530994,ok,0.7024563712107347
ER+/HER2-,120,immune_proximity,wsi_til_area_total_mm2,log1p+z,ILC,age_stage,ILC_age_stage,binary,106,8,0.614750407704759,0.21064683626682146,1.7940837397361495,0.37327586429992143,0.5741025085453715,ok,0.825951044505372
ER+/HER2-,120,immune_proximity,wsi_til_area_total_mm2,log1p+z,IDC,unadjusted,IDC_unadjusted,,280,22,0.9351806465182809,0.6205333965816711,1.4093727210171918,0.7487894345113544,0.04745293110359738,ok,0.8926067348195779
ER+/HER2-,120,immune_proximity,wsi_til_area_total_mm2,log1p+z,IDC,age,IDC_age,,280,22,0.9536297634046272,0.638067995121639,1.4252551963177509,0.8168590250399604,0.04968513222608119,ok,0.8852992142129933
ER+/HER2-,120,immune_proximity,wsi_til_area_total_mm2,log1p+z,IDC,age_stage,IDC_age_stage,3level,280,22,0.8070324002062013,0.5191679250426711,1.2545098870063107,0.34082382229172625,0.07047409378348696,ok,0.5325372223308222
ER+/HER2-,120,immune_proximity,wsi_til_fraction_intratumoral,log1p+z,All,unadjusted,All_unadjusted,,386,30,1.1851561292877206,0.8699997423422429,1.6144775480125475,0.2814694010530886,0.9018551268406914,ok,0.639703184211565
ER+/HER2-,120,immune_proximity,wsi_til_fraction_intratumoral,log1p+z,All,age,All_age,,386,30,1.213091660475919,0.878908506714259,1.6743396672967343,0.2400310867403391,0.8668134756040825,ok,0.5455251971371343
ER+/HER2-,120,immune_proximity,wsi_til_fraction_intratumoral,log1p+z,All,age_stage,All_age_stage,3level,386,30,1.2992584454239255,0.930596662746582,1.813967936466894,0.1241657379396047,0.7990069732855019,ok,0.3280318618166278
ER+/HER2-,120,immune_proximity,wsi_til_fraction_intratumoral,log1p+z,ILC,unadjusted,ILC_unadjusted,,106,8,1.589218697192963,0.8912879661595687,2.8336701082033153,0.11643112600160933,0.7350736380137832,ok,0.7276945375100583
ER+/HER2-,120,immune_proximity,wsi_til_fraction_intratumoral,log1p+z,ILC,age,ILC_age,,106,8,1.5483238270531134,0.8293341155095246,2.8906403686860838,0.16991558492236886,0.6793747030705164,ok,0.6703840721712866
ER+/HER2-,120,immune_proximity,wsi_til_fraction_intratumoral,log1p+z,ILC,age_stage,ILC_age_stage,binary,106,8,1.8063261107721522,0.8948333643363242,3.646281138474534,0.09896161737772682,0.4819263629023084,ok,0.6186505111297402
ER+/HER2-,120,immune_proximity,wsi_til_fraction_intratumoral,log1p+z,IDC,unadjusted,IDC_unadjusted,,280,22,1.0535175827147119,0.7237533544902148,1.5335325082822195,0.7854939266412285,0.9338286825888003,ok,0.8926067348195779
ER+/HER2-,120,immune_proximity,wsi_til_fraction_intratumoral,log1p+z,IDC,age,IDC_age,,280,22,1.1017160658390746,0.749384077147523,1.6197012009490361,0.6222489916475963,0.8987874018694866,ok,0.8852992142129933
ER+/HER2-,120,immune_proximity,wsi_til_fraction_intratumoral,log1p+z,IDC,age_stage,IDC_age_stage,3level,280,22,1.1388822209539569,0.7638226597875224,1.698107141212369,0.5234279179705574,0.802028717732206,ok,0.7452366741160108
ER+/HER2-,120,immune_proximity,wsi_til_contact_fraction,log1p+z,All,unadjusted,All_unadjusted,,386,30,1.4315152083899998,1.0427561986976368,1.965210846419597,0.026491261772378136,0.7082300264690267,ok,0.16876481152254447
ER+/HER2-,120,immune_proximity,wsi_til_contact_fraction,log1p+z,All,age,All_age,,386,30,1.3759895317640205,1.0153685817142244,1.864689557685222,0.03955934881311639,0.8919903384478433,ok,0.14235238201478917
ER+/HER2-,120,immune_proximity,wsi_til_contact_fraction,log1p+z,All,age_stage,All_age_stage,3level,386,30,1.316272747554667,0.9739019215046143,1.779002492651826,0.07379029782016955,0.8675015133054855,ok,0.26353677792917696
ER+/HER2-,120,immune_proximity,wsi_til_contact_fraction,log1p+z,ILC,unadjusted,ILC_unadjusted,,106,8,1.3967393885557053,0.7571744961617477,2.576527510411838,0.2848103589836609,0.526023861013958,ok,0.739372880784312
ER+/HER2-,120,immune_proximity,wsi_til_contact_fraction,log1p+z,ILC,age,ILC_age,,106,8,1.4609805880817661,0.7923688687426483,2.693776046677309,0.2245800647462413,0.5355227769621712,ok,0.6703840721712866
ER+/HER2-,120,immune_proximity,wsi_til_contact_fraction,log1p+z,ILC,age_stage,ILC_age_stage,binary,106,8,1.3360541423814571,0.702265637907824,2.5418311462491734,0.37729675754986525,0.5204582396042412,ok,0.825951044505372
ER+/HER2-,120,immune_proximity,wsi_til_contact_fraction,log1p+z,IDC,unadjusted,IDC_unadjusted,,280,22,1.4677036787459854,1.0089664781162662,2.135010563112355,0.044787222847524,0.9464605773841902,ok,0.3732268570627
ER+/HER2-,120,immune_proximity,wsi_til_contact_fraction,log1p+z,IDC,age,IDC_age,,280,22,1.3477509599502644,0.9440975963935476,1.9239882158217867,0.1003369763091428,0.9616396394999254,ok,0.4262782427879495
ER+/HER2-,120,immune_proximity,wsi_til_contact_fraction,log1p+z,IDC,age_stage,IDC_age_stage,3level,280,22,1.3687642612457214,0.9604271296545224,1.9507108296050242,0.08245938077290058,0.8895923804038404,ok,0.3657453234072024
ER+/HER2-,120,immune_proximity,wsi_til_pct_within_50um,z,All,unadjusted,All_unadjusted,,386,30,1.616125843149498,1.0565385191591994,2.472094195840786,0.02685788696056743,0.853698503329052,ok,0.16876481152254447
ER+/HER2-,120,immune_proximity,wsi_til_pct_within_50um,z,All,age,All_age,,386,30,1.706371077199733,1.0889546930325886,2.673850686106221,0.01970954263468263,0.6409544451566938,ok,0.14235238201478917
ER+/HER2-,120,immune_proximity,wsi_til_pct_within_50um,z,All,age_stage,All_age_stage,3level,386,30,1.676764893673908,1.0577487489457795,2.6580419135068074,0.02789205889652202,0.7225884313633215,ok,0.17432536810326263
ER+/HER2-,120,immune_proximity,wsi_til_pct_within_50um,z,ILC,unadjusted,ILC_unadjusted,,106,8,1.2536241177430407,0.6378173615887891,2.463986594332055,0.512070868886659,0.7181638418894268,ok,0.8001107326354047
ER+/HER2-,120,immune_proximity,wsi_til_pct_within_50um,z,ILC,age,ILC_age,,106,8,1.2744828963684056,0.6395052759856047,2.5399425370372755,0.4906082490547222,0.7716667410617926,ok,0.7214827191981209
ER+/HER2-,120,immune_proximity,wsi_til_pct_within_50um,z,ILC,age_stage,ILC_age_stage,binary,106,8,1.2124251258383543,0.5871920521829294,2.5033967682284026,0.602563917057221,0.7454373362947747,ok,0.8861234074370897
ER+/HER2-,120,immune_proximity,wsi_til_pct_within_50um,z,IDC,unadjusted,IDC_unadjusted,,280,22,1.8496254546515654,1.1009328748560048,3.107468584715004,0.02016737862699976,0.7174331792858042,ok,0.252092232837497
ER+/HER2-,120,immune_proximity,wsi_til_pct_within_50um,z,IDC,age,IDC_age,,280,22,1.9696931903943284,1.1373302763836584,3.4112265758210083,0.01555424937770756,0.5603064075860372,ok,0.388856234442689
ER+/HER2-,120,immune_proximity,wsi_til_pct_within_50um,z,IDC,age_stage,IDC_age_stage,3level,280,22,2.007082107390173,1.1283764436633787,3.5700661852947517,0.017739399530864043,0.4853686236897399,ok,0.18568616407329372
ER+/HER2-,120,immune_proximity,wsi_til_pct_within_100um,z,All,unadjusted,All_unadjusted,,386,30,1.5742267044651364,0.9327547242322409,2.6568503516194837,0.08926749346068998,0.5813926570822752,ok,0.3704295566376283
ER+/HER2-,120,immune_proximity,wsi_til_pct_within_100um,z,All,age,All_age,,386,30,1.5952435986646198,0.9357953087599094,2.7194004022661216,0.08613925175535671,0.4931655440681153,ok,0.26918516173548973
ER+/HER2-,120,immune_proximity,wsi_til_pct_within_100um,z,All,age_stage,All_age_stage,3level,386,30,1.5120195088678705,0.8830426123189342,2.5890064231365923,0.13189034972056163,0.6022556441297098,ok,0.3280318618166278
ER+/HER2-,120,immune_proximity,wsi_til_pct_within_100um,z,ILC,unadjusted,ILC_unadjusted,,106,8,1.41344950893235,0.545745524987454,3.6607529019079528,0.47604323464033027,0.4104300459768282,ok,0.7934053910672172
ER+/HER2-,120,immune_proximity,wsi_til_pct_within_100um,z,ILC,age,ILC_age,,106,8,1.4284963434426494,0.536186362743381,3.8057696819970266,0.47565552675693634,0.39762203676062713,ok,0.7214827191981209
ER+/HER2-,120,immune_proximity,wsi_til_pct_within_100um,z,ILC,age_stage,ILC_age_stage,binary,106,8,1.3905747748191053,0.49061232133318516,3.941397556238687,0.5350641203224167,0.34132486730576606,ok,0.8360376880037761
ER+/HER2-,120,immune_proximity,wsi_til_pct_within_100um,z,IDC,unadjusted,IDC_unadjusted,,280,22,1.6502792877026509,0.8845530706491279,3.0788675295895924,0.11539123643845235,0.4197756546893169,ok,0.7211952277403272
ER+/HER2-,120,immune_proximity,wsi_til_pct_within_100um,z,IDC,age,IDC_age,,280,22,1.6651331810481784,0.8839256253886469,3.136766749361442,0.11454093218032431,0.35270210297480675,ok,0.4262782427879495
ER+/HER2-,120,immune_proximity,wsi_til_pct_within_100um,z,IDC,age_stage,IDC_age_stage,3level,280,22,1.601158856544623,0.8422272107660075,3.043964444653344,0.1509689899772229,0.35629734703241767,ok,0.3657453234072024
ER+/HER2-,120,immune_proximity,wsi_til_pct_within_200um,z,All,unadjusted,All_unadjusted,,386,30,0.9357321502749052,0.6185000838328466,1.415674273853021,0.7531788495663265,0.8352662836004072,ok,0.855885056325371
ER+/HER2-,120,immune_proximity,wsi_til_pct_within_200um,z,All,age,All_age,,386,30,0.9563684158686916,0.6413525212269907,1.4261120313698377,0.8267796161018438,0.8215649810343255,ok,0.861228766772754
ER+/HER2-,120,immune_proximity,wsi_til_pct_within_200um,z,All,age_stage,All_age_stage,3level,386,30,0.9799094458126189,0.6675400343467638,1.4384493402443512,0.9174667059962396,0.76568100209006,ok,0.9381202170306143
ER+/HER2-,120,immune_proximity,wsi_til_pct_within_200um,z,ILC,unadjusted,ILC_unadjusted,,106,8,1.5596162795131618,0.3202101335090158,7.596270963279775,0.582182340688969,0.7378280653799018,ok,0.8085865842902348
ER+/HER2-,120,immune_proximity,wsi_til_pct_within_200um,z,ILC,age,ILC_age,,106,8,1.5358437619236773,0.3017391826371035,7.817400578952257,0.6052928149419208,0.737909558699885,ok,0.7752701032489809
ER+/HER2-,120,immune_proximity,wsi_til_pct_within_200um,z,ILC,age_stage,ILC_age_stage,binary,106,8,1.405541492426309,0.3024911650695868,6.530924255184478,0.6640343759821422,0.7909398301618147,ok,0.9222699666418642
ER+/HER2-,120,immune_proximity,wsi_til_pct_within_200um,z,IDC,unadjusted,IDC_unadjusted,,280,22,0.898941902085364,0.6020606857226872,1.3422177572595502,0.6024357855010658,0.7297561144167115,ok,0.8859349786780379
ER+/HER2-,120,immune_proximity,wsi_til_pct_within_200um,z,IDC,age,IDC_age,,280,22,0.9259204883692638,0.6296897301844472,1.3615098193372936,0.6956094332237126,0.7609089605016008,ok,0.8852992142129933
ER+/HER2-,120,immune_proximity,wsi_til_pct_within_200um,z,IDC,age_stage,IDC_age_stage,3level,280,22,0.9593399811202168,0.6576679535427512,1.3993888472413039,0.8293845481967745,0.6953583783843333,ok,0.8944238681222577
ER+/HER2-,120,immune_proximity,wsi_til_extratumoral_distance_aw_median_um,log1p+z,All,unadjusted,All_unadjusted,,386,30,0.6061368072348136,0.4256368702022529,0.8631813989944822,0.005508683768055393,0.9465095102777158,ok,0.13771709420138484
ER+/HER2-,120,immune_proximity,wsi_til_extratumoral_distance_aw_median_um,log1p+z,All,age,All_age,,386,30,0.6283587579623814,0.4452060687386546,0.8868583706117513,0.008219167903837279,0.8173745298129581,ok,0.14235238201478917
ER+/HER2-,120,immune_proximity,wsi_til_extratumoral_distance_aw_median_um,log1p+z,All,age_stage,All_age_stage,3level,386,30,0.6170534223584403,0.442015174852626,0.8614069102292986,0.004561900019459716,0.9977838494453122,ok,0.06278787491216195
ER+/HER2-,120,immune_proximity,wsi_til_extratumoral_distance_aw_median_um,log1p+z,ILC,unadjusted,ILC_unadjusted,,106,8,0.6377819752819944,0.3431649046003288,1.1853363865059203,0.154943738780331,0.2836846035601517,ok,0.739372880784312
ER+/HER2-,120,immune_proximity,wsi_til_extratumoral_distance_aw_median_um,log1p+z,ILC,age,ILC_age,,106,8,0.5932436006354099,0.29791743057022907,1.1813272188244865,0.13733463423043366,0.2849045392272442,ok,0.6703840721712866
ER+/HER2-,120,immune_proximity,wsi_til_extratumoral_distance_aw_median_um,log1p+z,ILC,age_stage,ILC_age_stage,binary,106,8,0.5750545957711614,0.29140035834841604,1.1348228601769366,0.11064616078231015,0.14029307882855083,ok,0.6186505111297402
ER+/HER2-,120,immune_proximity,wsi_til_extratumoral_distance_aw_median_um,log1p+z,IDC,unadjusted,IDC_unadjusted,,280,22,0.594595100108636,0.3879099493306656,0.9114056849617653,0.017048248495219808,0.5816451998221113,ok,0.252092232837497
ER+/HER2-,120,immune_proximity,wsi_til_extratumoral_distance_aw_median_um,log1p+z,IDC,age,IDC_age,,280,22,0.6499182481939968,0.43578905039273486,0.9692619145774559,0.034595590991958976,0.5912102135264448,ok,0.4262782427879495
ER+/HER2-,120,immune_proximity,wsi_til_extratumoral_distance_aw_median_um,log1p+z,IDC,age_stage,IDC_age_stage,3level,280,22,0.6244294072333877,0.4198915680642217,0.9286018445557438,0.020028450301279466,0.62174989256972,ok,0.18568616407329372
ER+/HER2-,120,tils_tsr,WSI_tumor_stroma_ratio,log1p+z,All,unadjusted,All_unadjusted,,386,30,0.8072468101873509,0.5211189472439737,1.2504772969856521,0.3375916018324757,0.2578881354533666,ok,0.7033158371509911
ER+/HER2-,120,tils_tsr,WSI_tumor_stroma_ratio,log1p+z,All,age,All_age,,386,30,0.7438871522401584,0.47159088414113787,1.1734071074672439,0.2032658864051735,0.1389380678912778,ok,0.5081647160129338
ER+/HER2-,120,tils_tsr,WSI_tumor_stroma_ratio,log1p+z,All,age_stage,All_age_stage,3level,386,30,0.7215136022149546,0.44273470144916943,1.1758325617513585,0.19022235752344327,0.11455578703932753,ok,0.3280318618166278
ER+/HER2-,120,tils_tsr,WSI_tumor_stroma_ratio,log1p+z,ILC,unadjusted,ILC_unadjusted,,106,8,0.6455450971551556,0.2194112488622022,1.8993031333720685,0.4266802503655588,0.34357597252730465,ok,0.7768115921481843
ER+/HER2-,120,tils_tsr,WSI_tumor_stroma_ratio,log1p+z,ILC,age,ILC_age,,106,8,0.6151458354872872,0.2088395773619984,1.811938157016253,0.3780170995910125,0.3396211756642702,ok,0.7024563712107347
ER+/HER2-,120,tils_tsr,WSI_tumor_stroma_ratio,log1p+z,ILC,age_stage,ILC_age_stage,binary,106,8,0.6521572169211198,0.2160266715255641,1.9687802093084161,0.448275915136645,0.32978311180488135,ok,0.825951044505372
ER+/HER2-,120,tils_tsr,WSI_tumor_stroma_ratio,log1p+z,IDC,unadjusted,IDC_unadjusted,,280,22,0.8594639774933545,0.49991443082633996,1.4776095328708347,0.5838394287534587,0.34635750572332613,ok,0.8859349786780379
ER+/HER2-,120,tils_tsr,WSI_tumor_stroma_ratio,log1p+z,IDC,age,IDC_age,,280,22,0.7892640212921911,0.4484000366636679,1.389245415636681,0.41202086325206566,0.1691438941727745,ok,0.7357515415215458
ER+/HER2-,120,tils_tsr,WSI_tumor_stroma_ratio,log1p+z,IDC,age_stage,IDC_age_stage,3level,280,22,0.7263806305052266,0.4073485815091193,1.2952759487180356,0.27869256760117855,0.20525514320113253,ok,0.4644876126686309
ER+/HER2-,120,tils_tsr,WSI_sTIL_pct,log1p+z,All,unadjusted,All_unadjusted,,386,30,0.6788525530090288,0.46098901589408364,0.9996784583534601,0.04980993788250131,0.26269300427424547,ok,0.24904968941250655
ER+/HER2-,120,tils_tsr,WSI_sTIL_pct,log1p+z,All,age,All_age,,386,30,0.6759785102910967,0.46646743095442744,0.9795902480060023,0.038554482497694144,0.26853210900898883,ok,0.14235238201478917
ER+/HER2-,120,tils_tsr,WSI_sTIL_pct,log1p+z,All,age_stage,All_age_stage,3level,386,30,0.6078552882404592,0.4179709232158791,0.8840041996200146,0.009182511608555922,0.35932618792474325,ok,0.07652093007129936
ER+/HER2-,120,tils_tsr,WSI_sTIL_pct,log1p+z,ILC,unadjusted,ILC_unadjusted,,106,8,0.3863091118423244,0.1431615131377541,1.0424221330268253,0.06039051666689714,0.6699814082395295,ok,0.5184972594602163
ER+/HER2-,120,tils_tsr,WSI_sTIL_pct,log1p+z,ILC,age,ILC_age,,106,8,0.43329479776737184,0.1671344981456301,1.1233131630830604,0.08530184302424433,0.7736976628441321,ok,0.6703840721712866
ER+/HER2-,120,tils_tsr,WSI_sTIL_pct,log1p+z,ILC,age_stage,ILC_age_stage,binary,106,8,0.45076826109238627,0.1748350276441407,1.1621928851799128,0.09916542732833188,0.7231731757117148,ok,0.6186505111297402
ER+/HER2-,120,tils_tsr,WSI_sTIL_pct,log1p+z,IDC,unadjusted,IDC_unadjusted,,280,22,0.787614382833029,0.5051564291967652,1.228008553769834,0.29207796841651457,0.16258298381841238,ok,0.8859349786780379
ER+/HER2-,120,tils_tsr,WSI_sTIL_pct,log1p+z,IDC,age,IDC_age,,280,22,0.7638384838709845,0.4954715991377295,1.1775634172729628,0.22251771885387595,0.24034789079815244,ok,0.46357858094557486
ER+/HER2-,120,tils_tsr,WSI_sTIL_pct,log1p+z,IDC,age_stage,IDC_age_stage,3level,280,22,0.6470864099305512,0.4213688081571257,0.9937157516430858,0.04672690213916344,0.19967538854359,ok,0.29204313836977147
ER+/HER2-,120,tils_tsr,WSI_neighborhood_intratumoral_TIL_pct,log1p+z,All,unadjusted,All_unadjusted,,386,30,0.8582091182830952,0.5920711102962289,1.2439770796040794,0.4194837299611841,0.03888256011500603,ok,0.7589171148415025
ER+/HER2-,120,tils_tsr,WSI_neighborhood_intratumoral_TIL_pct,log1p+z,All,age,All_age,,386,30,0.8510234043561032,0.592313010614333,1.2227332876086687,0.38297325379357694,0.030565543072711227,ok,0.5631959614611426
ER+/HER2-,120,tils_tsr,WSI_neighborhood_intratumoral_TIL_pct,log1p+z,All,age_stage,All_age_stage,3level,386,30,0.7691409160806091,0.5307311726961156,1.114646697280098,0.165564497966802,0.0729304731277509,ok,0.3280318618166278
ER+/HER2-,120,tils_tsr,WSI_neighborhood_intratumoral_TIL_pct,log1p+z,ILC,unadjusted,ILC_unadjusted,,106,8,0.6774353430345278,0.3302207173928238,1.389733047688792,0.2881172156033829,0.9947445829108658,ok,0.739372880784312
ER+/HER2-,120,tils_tsr,WSI_neighborhood_intratumoral_TIL_pct,log1p+z,ILC,age,ILC_age,,106,8,0.7281934785756486,0.36364389332028585,1.4582005967389164,0.3706350990844094,0.876542125140857,ok,0.7024563712107347
ER+/HER2-,120,tils_tsr,WSI_neighborhood_intratumoral_TIL_pct,log1p+z,ILC,age_stage,ILC_age_stage,binary,106,8,0.7547583064712156,0.39247937511972497,1.4514395845986143,0.39905585909223296,0.9985043145998378,ok,0.825951044505372
ER+/HER2-,120,tils_tsr,WSI_neighborhood_intratumoral_TIL_pct,log1p+z,IDC,unadjusted,IDC_unadjusted,,280,22,0.9390652522848904,0.6085291432867315,1.4491393843291593,0.7763875252570621,0.03679430155409801,ok,0.8926067348195779
ER+/HER2-,120,tils_tsr,WSI_neighborhood_intratumoral_TIL_pct,log1p+z,IDC,age,IDC_age,,280,22,0.9064061782153466,0.5897821669754288,1.3930094972525313,0.6540183354964209,0.045722840833705085,ok,0.8852992142129933
ER+/HER2-,120,tils_tsr,WSI_neighborhood_intratumoral_TIL_pct,log1p+z,IDC,age_stage,IDC_age_stage,3level,280,22,0.7747931489763129,0.4912721165226498,1.2219387250181017,0.27234222034266975,0.04697031694682417,ok,0.4644876126686309
ER+/HER2-,120,tils_tsr,WSI_inter_tumor_sTILs_pct,log1p+z,All,unadjusted,All_unadjusted,,363,28,0.6135334822096471,0.39792975439352696,0.945954228444141,0.027002369843607116,0.20313127085386584,ok,0.16876481152254447
ER+/HER2-,120,tils_tsr,WSI_inter_tumor_sTILs_pct,log1p+z,All,age,All_age,,363,28,0.6001249611156112,0.39491741300769,0.9119627473782749,0.01677513890004802,0.15800790842128343,ok,0.14235238201478917
ER+/HER2-,120,tils_tsr,WSI_inter_tumor_sTILs_pct,log1p+z,All,age_stage,All_age_stage,3level,363,28,0.547151900087271,0.3590456524304937,0.8338081793848371,0.0050230299929729565,0.3344927968311728,ok,0.06278787491216195
ER+/HER2-,120,tils_tsr,WSI_inter_tumor_sTILs_pct,log1p+z,ILC,unadjusted,ILC_unadjusted,,101,8,0.26832268532249437,0.06731854018361316,1.0694982877272794,0.06221967113522596,0.8311149258863199,ok,0.5184972594602163
ER+/HER2-,120,tils_tsr,WSI_inter_tumor_sTILs_pct,log1p+z,ILC,age,ILC_age,,101,8,0.3111393196793993,0.07859483910958624,1.2317307007344167,0.09629688843138039,0.9898637052714586,ok,0.6703840721712866
ER+/HER2-,120,tils_tsr,WSI_inter_tumor_sTILs_pct,log1p+z,ILC,age_stage,ILC_age_stage,binary,101,8,0.3331055561087768,0.08216658469435313,1.3504189315314583,0.12373010222594805,0.9988931308221615,ok,0.6186505111297402
ER+/HER2-,120,tils_tsr,WSI_inter_tumor_sTILs_pct,log1p+z,IDC,unadjusted,IDC_unadjusted,,262,20,0.7346272897211281,0.4586153310449238,1.1767536283041224,0.1995293650570029,0.20123856029764217,ok,0.8859349786780379
ER+/HER2-,120,tils_tsr,WSI_inter_tumor_sTILs_pct,log1p+z,IDC,age,IDC_age,,262,20,0.6712256775269398,0.42146886181598575,1.0689850448980687,0.0931517228296016,0.17396302891295679,ok,0.4262782427879495
ER+/HER2-,120,tils_tsr,WSI_inter_tumor_sTILs_pct,log1p+z,IDC,age_stage,IDC_age_stage,3level,262,20,0.5827234596547755,0.3667188391188957,0.9259590569382724,0.022282339688795245,0.2380944867820833,ok,0.18568616407329372
ER+/HER2-,120,tils_tsr,TSR_stroma_high,binary,All,unadjusted,All_unadjusted,,386,30,1.3435117906885912,0.5415435272231642,3.33310960427274,0.5241523797915553,0.3444056779618171,ok,0.7917836380745076
ER+/HER2-,120,tils_tsr,TSR_stroma_high,binary,All,age,All_age,,386,30,1.3729981260929416,0.5569241387848054,3.3848844447073567,0.4911011020044467,0.32874073318680147,ok,0.6461856605321666
ER+/HER2-,120,tils_tsr,TSR_stroma_high,binary,All,age_stage,All_age_stage,3level,386,30,1.607472541203769,0.6373776159655664,4.054061369584869,0.3145632004142281,0.2543805399458938,ok,0.43689333390865015
ER+/HER2-,120,tils_tsr,TSR_stroma_high,binary,ILC,unadjusted,ILC_unadjusted,,106,8,9669475.272472039,0.0,inf,0.9959384267884912,0.9999621116914001,ok,0.9959384267884911
ER+/HER2-,120,tils_tsr,TSR_stroma_high,binary,ILC,age,ILC_age,,106,8,13811738.254283447,0.0,inf,0.9960731065184374,0.9999601956776333,ok,0.9960731065184373
ER+/HER2-,120,tils_tsr,TSR_stroma_high,binary,ILC,age_stage,ILC_age_stage,binary,106,8,9310389.55616797,0.0,inf,0.9958660897937278,0.9999727253778697,ok,0.9958660897937278
ER+/HER2-,120,tils_tsr,TSR_stroma_high,binary,IDC,unadjusted,IDC_unadjusted,,280,22,1.1542497676680838,0.45060559287607943,2.956671082704954,0.7650093535166604,0.4072840196034112,ok,0.8926067348195779
ER+/HER2-,120,tils_tsr,TSR_stroma_high,binary,IDC,age,IDC_age,,280,22,1.095192439943457,0.42710538961280775,2.8083150193835307,0.8498872456444735,0.3560369415025276,ok,0.8852992142129933
ER+/HER2-,120,tils_tsr,TSR_stroma_high,binary,IDC,age_stage,IDC_age_stage,3level,280,22,1.3549766154472827,0.517035158686646,3.550941551194733,0.5365704053635277,0.34612037007208196,ok,0.7452366741160108
ER+/HER2-,120,necrosis,wsi_necrosis_area_um2,log1p+z,All,unadjusted,All_unadjusted,,386,30,1.1066501736103143,0.7488309596553048,1.6354486829917796,0.6110878369484676,0.6623877435877559,ok,0.8172143578712889
ER+/HER2-,120,necrosis,wsi_necrosis_area_um2,log1p+z,All,age,All_age,,386,30,1.2050106218631105,0.8120937104976423,1.7880333021088404,0.35433397880702,0.32352546633940005,ok,0.5631959614611426
ER+/HER2-,120,necrosis,wsi_necrosis_area_um2,log1p+z,All,age_stage,All_age_stage,3level,386,30,1.29982528864351,0.872266080448211,1.936961460348219,0.19758024154950482,0.33824638885797675,ok,0.3280318618166278
ER+/HER2-,120,necrosis,wsi_necrosis_area_um2,log1p+z,ILC,unadjusted,ILC_unadjusted,,106,8,0.9025997852320373,0.4530844772640376,1.7980893479741893,0.7707273778264183,0.44343054791620085,ok,0.8809836164272199
ER+/HER2-,120,necrosis,wsi_necrosis_area_um2,log1p+z,ILC,age,ILC_age,,106,8,0.8966577007559227,0.44733794205759625,1.7972878147263902,0.7584936197832345,0.5144574781691984,ok,0.902968594980041
ER+/HER2-,120,necrosis,wsi_necrosis_area_um2,log1p+z,ILC,age_stage,ILC_age_stage,binary,106,8,0.9779171695345663,0.48562029836028925,1.9692792778628616,0.9501456351200425,0.4535068530350558,ok,0.9958660897937278
ER+/HER2-,120,necrosis,wsi_necrosis_area_um2,log1p+z,IDC,unadjusted,IDC_unadjusted,,280,22,1.221404915097108,0.7579713947293052,1.9681876875527102,0.4113027592362174,0.46735710420607324,ok,0.8859349786780379
ER+/HER2-,120,necrosis,wsi_necrosis_area_um2,log1p+z,IDC,age,IDC_age,,280,22,1.4015123243066054,0.8671215791778677,2.26523805006171,0.16822052340906302,0.2185587322780308,ok,0.4262782427879495
ER+/HER2-,120,necrosis,wsi_necrosis_area_um2,log1p+z,IDC,age_stage,IDC_age_stage,3level,280,22,1.4548755803392337,0.8906210367145929,2.376614594772619,0.1343043408665323,0.23822891543362282,ok,0.3657453234072024
ER+/HER2-,120,necrosis,wsi_necrosis_perimeter_um,log1p+z,All,unadjusted,All_unadjusted,,386,30,1.0917979822204882,0.7431635432201343,1.6039845399515749,0.6545179621174547,0.5616790385259629,ok,0.8172143578712889
ER+/HER2-,120,necrosis,wsi_necrosis_perimeter_um,log1p+z,All,age,All_age,,386,30,1.198829220384218,0.810012369039001,1.7742833993413165,0.36462254107525593,0.24840601285080366,ok,0.5631959614611426
ER+/HER2-,120,necrosis,wsi_necrosis_perimeter_um,log1p+z,All,age_stage,All_age_stage,3level,386,30,1.2797253217348916,0.8638070876469882,1.8959058365109744,0.21873221086168368,0.26874275464990294,ok,0.3280318618166278
ER+/HER2-,120,necrosis,wsi_necrosis_perimeter_um,log1p+z,ILC,unadjusted,ILC_unadjusted,,106,8,0.9080470762414129,0.45755531542924677,1.8020760875590371,0.7826754758802407,0.47316644535176455,ok,0.8809836164272199
ER+/HER2-,120,necrosis,wsi_necrosis_perimeter_um,log1p+z,ILC,age,ILC_age,,106,8,0.9121749715797092,0.45382040631666537,1.8334635622265272,0.7963526928700481,0.543723445013713,ok,0.9049462418977818
ER+/HER2-,120,necrosis,wsi_necrosis_perimeter_um,log1p+z,ILC,age_stage,ILC_age_stage,binary,106,8,0.9935621463895901,0.49290379211230806,2.002755415022986,0.9855921184168597,0.48553221015746384,ok,0.9958660897937278
ER+/HER2-,120,necrosis,wsi_necrosis_perimeter_um,log1p+z,IDC,unadjusted,IDC_unadjusted,,280,22,1.1900998520599457,0.7480103865225172,1.8934732503617033,0.4626141869234581,0.39642456932227577,ok,0.8859349786780379
ER+/HER2-,120,necrosis,wsi_necrosis_perimeter_um,log1p+z,IDC,age,IDC_age,,280,22,1.3721343135061006,0.8571373276636083,2.196558840148614,0.1875624268266978,0.17410958506218668,ok,0.4262782427879495
ER+/HER2-,120,necrosis,wsi_necrosis_perimeter_um,log1p+z,IDC,age_stage,IDC_age_stage,3level,280,22,1.4066750459359385,0.8730034822304181,2.266582808814745,0.16092794229916904,0.1969692154496203,ok,0.3657453234072024
ER+/HER2-,120,necrosis,wsi_necrosis_fraction_of_cluster,log1p+z,All,unadjusted,All_unadjusted,,386,30,0.8594076392298144,0.4118201004801112,1.793456631926184,0.6864600606118827,0.8462617829942463,ok,0.8172143578712889
ER+/HER2-,120,necrosis,wsi_necrosis_fraction_of_cluster,log1p+z,All,age,All_age,,386,30,0.8567251310833797,0.43534593086076545,1.6859648803392138,0.654366562824013,0.6480869418644027,ok,0.7599154686837725
ER+/HER2-,120,necrosis,wsi_necrosis_fraction_of_cluster,log1p+z,All,age_stage,All_age_stage,3level,386,30,0.9739312165274135,0.4999265949885335,1.8973625808971493,0.9381202170306143,0.5337531981510548,ok,0.9381202170306143
ER+/HER2-,120,necrosis,wsi_necrosis_fraction_of_cluster,log1p+z,ILC,unadjusted,ILC_unadjusted,,106,8,0.21478367723232555,0.006040610103094368,7.636981566118324,0.3985697639152461,0.41538880891186647,ok,0.7768115921481843
ER+/HER2-,120,necrosis,wsi_necrosis_fraction_of_cluster,log1p+z,ILC,age,ILC_age,,106,8,0.1968011517235221,0.004708321776907038,8.226008152133453,0.3933755678780114,0.4543195137411017,ok,0.7024563712107347
ER+/HER2-,120,necrosis,wsi_necrosis_fraction_of_cluster,log1p+z,ILC,age_stage,ILC_age_stage,binary,106,8,0.25303904815827516,0.006310619934899706,10.146191745560019,0.46559740913687175,0.4356926319850106,ok,0.825951044505372
ER+/HER2-,120,necrosis,wsi_necrosis_fraction_of_cluster,log1p+z,IDC,unadjusted,IDC_unadjusted,,280,22,0.9388380300166935,0.44539430578476963,1.978958498476085,0.8682472166353197,0.7599336776900109,ok,0.9437469746036082
ER+/HER2-,120,necrosis,wsi_necrosis_fraction_of_cluster,log1p+z,IDC,age,IDC_age,,280,22,0.9208408930642697,0.4755202451242366,1.7832005241288165,0.8067853551079626,0.6226808341071209,ok,0.8852992142129933
ER+/HER2-,120,necrosis,wsi_necrosis_fraction_of_cluster,log1p+z,IDC,age_stage,IDC_age_stage,3level,280,22,1.009102082066625,0.498631834801789,2.042162054165628,0.9799018195600616,0.44843390396603766,ok,0.9799018195600617
ER+/HER2-,120,necrosis,any_necrosis,binary,All,unadjusted,All_unadjusted,,386,30,1.3369783746388426,0.5696825629149573,3.1377319416370524,0.5046317241956546,0.8038723324047096,ok,0.7917836380745076
ER+/HER2-,120,necrosis,any_necrosis,binary,All,age,All_age,,386,30,1.5867298253239557,0.6697163062558626,3.759370221472117,0.29416518848578266,0.7938249571531353,ok,0.5631959614611426
ER+/HER2-,120,necrosis,any_necrosis,binary,All,age_stage,All_age_stage,3level,386,30,1.95682837507067,0.8113990689587892,4.719228103620368,0.13500518219760976,0.9482369156324666,ok,0.3280318618166278
ER+/HER2-,120,necrosis,any_necrosis,binary,ILC,unadjusted,ILC_unadjusted,,106,8,0.9087273119540099,0.2156282653192148,3.8296710603717594,0.8962446896589512,0.5677748393575512,ok,0.9335882183947408
ER+/HER2-,120,necrosis,any_necrosis,binary,ILC,age,ILC_age,,106,8,0.9000645017100827,0.21148928534212827,3.830530260330147,0.8866955881822055,0.644092748670201,ok,0.9637995523719625
ER+/HER2-,120,necrosis,any_necrosis,binary,ILC,age_stage,ILC_age_stage,binary,106,8,1.112778311649817,0.2518507582641673,4.916703763025343,0.8878982631900005,0.551222824791606,ok,0.9958660897937278
ER+/HER2-,120,necrosis,any_necrosis,binary,IDC,unadjusted,IDC_unadjusted,,280,22,1.696379543126929,0.5718202533736116,5.032531704432855,0.34081567863126194,0.94874740111273,ok,0.8859349786780379
ER+/HER2-,120,necrosis,any_necrosis,binary,IDC,age,IDC_age,,280,22,2.2993364882683496,0.7578986211991237,6.975798792083012,0.14144909221796492,0.6944076563396647,ok,0.4262782427879495
ER+/HER2-,120,necrosis,any_necrosis,binary,IDC,age_stage,IDC_age_stage,3level,280,22,2.6176157624447765,0.8410667939337537,8.14669218808683,0.09667994893553766,0.9048422852054757,ok,0.3657453234072024
