module,feature,cohort,n,events,HR_age,HR_age_stage,HR_unadjusted,HR_CI95_high_age,HR_CI95_high_age_stage,HR_CI95_high_unadjusted,HR_CI95_low_age,HR_CI95_low_age_stage,HR_CI95_low_unadjusted,p_age,p_age_stage,p_unadjusted,q_age,q_age_stage,q_unadjusted,attenuation_pct
tumor_morphology,wsi_tumor_area_mm2,All,383,30,1.39971333867731,1.396057745611048,1.2779912144379624,2.198305937457472,2.200240543138133,1.9313126515918098,0.8912305594448608,0.8858018888702219,0.8456743359675427,0.14429036464359857,0.1505714255889876,0.24429564107493407,0.40080656845444046,0.3280318618166278,0.6107391026873351,-36.02392020072696
tumor_morphology,wsi_tumor_fraction_of_cluster,All,383,30,0.9250658506862532,0.8953048861949064,0.9682858677500673,1.3553813413142872,1.3278171357453592,1.4145099509894408,0.6313697865104739,0.6036756249530694,0.6628285089324901,0.6894014053021016,0.5823467178920183,0.8676384662888658,0.7599154686837725,0.6932699022524028,0.9037900690509019,-243.1526848220234
tumor_morphology,wsi_tumor_perimeter_mm,All,383,30,1.6783982044731969,1.5939644923910756,1.4217950965351294,2.7502203074600033,2.575820035552419,2.2220114187735867,1.0242890451858173,0.9863743460084732,0.9097618848633469,0.03985866696414097,0.05691828320675765,0.12238966589273931,0.14235238201478917,0.23715951336149022,0.3704295566376283,-32.48011061506452
tumor_morphology,wsi_tumor_boundary_density_per_mm,All,383,30,1.082544664446893,1.0625443705100768,1.0195591308165641,1.6185273942883798,1.591618553243513,1.5161045964944455,0.7240550605803545,0.7093411527541559,0.6856392518266705,0.6991222311890706,0.7685633038568552,0.9237711729518046,0.7599154686837725,0.8733673907464264,0.9237711729518046,-213.19263358423106
tumor_morphology,wsi_tumor_n_islands,All,383,30,1.616731508752005,1.623842547894838,1.411373570945396,2.5495356932879436,2.552091226959502,2.1650301661834384,1.0252144256198616,1.0332172269151576,0.9200681763592494,0.03872356524013445,0.03558630000953223,0.11448425591195299,0.14235238201478917,0.17793150004766117,0.3704295566376283,-40.698429440363554
tumor_morphology,wsi_tumor_patch_density_per_mm2,All,383,30,0.9998582680160956,1.0239041326230258,0.9647273966290524,1.3889926626116822,1.4315222362874374,1.3625931140518994,0.7197421433749036,0.7323530478446618,0.6830351190012104,0.9993256894943564,0.8901128298189973,0.8384877527097653,0.9993256894943563,0.9381202170306143,0.9037900690509019,165.7841653557309
tumor_morphology,wsi_area_weighted_tumor_boundary_fractal_dimension,All,347,25,1.2425960188569147,1.2267464337599707,1.3878760989219814,1.8747761553879558,1.9205541169081775,2.1292557549882205,0.8235889184111891,0.7835794885933728,0.9046353691642617,0.300637079006245,0.371542687350927,0.13335464038954617,0.5631959614611426,0.4888719570406934,0.3704295566376283,37.650600813073034
tumor_morphology,wsi_area_weighted_tumor_island_nnd_median_um,All,383,30,0.837372739661598,0.8823061104272368,0.8906118557752427,1.2064819234581643,1.2701456493180683,1.2881664197250422,0.5811882395374196,0.6128935472205026,0.6157507799471493,0.3408181090239881,0.5005750723601167,0.5384128738906652,0.5631959614611426,0.6257188404501458,0.7917836380745076,-8.08797776344317
tumor_morphology,wsi_area_weighted_tumor_island_gap_median_um,All,383,30,1.1018948287957533,1.2252593404249197,1.0875900082899947,1.516127813394706,1.6988371897182915,1.5304830351216114,0.8008376358509076,0.8836988384669485,0.7728618997976949,0.5512227201587112,0.22306166603530692,0.6300004496627721,0.689028400198389,0.3280318618166278,0.8172143578712889,-141.951230199945
immune_proximity,wsi_til_area_total_mm2,All,386,30,0.8596210527340921,0.7788385990852481,0.8566942054863713,1.243916197120301,1.1573614078643157,1.2527253096934912,0.5940499496785665,0.524114212987639,0.5858626436576883,0.42238141590956557,0.21615523913951634,0.42499358431124135,0.5866408554299523,0.3280318618166278,0.7589171148415025,-61.59862063805481
immune_proximity,wsi_til_fraction_intratumoral,All,386,30,1.213091660475919,1.2992584454239255,1.1851561292877206,1.6743396672967343,1.813967936466894,1.6144775480125475,0.878908506714259,0.930596662746582,0.8699997423422429,0.2400310867403391,0.1241657379396047,0.2814694010530886,0.5455251971371343,0.3280318618166278,0.639703184211565,-54.110030285519045
immune_proximity,wsi_til_contact_fraction,All,386,30,1.3759895317640205,1.316272747554667,1.4315152083899998,1.864689557685222,1.779002492651826,1.965210846419597,1.0153685817142244,0.9739019215046143,1.0427561986976368,0.03955934881311639,0.07379029782016955,0.026491261772378136,0.14235238201478917,0.26353677792917696,0.16876481152254447,23.39603362876906
immune_proximity,wsi_til_pct_within_50um,All,386,30,1.706371077199733,1.676764893673908,1.616125843149498,2.673850686106221,2.6580419135068074,2.472094195840786,1.0889546930325886,1.0577487489457795,1.0565385191591994,0.01970954263468263,0.02789205889652202,0.02685788696056743,0.14235238201478917,0.17432536810326263,0.16876481152254447,-7.673334515634526
immune_proximity,wsi_til_pct_within_100um,All,386,30,1.5952435986646198,1.5120195088678705,1.5742267044651364,2.7194004022661216,2.5890064231365923,2.6568503516194837,0.9357953087599094,0.8830426123189342,0.9327547242322409,0.08613925175535671,0.13189034972056163,0.08926749346068998,0.26918516173548973,0.3280318618166278,0.3704295566376283,8.885229967250574
immune_proximity,wsi_til_pct_within_200um,All,386,30,0.9563684158686916,0.9799094458126189,0.9357321502749052,1.4261120313698377,1.4384493402443512,1.415674273853021,0.6413525212269907,0.6675400343467638,0.6185000838328466,0.8267796161018438,0.9174667059962396,0.7531788495663265,0.861228766772754,0.9381202170306143,0.855885056325371,69.44703659970328
immune_proximity,wsi_til_extratumoral_distance_aw_median_um,All,386,30,0.6283587579623814,0.6170534223584403,0.6061368072348136,0.8868583706117513,0.8614069102292986,0.8631813989944822,0.4452060687386546,0.442015174852626,0.4256368702022529,0.008219167903837279,0.004561900019459716,0.005508683768055393,0.14235238201478917,0.06278787491216195,0.13771709420138484,3.5653459806819066
tils_tsr,WSI_tumor_stroma_ratio,All,386,30,0.7438871522401584,0.7215136022149546,0.8072468101873509,1.1734071074672439,1.1758325617513585,1.2504772969856521,0.47159088414113787,0.44273470144916943,0.5211189472439737,0.2032658864051735,0.19022235752344327,0.3375916018324757,0.5081647160129338,0.3280318618166278,0.7033158371509911,-52.435632016037886
tils_tsr,WSI_sTIL_pct,All,386,30,0.6759785102910967,0.6078552882404592,0.6788525530090288,0.9795902480060023,0.8840041996200146,0.9996784583534601,0.46646743095442744,0.4179709232158791,0.46098901589408364,0.038554482497694144,0.009182511608555922,0.04980993788250131,0.14235238201478917,0.07652093007129936,0.24904968941250655,-28.518582981390953
tils_tsr,WSI_neighborhood_intratumoral_TIL_pct,All,386,30,0.8510234043561032,0.7691409160806091,0.8582091182830952,1.2227332876086687,1.114646697280098,1.2439770796040794,0.592313010614333,0.5307311726961156,0.5920711102962289,0.38297325379357694,0.165564497966802,0.4194837299611841,0.5631959614611426,0.3280318618166278,0.7589171148415025,-71.66006375818085
tils_tsr,WSI_inter_tumor_sTILs_pct,All,363,28,0.6001249611156112,0.547151900087271,0.6135334822096471,0.9119627473782749,0.8338081793848371,0.945954228444141,0.39491741300769,0.3590456524304937,0.39792975439352696,0.01677513890004802,0.0050230299929729565,0.027002369843607116,0.14235238201478917,0.06278787491216195,0.16876481152254447,-23.439833488750736
tils_tsr,TSR_stroma_high,All,386,30,1.3729981260929416,1.607472541203769,1.3435117906885912,3.3848844447073567,4.054061369584869,3.33310960427274,0.5569241387848054,0.6373776159655664,0.5415435272231642,0.4911011020044467,0.3145632004142281,0.5241523797915553,0.6461856605321666,0.43689333390865015,0.7917836380745076,-60.74639779317035
necrosis,wsi_necrosis_area_um2,All,386,30,1.2050106218631105,1.29982528864351,1.1066501736103143,1.7880333021088404,1.936961460348219,1.6354486829917796,0.8120937104976423,0.872266080448211,0.7488309596553048,0.35433397880702,0.19758024154950482,0.6110878369484676,0.5631959614611426,0.3280318618166278,0.8172143578712889,-158.7685971743233
necrosis,wsi_necrosis_perimeter_um,All,386,30,1.198829220384218,1.2797253217348916,1.0917979822204882,1.7742833993413165,1.8959058365109744,1.6039845399515749,0.810012369039001,0.8638070876469882,0.7431635432201343,0.36462254107525593,0.21873221086168368,0.6545179621174547,0.5631959614611426,0.3280318618166278,0.8172143578712889,-180.83466101289008
necrosis,wsi_necrosis_fraction_of_cluster,All,386,30,0.8567251310833797,0.9739312165274135,0.8594076392298144,1.6859648803392138,1.8973625808971493,1.793456631926184,0.43534593086076545,0.4999265949885335,0.4118201004801112,0.654366562824013,0.9381202170306143,0.6864600606118827,0.7599154686837725,0.9381202170306143,0.8172143578712889,82.56599371871168
necrosis,any_necrosis,All,386,30,1.5867298253239557,1.95682837507067,1.3369783746388426,3.759370221472117,4.719228103620368,3.1377319416370524,0.6697163062558626,0.8113990689587892,0.5696825629149573,0.29416518848578266,0.13500518219760976,0.5046317241956546,0.5631959614611426,0.3280318618166278,0.7917836380745076,-131.16286559474193
tumor_morphology,wsi_tumor_area_mm2,IDC,277,22,1.5318349720713755,1.3908953076169308,1.2516732542553963,2.829327837699951,2.52582983509617,2.0969108079889347,0.8293554215931618,0.7659224425453578,0.747139997299571,0.1731091830987958,0.27840400688930445,0.3938303535235068,0.4262782427879495,0.4644876126686309,0.8859349786780379,-46.982267740499346
tumor_morphology,wsi_tumor_fraction_of_cluster,IDC,277,22,0.9540500322169129,0.8804095445795518,0.9873514498674075,1.5178905581600848,1.4106560803635355,1.552409769127151,0.5996555279165895,0.5494755078693737,0.627967502487048,0.8426211002184361,0.5964315869186712,0.9560341552947893,0.8852992142129933,0.7847784038403568,0.9958689117654055,-900.5958559314951
tumor_morphology,wsi_tumor_perimeter_mm,IDC,277,22,1.642359473457676,1.5389582824854728,1.3543941750168855,3.0432354240623734,2.7935947962843257,2.3943493291872895,0.886341102212699,0.8477938884983471,0.7661303047798427,0.11489591559543613,0.1564323898919391,0.29669914960333976,0.4262782427879495,0.3657453234072024,0.8859349786780379,-42.11297389459228
tumor_morphology,wsi_tumor_boundary_density_per_mm,IDC,277,22,1.0259104249660072,1.075139074740813,0.9987693490159454,1.6608315522584847,1.7340924295296156,1.5974762663714441,0.6337139962344165,0.6665873227692273,0.6244475949552467,0.9171100654432983,0.7664293047106437,0.995899770043818,0.9171100654432983,0.8944238681222577,0.9958997700438181,5983.506900422461
tumor_morphology,wsi_tumor_n_islands,IDC,277,22,1.5205793921046538,1.5446298686202788,1.3121106053351308,2.6206008480952274,2.658166482246869,2.213476503741992,0.8823021214291153,0.8975665922238194,0.7777964833701262,0.13128138935311465,0.11646503827491579,0.3086246531585631,0.4262782427879495,0.3657453234072024,0.8859349786780379,-60.06079095049773
tumor_morphology,wsi_tumor_patch_density_per_mm2,IDC,277,22,0.915946400621324,0.9668878481601504,0.8974004860195675,1.3238191444686958,1.400595624847166,1.3180032770731758,0.6337405017268185,0.6674818158323034,0.6110209635415375,0.6403538780723608,0.8586469133973674,0.5809496121329648,0.8852992142129933,0.8944238681222577,0.8859349786780379,68.89439021022257
tumor_morphology,wsi_area_weighted_tumor_boundary_fractal_dimension,IDC,251,18,1.0683192912403165,1.063306422602331,1.17712574873946,1.635564463762703,1.7053674829942498,1.8493876155018207,0.6978056403907045,0.6629776629505367,0.7492345124034222,0.7610322523644684,0.7989719784797887,0.4792711487029164,0.8852992142129933,0.8944238681222577,0.8859349786780379,62.35899363300549
tumor_morphology,wsi_area_weighted_tumor_island_nnd_median_um,IDC,277,22,0.9105798669858406,0.9063950403028,0.9300808639044489,1.379247769321822,1.375051892335497,1.4313404138878811,0.6011651514706805,0.5974697927146048,0.6043638571285437,0.6583613903097438,0.6439490031271942,0.741743267639839,0.8852992142129933,0.8049362539089927,0.8926067348195779,-35.589075243163656
tumor_morphology,wsi_area_weighted_tumor_island_gap_median_um,IDC,277,22,1.1928473203723782,1.2640911662684744,1.1276650622467306,1.742339774898459,1.8354380783582962,1.6950044452245805,0.8166516945883799,0.8705967776735098,0.7502213319820749,0.3616542067211158,0.2180745347262081,0.5633765320677742,0.6954888590790689,0.4543219473462669,0.8859349786780379,-95.0520357714942
immune_proximity,wsi_til_area_total_mm2,IDC,280,22,0.9536297634046272,0.8070324002062013,0.9351806465182809,1.4252551963177509,1.2545098870063107,1.4093727210171918,0.638067995121639,0.5191679250426711,0.6205333965816711,0.8168590250399604,0.34082382229172625,0.7487894345113544,0.8852992142129933,0.5325372223308222,0.8926067348195779,-219.91294453723464
immune_proximity,wsi_til_fraction_intratumoral,IDC,280,22,1.1017160658390746,1.1388822209539569,1.0535175827147119,1.6197012009490361,1.698107141212369,1.5335325082822195,0.749384077147523,0.7638226597875224,0.7237533544902148,0.6222489916475963,0.5234279179705574,0.7854939266412285,0.8852992142129933,0.7452366741160108,0.8926067348195779,-149.4450209092414
immune_proximity,wsi_til_contact_fraction,IDC,280,22,1.3477509599502644,1.3687642612457214,1.4677036787459854,1.9239882158217867,1.9507108296050242,2.135010563112355,0.9440975963935476,0.9604271296545224,1.0089664781162662,0.1003369763091428,0.08245938077290058,0.044787222847524,0.4262782427879495,0.3657453234072024,0.3732268570627,18.188922096273092
immune_proximity,wsi_til_pct_within_50um,IDC,280,22,1.9696931903943284,2.007082107390173,1.8496254546515654,3.4112265758210083,3.5700661852947517,3.107468584715004,1.1373302763836584,1.1283764436633787,1.1009328748560048,0.01555424937770756,0.017739399530864043,0.02016737862699976,0.388856234442689,0.18568616407329372,0.252092232837497,-13.28472435225865
immune_proximity,wsi_til_pct_within_100um,IDC,280,22,1.6651331810481784,1.601158856544623,1.6502792877026509,3.136766749361442,3.043964444653344,3.0788675295895924,0.8839256253886469,0.8422272107660075,0.8845530706491279,0.11454093218032431,0.1509689899772229,0.11539123643845235,0.4262782427879495,0.3657453234072024,0.7211952277403272,6.031982405392078
immune_proximity,wsi_til_pct_within_200um,IDC,280,22,0.9259204883692638,0.9593399811202168,0.898941902085364,1.3615098193372936,1.3993888472413039,1.3422177572595502,0.6296897301844472,0.6576679535427512,0.6020606857226872,0.6956094332237126,0.8293845481967745,0.6024357855010658,0.8852992142129933,0.8944238681222577,0.8859349786780379,61.03719773576363
immune_proximity,wsi_til_extratumoral_distance_aw_median_um,IDC,280,22,0.6499182481939968,0.6244294072333877,0.594595100108636,0.9692619145774559,0.9286018445557438,0.9114056849617653,0.43578905039273486,0.4198915680642217,0.3879099493306656,0.034595590991958976,0.020028450301279466,0.017048248495219808,0.4262782427879495,0.18568616407329372,0.252092232837497,9.417196682184464
tils_tsr,WSI_tumor_stroma_ratio,IDC,280,22,0.7892640212921911,0.7263806305052266,0.8594639774933545,1.389245415636681,1.2952759487180356,1.4776095328708347,0.4484000366636679,0.4073485815091193,0.49991443082633996,0.41202086325206566,0.27869256760117855,0.5838394287534587,0.7357515415215458,0.4644876126686309,0.8859349786780379,-111.08536669640095
tils_tsr,WSI_sTIL_pct,IDC,280,22,0.7638384838709845,0.6470864099305512,0.787614382833029,1.1775634172729628,0.9937157516430858,1.228008553769834,0.4954715991377295,0.4213688081571257,0.5051564291967652,0.22251771885387595,0.04672690213916344,0.29207796841651457,0.46357858094557486,0.29204313836977147,0.8859349786780379,-82.31686213724008
tils_tsr,WSI_neighborhood_intratumoral_TIL_pct,IDC,280,22,0.9064061782153466,0.7747931489763129,0.9390652522848904,1.3930094972525313,1.2219387250181017,1.4491393843291593,0.5897821669754288,0.4912721165226498,0.6085291432867315,0.6540183354964209,0.27234222034266975,0.7763875252570621,0.8852992142129933,0.4644876126686309,0.8926067348195779,-305.8500522707182
tils_tsr,WSI_inter_tumor_sTILs_pct,IDC,262,20,0.6712256775269398,0.5827234596547755,0.7346272897211281,1.0689850448980687,0.9259590569382724,1.1767536283041224,0.42146886181598575,0.3667188391188957,0.4586153310449238,0.0931517228296016,0.022282339688795245,0.1995293650570029,0.4262782427879495,0.18568616407329372,0.8859349786780379,-75.11561593350385
tils_tsr,TSR_stroma_high,IDC,280,22,1.095192439943457,1.3549766154472827,1.1542497676680838,2.8083150193835307,3.550941551194733,2.956671082704954,0.42710538961280775,0.517035158686646,0.45060559287607943,0.8498872456444735,0.5365704053635277,0.7650093535166604,0.8852992142129933,0.7452366741160108,0.8926067348195779,-111.76923358287715
necrosis,wsi_necrosis_area_um2,IDC,280,22,1.4015123243066054,1.4548755803392337,1.221404915097108,2.26523805006171,2.376614594772619,1.9681876875527102,0.8671215791778677,0.8906210367145929,0.7579713947293052,0.16822052340906302,0.1343043408665323,0.4113027592362174,0.4262782427879495,0.3657453234072024,0.8859349786780379,-87.45853737526166
necrosis,wsi_necrosis_perimeter_um,IDC,280,22,1.3721343135061006,1.4066750459359385,1.1900998520599457,2.196558840148614,2.266582808814745,1.8934732503617033,0.8571373276636083,0.8730034822304181,0.7480103865225172,0.1875624268266978,0.16092794229916904,0.4626141869234581,0.4262782427879495,0.3657453234072024,0.8859349786780379,-96.06657134292446
necrosis,wsi_necrosis_fraction_of_cluster,IDC,280,22,0.9208408930642697,1.009102082066625,0.9388380300166935,1.7832005241288165,2.042162054165628,1.978958498476085,0.4755202451242366,0.498631834801789,0.44539430578476963,0.8067853551079626,0.9799018195600616,0.8682472166353197,0.8852992142129933,0.9799018195600617,0.9437469746036082,114.35680021573172
necrosis,any_necrosis,IDC,280,22,2.2993364882683496,2.6176157624447765,1.696379543126929,6.975798792083012,8.14669218808683,5.032531704432855,0.7578986211991237,0.8410667939337537,0.5718202533736116,0.14144909221796492,0.09667994893553766,0.34081567863126194,0.4262782427879495,0.3657453234072024,0.8859349786780379,-82.07580449216246
tumor_morphology,wsi_tumor_area_mm2,ILC,106,8,1.2831948972147877,1.3957353218848993,1.325794660419756,2.5837522192813105,2.951407944002272,2.691406696919284,0.637286010612922,0.6600500932837646,0.6530902533643546,0.4849986408575895,0.38285357467487624,0.4350144916029832,0.7214827191981209,0.825951044505372,0.7768115921481843,-18.229494213844717
tumor_morphology,wsi_tumor_fraction_of_cluster,ILC,106,8,0.820051318113253,0.8833789746826052,0.8639978364073984,1.773681160478005,1.9997089935871142,1.8753840974598281,0.3791460265372893,0.3902359870430295,0.3980476651837748,0.6142381436642471,0.7661042715831197,0.7116056318243277,0.7752701032489809,0.9958660897937278,0.8809836164272199,15.17531320620491
tumor_morphology,wsi_tumor_perimeter_mm,ILC,106,8,1.746755735936267,1.7845506896899994,1.5978473740325005,4.050137871279939,4.259924944464276,3.443252598043452,0.753346107712134,0.7475768248479193,0.7414838609729958,0.19364092268346306,0.1920161326941841,0.2315382827042587,0.6703840721712866,0.6857719024792289,0.739372880784312,-23.57998677022469
tumor_morphology,wsi_tumor_boundary_density_per_mm,ILC,106,8,1.223827083898488,1.1097694168848622,1.1132944198858696,2.7206225463369553,2.5565206967356784,2.4473717418345364,0.55051838532326,0.48174386392628615,0.5064308148054162,0.6202160825991847,0.8067501929573518,0.7894331974426833,0.7752701032489809,0.9958660897937278,0.8809836164272199,2.954900247244058
tumor_morphology,wsi_tumor_n_islands,ILC,106,8,1.8705110257119595,1.919976132254282,1.6908826548820093,4.3629188208437935,4.682642486539144,3.6465896364016444,0.801942837119608,0.7872282282969237,0.7840432946006226,0.14728769903905087,0.15156360464238908,0.18040339076735223,0.6703840721712866,0.6315150193432878,0.739372880784312,-24.190750749094605
tumor_morphology,wsi_tumor_patch_density_per_mm2,ILC,106,8,1.7737948252284184,1.6350316578860322,1.5600091711291038,4.6267439736914495,4.357145542854405,3.957263424344697,0.6800350527061475,0.6135504302062459,0.6149776633608641,0.2413382659816632,0.32553323398635287,0.3491107123592435,0.6703840721712866,0.825951044505372,0.7768115921481843,-10.562478812136865
tumor_morphology,wsi_area_weighted_tumor_boundary_fractal_dimension,ILC,96,7,2.930598072565809,2.8882545326402553,3.183875618382914,9.282387648936444,9.288000792960965,9.883833817266476,0.925236629598256,0.8981496052023472,1.0256206387873832,0.06757006843716604,0.07512163749266913,0.04509853338314985,0.6703840721712866,0.6186505111297402,0.5184972594602163,8.414378552456556
tumor_morphology,wsi_area_weighted_tumor_island_nnd_median_um,ILC,106,8,0.6575172826587222,0.7162448012500544,0.8034980043803558,1.6354216875812462,1.8703084006413624,1.7144825985381136,0.26435321255542077,0.2742898524873282,0.37656202728082816,0.36711913588463896,0.49557062670322327,0.5715415844053162,0.7024563712107347,0.825951044505372,0.8085865842902348,-52.5424574403599
tumor_morphology,wsi_area_weighted_tumor_island_gap_median_um,ILC,106,8,0.994396998862111,1.047459674266388,1.0778092516280178,1.8486537420882767,2.0613547820231903,1.9885918323734932,0.5348894543274371,0.5322576097926185,0.5841685377478533,0.9858303102971991,0.8932134018195741,0.8105049271130422,0.9960731065184373,0.9958660897937278,0.8809836164272199,38.11883200262096
immune_proximity,wsi_til_area_total_mm2,ILC,106,8,0.5865260016545807,0.614750407704759,0.56374791152079,1.6264341407914962,1.7940837397361495,1.6507311869456605,0.21151348338611306,0.21064683626682146,0.19252783872830184,0.30522934606353574,0.37327586429992143,0.2957491523137248,0.7024563712107347,0.825951044505372,0.739372880784312,15.111130822720684
immune_proximity,wsi_til_fraction_intratumoral,ILC,106,8,1.5483238270531134,1.8063261107721522,1.589218697192963,2.8906403686860838,3.646281138474534,2.8336701082033153,0.8293341155095246,0.8948333643363242,0.8912879661595687,0.16991558492236886,0.09896161737772682,0.11643112600160933,0.6703840721712866,0.6186505111297402,0.7276945375100583,-27.642648637607444
immune_proximity,wsi_til_contact_fraction,ILC,106,8,1.4609805880817661,1.3360541423814571,1.3967393885557053,2.693776046677309,2.5418311462491734,2.576527510411838,0.7923688687426483,0.702265637907824,0.7571744961617477,0.2245800647462413,0.37729675754986525,0.2848103589836609,0.6703840721712866,0.825951044505372,0.739372880784312,13.293782242428486
immune_proximity,wsi_til_pct_within_50um,ILC,106,8,1.2744828963684056,1.2124251258383543,1.2536241177430407,2.5399425370372755,2.5033967682284026,2.463986594332055,0.6395052759856047,0.5871920521829294,0.6378173615887891,0.4906082490547222,0.602563917057221,0.512070868886659,0.7214827191981209,0.8861234074370897,0.8001107326354047,14.783339277016704
immune_proximity,wsi_til_pct_within_100um,ILC,106,8,1.4284963434426494,1.3905747748191053,1.41344950893235,3.8057696819970266,3.941397556238687,3.6607529019079528,0.536186362743381,0.49061232133318516,0.545745524987454,0.47565552675693634,0.5350641203224167,0.47604323464033027,0.7214827191981209,0.8360376880037761,0.7934053910672172,4.7151571774499725
immune_proximity,wsi_til_pct_within_200um,ILC,106,8,1.5358437619236773,1.405541492426309,1.5596162795131618,7.817400578952257,6.530924255184478,7.596270963279775,0.3017391826371035,0.3024911650695868,0.3202101335090158,0.6052928149419208,0.6640343759821422,0.582182340688969,0.7752701032489809,0.9222699666418642,0.8085865842902348,23.40411009816331
immune_proximity,wsi_til_extratumoral_distance_aw_median_um,ILC,106,8,0.5932436006354099,0.5750545957711614,0.6377819752819944,1.1813272188244865,1.1348228601769366,1.1853363865059203,0.29791743057022907,0.29140035834841604,0.3431649046003288,0.13733463423043366,0.11064616078231015,0.154943738780331,0.6703840721712866,0.6186505111297402,0.739372880784312,-23.019340871586177
tils_tsr,WSI_tumor_stroma_ratio,ILC,106,8,0.6151458354872872,0.6521572169211198,0.6455450971551556,1.811938157016253,1.9687802093084161,1.8993031333720685,0.2088395773619984,0.2160266715255641,0.2194112488622022,0.3780170995910125,0.448275915136645,0.4266802503655588,0.7024563712107347,0.825951044505372,0.7768115921481843,2.328425381169245
tils_tsr,WSI_sTIL_pct,ILC,106,8,0.43329479776737184,0.45076826109238627,0.3863091118423244,1.1233131630830604,1.1621928851799128,1.0424221330268253,0.1671344981456301,0.1748350276441407,0.1431615131377541,0.08530184302424433,0.09916542732833188,0.06039051666689714,0.6703840721712866,0.6186505111297402,0.5184972594602163,16.224654652365597
tils_tsr,WSI_neighborhood_intratumoral_TIL_pct,ILC,106,8,0.7281934785756486,0.7547583064712156,0.6774353430345278,1.4582005967389164,1.4514395845986143,1.389733047688792,0.36364389332028585,0.39247937511972497,0.3302207173928238,0.3706350990844094,0.39905585909223296,0.2881172156033829,0.7024563712107347,0.825951044505372,0.739372880784312,27.753476045345668
tils_tsr,WSI_inter_tumor_sTILs_pct,ILC,101,8,0.3111393196793993,0.3331055561087768,0.26832268532249437,1.2317307007344167,1.3504189315314583,1.0694982877272794,0.07859483910958624,0.08216658469435313,0.06731854018361316,0.09629688843138039,0.12373010222594805,0.06221967113522596,0.6703840721712866,0.6186505111297402,0.5184972594602163,16.439257927855973
tils_tsr,TSR_stroma_high,ILC,106,8,13811738.254283447,9310389.55616797,9669475.272472039,inf,inf,inf,0.0,0.0,0.0,0.9960731065184374,0.9958660897937278,0.9959384267884912,0.9960731065184373,0.9958660897937278,0.9959384267884911,0.23527711518394234
necrosis,wsi_necrosis_area_um2,ILC,106,8,0.8966577007559227,0.9779171695345663,0.9025997852320373,1.7972878147263902,1.9692792778628616,1.7980893479741893,0.44733794205759625,0.48562029836028925,0.4530844772640376,0.7584936197832345,0.9501456351200425,0.7707273778264183,0.902968594980041,0.9958660897937278,0.8809836164272199,78.20923940627976
necrosis,wsi_necrosis_perimeter_um,ILC,106,8,0.9121749715797092,0.9935621463895901,0.9080470762414129,1.8334635622265272,2.002755415022986,1.8020760875590371,0.45382040631666537,0.49290379211230806,0.45755531542924677,0.7963526928700481,0.9855921184168597,0.7826754758802407,0.9049462418977818,0.9958660897937278,0.8809836164272199,93.30424093464501
necrosis,wsi_necrosis_fraction_of_cluster,ILC,106,8,0.1968011517235221,0.25303904815827516,0.21478367723232555,8.226008152133453,10.146191745560019,7.636981566118324,0.004708321776907038,0.006310619934899706,0.006040610103094368,0.3933755678780114,0.46559740913687175,0.3985697639152461,0.7024563712107347,0.825951044505372,0.7768115921481843,10.656647823657803
necrosis,any_necrosis,ILC,106,8,0.9000645017100827,1.112778311649817,0.9087273119540099,3.830530260330147,4.916703763025343,3.8296710603717594,0.21148928534212827,0.2518507582641673,0.2156282653192148,0.8866955881822055,0.8878982631900005,0.8962446896589512,0.9637995523719625,0.9958660897937278,0.9335882183947408,211.64938841103302
