plot,subset,limit,panel,category,n,events,median_OS_months,OS_at_60_months,OS_at_60_months_CI95_low,OS_at_60_months_CI95_high,HR_comparison,logrank_p,HR,HR_CI95_low,HR_CI95_high
tsr,all,120 months,All patients,Stroma-low,227,29,inf,0.8361232406082372,0.7541840303446452,0.8926627964137273,Stroma-high vs Stroma-low,0.5226473624564059,0.8646530876118715,0.5528982954224065,1.3521925607413343
tsr,all,120 months,All patients,Stroma-high,497,57,inf,0.8318908872402505,0.7722063440201157,0.8771773386756023,Stroma-high vs Stroma-low,0.5226473624564059,0.8646530876118715,0.5528982954224065,1.3521925607413343
tsr,all,120 months,Lobular (ILC),Stroma-low,20,3,inf,0.6755555555555554,0.2409448730945416,0.8975442025410122,Stroma-high vs Stroma-low,0.2664791366088136,0.4944215357019672,0.1391388024899032,1.7568977926458051
tsr,all,120 months,Lobular (ILC),Stroma-high,132,12,inf,0.8458604885508744,0.7052647058841045,0.9228824785529042,Stroma-high vs Stroma-low,0.2664791366088136,0.4944215357019672,0.1391388024899032,1.7568977926458051
tsr,all,120 months,Ductal (IDC),Stroma-low,207,26,inf,0.8483072791657813,0.7647537999410627,0.904013993391903,Stroma-high vs Stroma-low,0.8390017208379272,0.951263503808524,0.5868070723663553,1.5420779610391628
tsr,all,120 months,Ductal (IDC),Stroma-high,365,45,inf,0.8248250974116408,0.7541878062105377,0.8768085124869569,Stroma-high vs Stroma-low,0.8390017208379272,0.951263503808524,0.5868070723663553,1.5420779610391628
stil,all,120 months,All patients,sTIL-low,503,64,inf,0.8218941575166036,0.7616383244490145,0.8682330193975089,sTIL-high vs sTIL-low,0.1167203406355893,0.6796921221209812,0.4184400593001119,1.1040562933817537
stil,all,120 months,All patients,sTIL-high,221,22,inf,0.8548318636525369,0.7713122053149123,0.9096034809403264,sTIL-high vs sTIL-low,0.1167203406355893,0.6796921221209812,0.4184400593001119,1.1040562933817537
stil,all,120 months,Lobular (ILC),sTIL-low,122,13,inf,0.8269225446783137,0.6779783515174737,0.91125609556297,sTIL-high vs sTIL-low,0.4260932542425929,0.5510324342044857,0.124253772649031,2.443682288850716
stil,all,120 months,Lobular (ILC),sTIL-high,30,2,inf,0.8181818181818182,0.4474286146821811,0.9511622285824918,sTIL-high vs sTIL-low,0.4260932542425929,0.5510324342044857,0.124253772649031,2.443682288850716
stil,all,120 months,Ductal (IDC),sTIL-low,381,51,113.70841889117042,0.8190962388757329,0.7492963600611741,0.8711227757489213,sTIL-high vs sTIL-low,0.1390690434224176,0.6780164783192666,0.403873943227118,1.138242148525896
stil,all,120 months,Ductal (IDC),sTIL-high,191,20,inf,0.857933791781168,0.7694033181204136,0.9143275770524834,sTIL-high vs sTIL-low,0.1390690434224176,0.6780164783192666,0.403873943227118,1.138242148525896
necrosis,all,120 months,All patients,No necrosis,232,20,inf,0.8607671998901536,0.7639248280272943,0.9199116121682552,Necrosis vs No necrosis,0.4062333877817131,1.2363035599886485,0.7482359760871207,2.0427332302752585
necrosis,all,120 months,All patients,Necrosis,491,65,inf,0.8209883327114573,0.7640423291903877,0.865401699639605,Necrosis vs No necrosis,0.4062333877817131,1.2363035599886485,0.7482359760871207,2.0427332302752585
necrosis,all,120 months,Lobular (ILC),No necrosis,64,7,inf,0.84752423816798,0.631514427376846,0.9421929667793516,Necrosis vs No necrosis,0.228005298194717,0.5352479269173258,0.1907630027398194,1.5018129257486974
necrosis,all,120 months,Lobular (ILC),Necrosis,88,8,inf,0.8206995497946865,0.6413438682553086,0.9158508328283472,Necrosis vs No necrosis,0.228005298194717,0.5352479269173258,0.1907630027398194,1.5018129257486974
necrosis,all,120 months,Ductal (IDC),No necrosis,168,13,inf,0.8660136289225707,0.7450479130883431,0.9321002373134318,Necrosis vs No necrosis,0.1287234324761349,1.589110712823881,0.869582445183102,2.9040062521960115
necrosis,all,120 months,Ductal (IDC),Necrosis,403,57,inf,0.8191243049831209,0.7567387298452356,0.8669139780870992,Necrosis vs No necrosis,0.1287234324761349,1.589110712823881,0.869582445183102,2.9040062521960115
immune_wsi_til_contact_fraction,all,120 months,All patients,Low,361,38,inf,0.8350879151326291,0.7670312946909091,0.8847451491690314,High vs Low,0.45497218756726,1.1769824871407,0.7671325082253956,1.805799858802084
immune_wsi_til_contact_fraction,all,120 months,All patients,High,362,47,inf,0.8314591001918572,0.7617910802283192,0.8823124058915731,High vs Low,0.45497218756726,1.1769824871407,0.7671325082253956,1.805799858802084
immune_wsi_til_contact_fraction,all,120 months,Lobular (ILC),Low,51,4,inf,0.848979591836735,0.5813593497209797,0.9517820790357464,High vs Low,0.7806616526228065,1.1780429164894912,0.3713105405718825,3.737532230982824
immune_wsi_til_contact_fraction,all,120 months,Lobular (ILC),High,101,11,inf,0.8141355510341761,0.6475647651325089,0.9072782647767362,High vs Low,0.7806616526228065,1.1780429164894912,0.3713105405718825,3.737532230982824
immune_wsi_til_contact_fraction,all,120 months,Ductal (IDC),Low,310,34,inf,0.8325752695558813,0.7593407417556909,0.8851912366644763,High vs Low,0.3404806895418893,1.255723946535827,0.7854439298087105,2.007581407227301
immune_wsi_til_contact_fraction,all,120 months,Ductal (IDC),High,261,36,inf,0.8344845975036821,0.7524092473819771,0.8912877173091579,High vs Low,0.3404806895418893,1.255723946535827,0.7854439298087105,2.007581407227301
immune_wsi_til_pct_within_50um,all,120 months,All patients,Low,361,36,inf,0.8468899504873707,0.7793872457764631,0.89511524140803,High vs Low,0.3612823704045552,1.2217581074637345,0.7941088999552466,1.8797080264904331
immune_wsi_til_pct_within_50um,all,120 months,All patients,High,362,49,inf,0.8223565095999719,0.7535827334689739,0.8735358570463135,High vs Low,0.3612823704045552,1.2217581074637345,0.7941088999552466,1.8797080264904331
immune_wsi_til_pct_within_50um,all,120 months,Lobular (ILC),Low,58,6,inf,0.8440258254331483,0.6208129490781094,0.9414658890843868,High vs Low,0.9505021245636924,0.9678407946933448,0.3439647986461005,2.723289730692518
immune_wsi_til_pct_within_50um,all,120 months,Lobular (ILC),High,94,9,inf,0.8140770574534157,0.6308890569996962,0.9122337284223412,High vs Low,0.9505021245636924,0.9678407946933448,0.3439647986461005,2.723289730692518
immune_wsi_til_pct_within_50um,all,120 months,Ductal (IDC),Low,303,30,inf,0.8457650795177899,0.7706722102593679,0.8978768773751796,High vs Low,0.2682871491276654,1.3062533210519427,0.8128268651176054,2.099214250887673
immune_wsi_til_pct_within_50um,all,120 months,Ductal (IDC),High,268,40,inf,0.8219706797825386,0.7434559988458597,0.87839797279052,High vs Low,0.2682871491276654,1.3062533210519427,0.8128268651176054,2.099214250887673
immune_wsi_til_pct_within_100um,all,120 months,All patients,Low,361,40,inf,0.8086043565948041,0.731689326258234,0.8654787100710013,High vs Low,0.8063094846585317,0.9479314131628662,0.6184872550951772,1.4528576889149798
immune_wsi_til_pct_within_100um,all,120 months,All patients,High,362,45,inf,0.8518077556258953,0.788092877543195,0.8976000011766839,High vs Low,0.8063094846585317,0.9479314131628662,0.6184872550951772,1.4528576889149798
immune_wsi_til_pct_within_100um,all,120 months,Lobular (ILC),Low,59,5,inf,0.7871668561323738,0.529465767099384,0.913870997667094,High vs Low,0.9247007013473604,1.053088466000549,0.3590909623734525,3.0883409314825387
immune_wsi_til_pct_within_100um,all,120 months,Lobular (ILC),High,93,10,inf,0.8491998457533976,0.6843665332487239,0.931973284982658,High vs Low,0.9247007013473604,1.053088466000549,0.3590909623734525,3.0883409314825387
immune_wsi_til_pct_within_100um,all,120 months,Ductal (IDC),Low,302,35,inf,0.8123366156469822,0.7293111960951545,0.8721001781360435,High vs Low,0.811649851159656,0.9444580820783082,0.5902514323546105,1.5112222010960592
immune_wsi_til_pct_within_100um,all,120 months,Ductal (IDC),High,269,35,inf,0.850316547506184,0.7762794847068093,0.90138801885637,High vs Low,0.811649851159656,0.9444580820783082,0.5902514323546105,1.5112222010960592
immune_wsi_til_pct_within_200um,all,120 months,All patients,Low,361,46,inf,0.8102374287992118,0.7400851352978088,0.8631953591907232,High vs Low,0.4674970206350216,0.8541019045791975,0.5572630298108372,1.3090587826244957
immune_wsi_til_pct_within_200um,all,120 months,All patients,High,362,39,inf,0.8543530517854553,0.7856140980868742,0.9024062233534544,High vs Low,0.4674970206350216,0.8541019045791975,0.5572630298108372,1.3090587826244957
immune_wsi_til_pct_within_200um,all,120 months,Lobular (ILC),Low,63,5,inf,0.8131165022660621,0.5876611821951543,0.9226453249848616,High vs Low,0.3810836178533371,1.609211017711202,0.5494615645498423,4.712904899262013
immune_wsi_til_pct_within_200um,all,120 months,Lobular (ILC),High,89,10,inf,0.8288790516206488,0.6411928487964897,0.9238016943648314,High vs Low,0.3810836178533371,1.609211017711202,0.5494615645498423,4.712904899262013
immune_wsi_til_pct_within_200um,all,120 months,Ductal (IDC),Low,298,41,inf,0.8079165958268838,0.7310811148455325,0.8648099506412684,High vs Low,0.2264703429122383,0.7462890486730734,0.4636858927763841,1.2011306637658543
immune_wsi_til_pct_within_200um,all,120 months,Ductal (IDC),High,273,29,inf,0.8597380805376976,0.7806452108437328,0.9118946947060113,High vs Low,0.2264703429122383,0.7462890486730734,0.4636858927763841,1.2011306637658543
immune_wsi_til_fraction_intratumoral,all,120 months,All patients,Low,361,33,inf,0.8663248437102308,0.8004885068758202,0.9116221800313498,High vs Low,0.1161559009658326,1.4168509065944208,0.9148126121322472,2.1944018533352145
immune_wsi_til_fraction_intratumoral,all,120 months,All patients,High,362,52,inf,0.8014653663261249,0.730602364836657,0.8555224788818946,High vs Low,0.1161559009658326,1.4168509065944208,0.9148126121322472,2.1944018533352145
immune_wsi_til_fraction_intratumoral,all,120 months,Lobular (ILC),Low,81,6,inf,0.902583255524432,0.7121291380435548,0.969530648197009,High vs Low,0.5856001697441281,1.3325136675047555,0.4731334053631941,3.75283726314773
immune_wsi_til_fraction_intratumoral,all,120 months,Lobular (ILC),High,71,9,inf,0.7576853463278798,0.5578837448124917,0.8763961548284565,High vs Low,0.5856001697441281,1.3325136675047555,0.4731334053631941,3.75283726314773
immune_wsi_til_fraction_intratumoral,all,120 months,Ductal (IDC),Low,280,27,inf,0.8571538256902774,0.781240695664092,0.9082477511271893,High vs Low,0.1285373361928995,1.4507261918420693,0.8954239276676229,2.3504023275082866
immune_wsi_til_fraction_intratumoral,all,120 months,Ductal (IDC),High,291,43,inf,0.8095972623188515,0.7309973624468592,0.8672941847264347,High vs Low,0.1285373361928995,1.4507261918420693,0.8954239276676229,2.3504023275082866
immune_wsi_til_area_total_mm2,all,120 months,All patients,Low,361,41,inf,0.8495124844871006,0.7840715724031776,0.8964192750251337,High vs Low,0.6782246610530807,0.9136632795854784,0.5965017576906012,1.3994604000746018
immune_wsi_til_area_total_mm2,all,120 months,All patients,High,362,44,inf,0.8180212882421155,0.7470266340949403,0.8708024385293076,High vs Low,0.6782246610530807,0.9136632795854784,0.5965017576906012,1.3994604000746018
immune_wsi_til_area_total_mm2,all,120 months,Lobular (ILC),Low,100,12,inf,0.8294927738623948,0.6740502681420149,0.9152149012127782,High vs Low,0.3121504082328544,0.5253721193184786,0.1476263651001784,1.86969220281138
immune_wsi_til_area_total_mm2,all,120 months,Lobular (ILC),High,52,3,inf,0.8157242063492065,0.517463960968989,0.9389723341511168,High vs Low,0.3121504082328544,0.5253721193184786,0.1476263651001784,1.86969220281138
immune_wsi_til_area_total_mm2,all,120 months,Ductal (IDC),Low,261,29,inf,0.8569259832810516,0.7806838668195877,0.9081985694728884,High vs Low,0.945053005092862,0.9834187440311604,0.6105612108732956,1.583972923416718
immune_wsi_til_area_total_mm2,all,120 months,Ductal (IDC),High,310,41,inf,0.8164308186453872,0.740927307258542,0.8718151704608113,High vs Low,0.945053005092862,0.9834187440311604,0.6105612108732956,1.583972923416718
immune_wsi_til_extratumoral_distance_aw_median_um,all,120 months,All patients,Low,361,49,inf,0.8177918470561697,0.7457571554721888,0.871166198956616,High vs Low,0.1745230198329506,0.7431917932382126,0.4831692004184358,1.1431482823373178
immune_wsi_til_extratumoral_distance_aw_median_um,all,120 months,All patients,High,362,36,inf,0.8483455247760792,0.7831206786354975,0.8952555266908281,High vs Low,0.1745230198329506,0.7431917932382126,0.4831692004184358,1.1431482823373178
immune_wsi_til_extratumoral_distance_aw_median_um,all,120 months,Lobular (ILC),Low,98,7,inf,0.8410399743692727,0.6552506831666509,0.9315614362808832,High vs Low,0.2935874132457514,1.7132527679656904,0.6198130286934582,4.7356781981970615
immune_wsi_til_extratumoral_distance_aw_median_um,all,120 months,Lobular (ILC),High,54,8,inf,0.8027798091032056,0.580629155577855,0.9150596593278572,High vs Low,0.2935874132457514,1.7132527679656904,0.6198130286934582,4.7356781981970615
immune_wsi_til_extratumoral_distance_aw_median_um,all,120 months,Ductal (IDC),Low,263,42,112.0,0.8079498838538364,0.72415614272089,0.8685692404250509,High vs Low,0.0300252489604365,0.5920723270980919,0.3667893720409076,0.9557246399065604
immune_wsi_til_extratumoral_distance_aw_median_um,all,120 months,Ductal (IDC),High,308,28,inf,0.857364728363051,0.7873556543831347,0.9056886898650948,High vs Low,0.0300252489604365,0.5920723270980919,0.3667893720409076,0.9557246399065604
morphology_wsi_tumor_boundary_density_per_mm,all,120 months,All patients,Low,356,45,inf,0.8161675465136281,0.7440233718585415,0.8697450034219958,High vs Low,0.3393970740586869,0.8094991124064052,0.5238234901324661,1.2509725610454132
morphology_wsi_tumor_boundary_density_per_mm,all,120 months,All patients,High,357,37,inf,0.8484509041910068,0.7796465463036244,0.8971738280813355,High vs Low,0.3393970740586869,0.8094991124064052,0.5238234901324661,1.2509725610454132
morphology_wsi_tumor_boundary_density_per_mm,all,120 months,Lobular (ILC),Low,38,5,inf,0.8347442031652557,0.5852784593282951,0.9409085032255526,High vs Low,0.5205161999987262,0.7042449435868222,0.2403637691764771,2.063376449232944
morphology_wsi_tumor_boundary_density_per_mm,all,120 months,Lobular (ILC),High,114,10,inf,0.8220859718793603,0.6564011917170325,0.9128629093721704,High vs Low,0.5205161999987262,0.7042449435868222,0.2403637691764771,2.063376449232944
morphology_wsi_tumor_boundary_density_per_mm,all,120 months,Ductal (IDC),Low,318,40,inf,0.8133067635055244,0.7347324306617464,0.8706336564690851,High vs Low,0.5211511389462873,0.8523515320688774,0.5229241992576592,1.3893086899621456
morphology_wsi_tumor_boundary_density_per_mm,all,120 months,Ductal (IDC),High,243,27,inf,0.8568047193852388,0.777629740889668,0.9094044613798478,High vs Low,0.5211511389462873,0.8523515320688774,0.5229241992576592,1.3893086899621456
morphology_wsi_tumor_fraction_of_cluster,all,120 months,All patients,Low,356,39,inf,0.8324631831103683,0.7614853764076462,0.8839144730164888,High vs Low,0.6629327433692983,1.1007520214244786,0.7134421865638393,1.6983226328481993
morphology_wsi_tumor_fraction_of_cluster,all,120 months,All patients,High,357,43,inf,0.8332791389797675,0.7637579927232929,0.8838836656739264,High vs Low,0.6629327433692983,1.1007520214244786,0.7134421865638393,1.6983226328481993
morphology_wsi_tumor_fraction_of_cluster,all,120 months,Lobular (ILC),Low,108,11,inf,0.8143311378605503,0.6521278425851396,0.9060386043972708,High vs Low,0.9905253404383318,0.9930988466125968,0.3157324523926862,3.1236742110901106
morphology_wsi_tumor_fraction_of_cluster,all,120 months,Lobular (ILC),High,44,4,inf,0.8531746031746031,0.5700729903931818,0.9561250530073256,High vs Low,0.9905253404383318,0.9930988466125968,0.3157324523926862,3.1236742110901106
morphology_wsi_tumor_fraction_of_cluster,all,120 months,Ductal (IDC),Low,248,28,inf,0.8378272426016515,0.7538339962179583,0.8951217357490815,High vs Low,0.7067263209545978,1.0977360888691972,0.6752480119146361,1.784565818104444
morphology_wsi_tumor_fraction_of_cluster,all,120 months,Ductal (IDC),High,313,39,inf,0.8290122153315542,0.7536355794192606,0.8830958346965051,High vs Low,0.7067263209545978,1.0977360888691972,0.6752480119146361,1.784565818104444
morphology_wsi_tumor_patch_density_per_mm2,all,120 months,All patients,Low,356,43,inf,0.8165261546458796,0.7445692666370908,0.8699689060899506,High vs Low,0.5800825843391177,0.8852144342392568,0.5737413703773878,1.3657801843191102
morphology_wsi_tumor_patch_density_per_mm2,all,120 months,All patients,High,357,39,inf,0.84786143507184,0.7784152833759116,0.8969681736296389,High vs Low,0.5800825843391177,0.8852144342392568,0.5737413703773878,1.3657801843191102
morphology_wsi_tumor_patch_density_per_mm2,all,120 months,Lobular (ILC),Low,52,5,inf,0.8070455072785417,0.5643398968278206,0.9228116735367866,High vs Low,0.8339367299982553,1.1218451216917076,0.3827191327479669,3.2884075275438867
morphology_wsi_tumor_patch_density_per_mm2,all,120 months,Lobular (ILC),High,100,10,inf,0.835070269743177,0.6617472433438906,0.92433229656897,High vs Low,0.8339367299982553,1.1218451216917076,0.3827191327479669,3.2884075275438867
morphology_wsi_tumor_patch_density_per_mm2,all,120 months,Ductal (IDC),Low,304,38,inf,0.8178199131529069,0.739520983780376,0.8745563386290227,High vs Low,0.4952004750373664,0.8451111926435098,0.5207735424274027,1.3714462616558496
morphology_wsi_tumor_patch_density_per_mm2,all,120 months,Ductal (IDC),High,257,29,inf,0.8499023681873733,0.7689427571764061,0.9042319239309168,High vs Low,0.4952004750373664,0.8451111926435098,0.5207735424274027,1.3714462616558496
morphology_wsi_area_weighted_tumor_boundary_fractal_dimension,all,120 months,All patients,Low,323,24,inf,0.8684954359533537,0.7967405004453936,0.9162321185129968,High vs Low,0.001885649342594,2.15022360040902,1.31128976688965,3.5258885171678536
morphology_wsi_area_weighted_tumor_boundary_fractal_dimension,all,120 months,All patients,High,323,46,inf,0.8115300375529355,0.7353835797821192,0.8677171320400514,High vs Low,0.001885649342594,2.15022360040902,1.31128976688965,3.5258885171678536
morphology_wsi_area_weighted_tumor_boundary_fractal_dimension,all,120 months,Lobular (ILC),Low,79,4,inf,0.913692022263451,0.7364254995533412,0.973722075201739,High vs Low,0.0255869759609979,3.739111160776342,1.0826411220083396,12.91374582807922
morphology_wsi_area_weighted_tumor_boundary_fractal_dimension,all,120 months,Lobular (ILC),High,54,7,inf,0.746965452847806,0.4634264592691832,0.8952423232965145,High vs Low,0.0255869759609979,3.739111160776342,1.0826411220083396,12.91374582807922
morphology_wsi_area_weighted_tumor_boundary_fractal_dimension,all,120 months,Ductal (IDC),Low,244,20,inf,0.8518316871073568,0.7634617746202624,0.9091115200072312,High vs Low,0.0229091346856187,1.8534039846267036,1.0800925057297197,3.180381598805145
morphology_wsi_area_weighted_tumor_boundary_fractal_dimension,all,120 months,Ductal (IDC),High,269,39,inf,0.8198120804986108,0.7392402184937955,0.8775242609741886,High vs Low,0.0229091346856187,1.8534039846267036,1.0800925057297197,3.180381598805145
morphology_wsi_area_weighted_tumor_island_nnd_median_um,all,120 months,All patients,Low,356,38,inf,0.8607830980942719,0.7932769587652525,0.907515691928667,High vs Low,0.2755962406920236,1.2719943891778998,0.8238901546766003,1.9638172842776065
morphology_wsi_area_weighted_tumor_island_nnd_median_um,all,120 months,All patients,High,357,44,inf,0.8038499688164231,0.7306576314362332,0.8590585166651794,High vs Low,0.2755962406920236,1.2719943891778998,0.8238901546766003,1.9638172842776065
morphology_wsi_area_weighted_tumor_island_nnd_median_um,all,120 months,Lobular (ILC),Low,95,10,inf,0.7992007460624483,0.6125859265850873,0.9025627409874551,High vs Low,0.5678266687686372,0.7316549332734001,0.2493881117637068,2.146529510157701
morphology_wsi_area_weighted_tumor_island_nnd_median_um,all,120 months,Lobular (ILC),High,57,5,inf,0.8667628667628667,0.6533067226987215,0.953106725751467,High vs Low,0.5678266687686372,0.7316549332734001,0.2493881117637068,2.146529510157701
morphology_wsi_area_weighted_tumor_island_nnd_median_um,all,120 months,Ductal (IDC),Low,261,28,inf,0.8771312308889805,0.8019969755758003,0.9250645174013352,High vs Low,0.1631406245681638,1.4113028397432548,0.8675907445165877,2.295754902937757
morphology_wsi_area_weighted_tumor_island_nnd_median_um,all,120 months,Ductal (IDC),High,300,39,inf,0.791500553446653,0.7086378109160099,0.8532126385344722,High vs Low,0.1631406245681638,1.4113028397432548,0.8675907445165877,2.295754902937757
morphology_wsi_area_weighted_tumor_island_gap_median_um,all,120 months,All patients,Low,356,38,inf,0.8376797611529494,0.7664993572837946,0.8887209380185476,High vs Low,0.6655978629512163,1.1008551026434996,0.7129303224704566,1.699860307269298
morphology_wsi_area_weighted_tumor_island_gap_median_um,all,120 months,All patients,High,357,44,inf,0.8266589423593528,0.7566370110823394,0.878143340966566,High vs Low,0.6655978629512163,1.1008551026434996,0.7129303224704566,1.699860307269298
morphology_wsi_area_weighted_tumor_island_gap_median_um,all,120 months,Lobular (ILC),Low,94,7,inf,0.7979552469135803,0.5966704843632413,0.9060600580560492,High vs Low,0.5155402843775454,1.400966192767784,0.5047145500224776,3.888745179212389
morphology_wsi_area_weighted_tumor_island_gap_median_um,all,120 months,Lobular (ILC),High,58,8,inf,0.8519969008264459,0.6588314125060024,0.9403709580650542,High vs Low,0.5155402843775454,1.400966192767784,0.5047145500224776,3.888745179212389
morphology_wsi_area_weighted_tumor_island_gap_median_um,all,120 months,Ductal (IDC),Low,262,31,inf,0.8447568445738862,0.7658165189900363,0.8988190042538743,High vs Low,0.919647755647412,1.0249706969250372,0.6339601427893805,1.6571466542558713
morphology_wsi_area_weighted_tumor_island_gap_median_um,all,120 months,Ductal (IDC),High,299,36,inf,0.8205747541375907,0.7407501052235956,0.8778227221562338,High vs Low,0.919647755647412,1.0249706969250372,0.6339601427893805,1.6571466542558713
morphology_wsi_tumor_area_mm2,all,120 months,All patients,Low,356,29,inf,0.8974484581572342,0.8390730430074929,0.9354537581174416,High vs Low,0.0129007851354373,1.7631813174126942,1.1204103770736742,2.774705073861289
morphology_wsi_tumor_area_mm2,all,120 months,All patients,High,357,53,inf,0.7694277762528103,0.6912553145920867,0.8302265130494673,High vs Low,0.0129007851354373,1.7631813174126942,1.1204103770736742,2.774705073861289
morphology_wsi_tumor_area_mm2,all,120 months,Lobular (ILC),Low,103,9,inf,0.8741883546007261,0.7220264375550338,0.9460023093000088,High vs Low,0.5079982024082338,1.4178901782581337,0.501733465251278,4.006933355729077
morphology_wsi_tumor_area_mm2,all,120 months,Lobular (ILC),High,49,6,inf,0.7373040752351098,0.4618469220140231,0.886721923689367,High vs Low,0.5079982024082338,1.4178901782581337,0.501733465251278,4.006933355729077
morphology_wsi_tumor_area_mm2,all,120 months,Ductal (IDC),Low,253,20,inf,0.9066677524806244,0.8399305198660962,0.9464529184120328,High vs Low,0.0179675285919417,1.86420322199406,1.1036852726843729,3.148772334744084
morphology_wsi_tumor_area_mm2,all,120 months,Ductal (IDC),High,308,47,inf,0.7735601068057407,0.6903068854825658,0.837052282011171,High vs Low,0.0179675285919417,1.86420322199406,1.1036852726843729,3.148772334744084
morphology_wsi_tumor_perimeter_mm,all,120 months,All patients,Low,356,34,inf,0.8799817681523658,0.819799973389397,0.9210230701000938,High vs Low,0.1275790209741838,1.4052585333793843,0.9051796830148132,2.181612758981093
morphology_wsi_tumor_perimeter_mm,all,120 months,All patients,High,357,48,inf,0.784966247983281,0.7069452027901774,0.8444847944455899,High vs Low,0.1275790209741838,1.4052585333793843,0.9051796830148132,2.181612758981093
morphology_wsi_tumor_perimeter_mm,all,120 months,Lobular (ILC),Low,90,8,inf,0.8904727573282109,0.7337683452754301,0.9574613194916464,High vs Low,0.5878920392215364,1.324660772042648,0.4775918233601072,3.674112652606176
morphology_wsi_tumor_perimeter_mm,all,120 months,Lobular (ILC),High,62,7,inf,0.7354570333880681,0.4924793719279974,0.8752100313356855,High vs Low,0.5878920392215364,1.324660772042648,0.4775918233601072,3.674112652606176
morphology_wsi_tumor_perimeter_mm,all,120 months,Ductal (IDC),Low,266,26,inf,0.8766267995650913,0.8055487626209707,0.922947741598382,High vs Low,0.1787684662971045,1.3994256787522017,0.855470920014323,2.289256343533303
morphology_wsi_tumor_perimeter_mm,all,120 months,Ductal (IDC),High,295,41,inf,0.7934596869251631,0.7093180466801222,0.8556947100587862,High vs Low,0.1787684662971045,1.3994256787522017,0.855470920014323,2.289256343533303
morphology_wsi_tumor_n_islands,all,120 months,All patients,Low,356,31,inf,0.8820686936514062,0.8203664668540104,0.9235535650518848,High vs Low,0.0517845349236864,1.5518584735575118,0.992950427054837,2.425362491756349
morphology_wsi_tumor_n_islands,all,120 months,All patients,High,357,51,inf,0.7872648478064747,0.7122294703499163,0.8448546202400714,High vs Low,0.0517845349236864,1.5518584735575118,0.992950427054837,2.425362491756349
morphology_wsi_tumor_n_islands,all,120 months,Lobular (ILC),Low,87,7,inf,0.9049870534517752,0.7402641149030497,0.9674026031386856,High vs Low,0.3640023142485564,1.5958565188455125,0.576495439625898,4.41765511691536
morphology_wsi_tumor_n_islands,all,120 months,Lobular (ILC),High,65,8,inf,0.7268530343881553,0.4952472512041925,0.8651582895194737,High vs Low,0.3640023142485564,1.5958565188455125,0.576495439625898,4.41765511691536
morphology_wsi_tumor_n_islands,all,120 months,Ductal (IDC),Low,269,24,inf,0.8749341295834171,0.8015788064183673,0.9224613636975392,High vs Low,0.0957238219398728,1.5250658763478688,0.9248323800262992,2.514862127918309
morphology_wsi_tumor_n_islands,all,120 months,Ductal (IDC),High,292,43,inf,0.7982075833969179,0.71721509008257,0.8582716022277104,High vs Low,0.0957238219398728,1.5250658763478688,0.9248323800262992,2.514862127918309
