subject_id,wsi_til_area_total_um2,wsi_til_fraction_intratumoral,wsi_til_contact_fraction,wsi_til_pct_within_50um,wsi_til_extratumoral_distance_aw_median_um
TCGA-4H-AAAK,1539648.2559860684,0.0345461381635154,0.1760550891539578,95.3522878582042,8.047709301409936
TCGA-5L-AAT0,167122.7668734312,0.0750845859289977,0.1873736763709844,89.87345219505075,9.950659525880685
TCGA-A2-A0CO,442982.7518145177,0.0873030605403642,0.0635415834943084,78.37799257154953,37.67231244561449
TCGA-A2-A0CR,2734032.151406348,0.0022481561699405,0.0330287692870059,23.331914465665363,90.56362145613436
TCGA-A2-A0EN,815242.4631987641,0.0293942076520092,0.0891847516185429,73.89981945823283,27.461620946331628
TCGA-A2-A0EP,87225.00800910364,0.1134397287641095,0.1211905162438818,83.5266787856024,16.483538189660617
TCGA-A2-A0ES,3072969.4163263445,0.0034626320859126,0.0049675865770895,33.96982727752651,70.24724749945723
TCGA-A2-A0EW,711290.7525067292,0.0175798363129734,0.0271326720922291,61.21594434571359,44.98771533707841
TCGA-A2-A0EX,1095689.4973490543,0.0032272200529412,0.0203850434622031,34.15481467428381,73.45927868554115
TCGA-A2-A0SY,870762.7606031753,0.0306006138589832,0.094943441252399,63.59028057425472,29.721887978390605
TCGA-A2-A0T4,372336.43600959727,0.0408400804470504,0.2637323721337958,74.71304067079946,16.22594373218396
TCGA-A2-A0YD,6036373.94422275,0.12948189051021,0.1212775267530188,78.31037745433707,15.892706660603787
TCGA-A2-A0YK,121656.93464559905,0.0248782583790774,0.0988604911510892,44.29410728179807,65.8398862772408
TCGA-A2-A0YL,347739.76311322715,0.0294328398293277,0.0599181202649183,45.433297876370425,58.07659274613138
TCGA-A2-A1FV,2073685.9154987347,0.3351347694500934,0.1031961174188399,68.31208736465877,14.45791305825291
TCGA-A2-A25A,4251684.578207026,0.1359653701182904,0.1187185393351435,65.0676141987981,29.03903622712021
TCGA-A2-A25D,10313668.46335008,0.0828260634228957,0.0984536523178351,74.42351773161707,25.3482001333428
TCGA-A2-A3KC,832313.3543522278,0.0688820724192511,0.1813614263363539,84.82108383810176,15.61349576488238
TCGA-A2-A4RY,109288.57273032912,0.059187054862186,0.0472280866564084,37.82786778798135,70.66049992747008
TCGA-A7-A13H,301136.317728542,0.05942398397710275,0.10957387386885935,78.55520879689057,15.554021487203173
TCGA-A7-A26E,16182.25306749442,0.0485852462398633,0.1684773893121505,47.31631962397047,71.84281888261346
TCGA-A7-A3IZ,863870.6285310446,0.1150896071314075,0.3193358007142141,88.89206629124088,9.12585612422199
TCGA-A7-A3J1,504584.202721715,0.0614529494438046,0.1450822849753962,86.98291664589149,10.307195605498132
TCGA-A7-A425,15424.383283432237,0.0017990994835953,0.6460205615289084,95.48118774485415,4.43353696274205
TCGA-A7-A426,439143.9278743708,0.0233211553204711,0.1426515564019369,94.01778598051234,11.833480046038868
TCGA-A7-A4SB,1891.7274448664164,0.073312622479711,0.4938112266304648,84.26491376047906,3.75
TCGA-A7-A5ZX,338446.89178145176,0.048646849475668,0.0618605713310949,79.17143779369724,29.40158371584769
TCGA-A8-A09T,228196.73068470243,0.0379896985114044,0.113860033895081,68.9195413923089,18.02515603261176
TCGA-A8-A09W,8476.460759184507,0.1505345257001767,0.1469215791096063,99.6678301144792,11.473474844178638
TCGA-A8-A09Z,5507056.563550396,0.2530824474099759,0.123756056769269,76.02075754821689,22.246927456392715
TCGA-A8-A0A4,7129.257925606981,0.0089858580890865,0.0873308767264703,75.09869050777202,16.413599544280345
TCGA-A8-A0A7,1585352.5990274942,0.0376207490645761,0.05569786778564,84.06195765393478,17.585949647374747
TCGA-A8-A0AB,2399.0625,0.0488211540966523,0.207320567930181,98.4746645825192,12.380680514414385
TCGA-AC-A23G,9468.78125,0.0,0.0068250599833003,5.168299774588203,61.56567250708791
TCGA-AC-A2B8,123388.76442160748,0.0124849292982322,0.0034271618479495,28.887004700553504,103.20082439714326
TCGA-AC-A2FB,1834783.0935877736,0.1550931827478725,0.1340797557415743,46.359795304260295,59.17888664887165
TCGA-AC-A2FE,4419.033022594104,0.007899069733475,0.3302849206719262,49.53505690955695,61.99007607069054
TCGA-AC-A2FG,3870.214934730733,0.0513537370279999,0.0598238738428382,23.652594634610097,95.5409761568302
TCGA-AC-A2FK,114036.17150143455,0.1581211558805546,0.0203170184468254,67.47518240715699,41.25852184700756
TCGA-AC-A3BB,724524.4635239044,0.0156828296655922,0.002142569130723,23.43436845463221,81.85753630546182
TCGA-AC-A3HN,50252.22170797976,0.0129994252551876,0.0290832912521342,66.951469571385,29.196433418397067
TCGA-AC-A3OD,2517615.0513873454,0.1422449199959786,0.0511139234285099,75.66447618487823,20.187886993194702
TCGA-AC-A3QP,70203.26111764352,0.0753388256584957,0.046729043605291,51.07188294169968,62.76468951568231
TCGA-AC-A3QQ,51192.96551668269,0.0290756500424836,0.0322498511273912,31.098870921034187,54.54427673917769
TCGA-AC-A3TM,7308441.541199178,0.1168436193495475,0.1316952160683862,77.64546933128553,15.625499992000256
TCGA-AC-A3TN,75081.10288658112,0.1327485000756897,0.2204712747986831,96.628394419203,7.997069775861656
TCGA-AC-A3W5,23765.664930364088,0.0397159096017575,0.2139487237265442,91.69087523624466,12.330887285593036
TCGA-AC-A3W6,8177.844448288237,0.0,0.0707348126689209,66.45093196144228,35.16967799113321
TCGA-AC-A3W7,25786.96954691512,0.0058435520981187,0.0803009731807636,20.95813833481854,115.32271296236488
TCGA-AC-A3YI,36936.29073042387,0.0646501706797832,0.1224312501491972,89.5366030156339,14.931745753594925
TCGA-AC-A5XS,1022579.6467944502,0.0986812497357322,0.1024557400946932,59.96200129065604,28.312155075161623
TCGA-AC-A62Y,25682.17423237768,0.2343016189187696,0.026354612497983,55.86960121654941,57.57956451728339
TCGA-AC-A6IV,152983.57722477993,0.3019580652904062,0.1866880506486805,76.36812704168052,13.942543930359337
TCGA-AC-A6IX,3536659.880680796,0.0913915455273524,0.025408479758271,69.60873767411793,32.39357184420527
TCGA-AO-A0J8,127367.73331673763,0.5959444741666237,0.1365205457262737,70.56718740783803,6.791538853603062
TCGA-AO-A0J9,993660.9769263996,0.3073998648360171,0.1947546742407529,74.73851739452499,14.414077320453083
TCGA-AO-A0JJ,1050006.301297686,0.0815342130749064,0.1401106404191907,82.52597095625228,20.649606533781704
TCGA-AO-A12E,202628.70155293573,0.1182839280235853,0.1821822851545342,92.66536352848428,14.253974226509602
TCGA-AO-A1KO,503858.0410666143,0.0625192835730398,0.2664636233924244,95.00151524995916,10.209715042546486
TCGA-AO-A1KS,586342.2254836893,0.1117667482986905,0.0716858694491156,70.39541522220306,27.4144265168907
TCGA-AQ-A7U7,571188.3276024677,0.0370381890309283,0.0154817761393121,30.247130799015498,59.0615409975053
TCGA-AR-A1AK,16965813.74097333,0.2626168290289711,0.0703611880693447,84.5995149527093,14.375000000000002
TCGA-AR-A1AL,101250.36971448116,0.0641253831300468,0.226554111009031,74.80071196580836,21.565670056828747
TCGA-AR-A1AM,1024237.9846083276,0.1307022786464561,0.1161029685666912,47.02285662619165,84.07151438656258
TCGA-AR-A1AT,5474972.626071439,0.1310003010945906,0.0358444024933341,45.66797068183168,55.824081944981415
TCGA-AR-A24H,6364671.674399391,0.1296335805444098,0.1493281918709778,83.14463594237873,13.541168645780434
TCGA-AR-A24T,299381.30524757976,0.0273051911947943,0.1015794397230296,76.28020435110278,23.67463370888766
TCGA-AR-A2LE,541039.9637244483,0.6067310587193255,0.0750981586093964,49.80249650992332,11.009229082910393
TCGA-AR-A2LJ,2667203.33993698,0.2358912987495491,0.2097946704811888,73.50473161670436,17.32738529755716
TCGA-AR-A2LK,3637565.429173369,0.1862937400779524,0.1297802901279587,76.59639577705464,11.875
TCGA-AR-A2LM,990497.082550938,0.1242670242733098,0.0951643628756691,78.58613269408966,24.625317256839555
TCGA-AR-A2LO,312362.01006083924,0.0199032886514883,0.1887239006762565,61.10029231764709,29.80588238921975
TCGA-AR-A5QM,359166.2614115105,0.0180265574627063,0.1435543302769236,78.12882750234176,23.738566326760346
TCGA-AR-A5QN,8389770.61243762,0.179609690479528,0.1407138944824185,81.04574679360414,18.09739276802048
TCGA-AR-A5QP,2463261.9504843038,0.093911017261015,0.1299778885162075,73.94606844452878,22.0
TCGA-B6-A0IH,312168.6190483942,0.0082194160252931,0.1947804185468936,65.33935456932254,45.808918686757934
TCGA-B6-A0IP,3361996.561210522,0.1226453777337917,0.1850600537778713,85.58385451869319,12.896826159951138
TCGA-B6-A0RQ,367797.0099946574,0.0723479916282803,0.1174444860527747,46.36092689559924,124.73966666185451
TCGA-B6-A2IU,3945342.456741711,0.4106110218799628,0.0554462558597358,55.46627664117604,11.75
TCGA-BH-A0C1,528830.3929547678,0.0644819055701114,0.2761717224899745,85.88420028320273,8.110564098754168
TCGA-BH-A0DP,257109.4272976761,0.0668806913489454,0.1650260160559562,66.58946467446566,16.0
TCGA-BH-A28O,23190.05841760442,0.0,0.0298221549487319,34.50039145954205,109.4853015249079
TCGA-BH-A28Q,1680921.794979198,0.1301334344805292,0.0572011510093747,58.77646892536117,39.15613776919271
TCGA-BH-A2L8,12763125.534252902,0.0681830549194465,0.083312575260907,60.92131230287371,33.9073300519224
TCGA-BH-A42T,473922.6864093699,0.1222153457958092,0.1085845796331087,71.17240081443768,13.771006680704213
TCGA-C8-A3M7,166329.37913842726,0.0157351562405012,0.1126922157986507,60.26534316767867,36.7859093268061
TCGA-C8-A3M8,9225483.073935453,0.1938508038984515,0.1198194119070079,87.11227177855866,16.648010391635392
TCGA-C8-A8HR,347508.60802534764,0.0691077474969959,0.116359723491341,71.35398404846543,23.736180189744093
TCGA-D8-A1JN,2824289.475868928,0.0073708140322957,0.0866434308033106,71.05102666623989,31.63710242737157
TCGA-D8-A1X8,5871542.367769553,0.0568391603230524,0.1509866933713746,75.62142342981915,15.717909425814836
TCGA-D8-A1XO,331707.1659284129,0.0203266636737511,0.0307781722115302,28.918244781595643,61.492504624547536
TCGA-D8-A27G,1994407.349217587,0.0056292895186249,0.0185776619977071,23.132678295532543,92.50717877548747
TCGA-D8-A27I,145592.01188707197,0.000768843692378,0.0037517082353644,42.11471291518459,68.00743873344643
TCGA-D8-A27T,2905853.211095399,0.03321614972236985,0.07887660305220816,88.21387923375988,17.54026223246256
TCGA-D8-A27V,948366.1384130749,0.40169904980061677,0.06934389816369266,50.429013327428066,18.070546852804686
TCGA-D8-A3Z5,69114.4343471558,0.1593037345093036,0.0909736701080119,84.24172550662244,15.550321540083988
TCGA-D8-A3Z6,93030.96320547177,0.0190165181466802,0.1375902406598658,89.626554928267,25.93242064012776
TCGA-D8-A4Z1,9662.119660725008,0.1150918524141479,0.031783269177289,70.72064049364279,17.0
TCGA-D8-A73U,9556.9375,0.0010234711695038,0.0,8.627240682488505,78.92737959669002
TCGA-E2-A107,79549.2816354904,0.0196316983370879,0.059127262412657,20.680497877256013,85.36038033684011
TCGA-E2-A10F,28605.90325948325,0.0715728579317367,0.0900764687144001,90.11196044252203,24.84608872639716
TCGA-E2-A15L,3024048.1834713877,0.4403309316904848,0.105353701574609,55.9916212290294,12.745863299518003
TCGA-E2-A15M,141723.75465870404,0.4095601784597171,0.1942564255815754,91.71423577303106,8.581639193650593
TCGA-E2-A1B5,1168008.2684126392,0.1344587281590348,0.0020425854983483,17.41491841031886,107.72280689343368
TCGA-E2-A1IJ,35326.32726378764,0.0835548931526125,0.0109213872452427,81.50516478828793,14.98175974310094
TCGA-E2-A1IL,60369.7527181988,0.0224657206454177,0.0614297695952306,98.10682303879064,15.673051114891448
TCGA-E2-A1L8,550083.5023458675,0.0044504606838049,0.0084793376462093,21.921377007988173,99.43292337048126
TCGA-E2-A2P6,3854745.8043509433,0.0805401290919024,0.197225593263892,78.33289502321925,24.65424976043684
TCGA-E2-A3DX,1982495.9069410572,0.0561381658704388,0.0610173153445264,41.62951638527859,74.29943640432275
TCGA-E2-A576,230535.4370066981,0.020231840755417,0.0933541401679374,53.17764793587367,22.375
TCGA-E9-A295,1854434.1196448768,0.0142219381032544,0.0818721779895371,50.895441333227694,45.84365414100407
TCGA-E9-A2JS,2173952.9856026084,0.102248574473373,0.0737615169238493,70.72554146849376,28.37747786537768
TCGA-E9-A2JT,461605.6573648886,0.056336370850506,0.011102049404519,75.15110211208648,16.073082325840996
TCGA-E9-A3HO,12658801.01853077,0.1491518584726329,0.136236852692304,72.36999769361894,24.071832605765604
TCGA-E9-A3Q9,14754622.708798883,0.2332723554391955,0.1325678562778623,71.11099786900277,17.196020615247004
TCGA-E9-A3X8,261031.8993249844,0.0009597725436924,0.0147157647077231,43.30090591051668,52.13039540421691
TCGA-E9-A5FK,3176962.309436889,0.0268465177401231,0.3688986285556125,71.76006116607549,1.3125
TCGA-E9-A6HE,1335610.3393747993,0.2295531587760488,0.1064750850410028,77.60700189729793,15.557353566722073
TCGA-EW-A1IW,578420.5372634887,0.0520662486198707,0.0554389569251972,42.64631422597115,123.54585434161682
TCGA-EW-A1J2,247762.14175458375,0.0191405856698535,0.0564267122662847,66.57999609491137,36.756642681969744
TCGA-EW-A1J3,3209184.879626887,0.1988192330791374,0.0171256785792876,49.86525119231906,59.16175522455364
TCGA-EW-A1J5,28393955.34418425,0.1933800997797462,0.1690405047807635,78.63583266141897,16.039502018454314
TCGA-EW-A1PG,734097.8886761533,0.0845826826473707,0.0474852988082166,46.77110779057887,53.433844904236494
TCGA-EW-A3E8,448710.8297205002,0.0073934030120611,0.1017417660504201,75.89917921436373,26.51061108311161
TCGA-EW-A423,5438602.318644716,0.30465177859516374,0.07659773100918975,64.8065084508611,23.63779369444949
TCGA-EW-A424,1984859.854089981,0.3360513694948764,0.064963126018523,57.20807820012542,27.00028935030141
TCGA-EW-A6SC,6762220.715826205,0.0846048937630129,0.170411768094218,88.33542800108337,11.732873643289992
TCGA-GM-A2DO,11772973.806127332,0.1548348464489049,0.0321722731841804,19.494273428247784,70.26601240998382
TCGA-GM-A3NW,3494747.7152484446,0.1134385261327429,0.0787578943264481,81.1611470617669,19.966377989009423
TCGA-GM-A3NY,3235068.814484905,0.2854165953342588,0.1603591609751969,57.14325577492644,20.858526434050894
TCGA-GM-A3XG,775516.5555896497,0.1396408462640973,0.0683084978493738,76.70229488026739,24.207759603069427
TCGA-GM-A3XN,912273.004151108,0.0422070838745389,0.0678652791923179,71.05536995050029,33.76434880165765
TCGA-GM-A4E0,618344.7677431736,0.0649307933064112,0.1507047739947878,92.7628598194034,35.48172945333979
TCGA-HN-A2OB,69636.84716555149,0.5197024129188745,0.2643382843593049,79.02045125877318,3.988264033385954
TCGA-JL-A3YW,3695003.578968216,0.0570607027441073,0.0794284575225892,74.18805832373366,35.1250556049382
TCGA-JL-A3YX,981791.5761765048,0.1017028021346129,0.1111360459276777,87.98578934650804,12.655285457072868
TCGA-LD-A66U,1017927.5592162174,0.0224373161854326,0.0461337632483648,53.72001132029386,59.31180847858207
TCGA-LL-A440,96000.65940802962,0.5532934000405133,0.10027274874317,35.07671218889927,32.41575619972485
TCGA-LL-A50Y,1369319.3311715934,0.1366278044069733,0.1381063187225164,84.2765202788203,15.644987216357832
TCGA-LL-A5YL,1146981.9251681848,0.0223370182980374,0.0474445356616731,44.74229861370381,91.50085382115294
TCGA-LL-A6FP,277032.0715043269,0.0962946947085992,0.1984306892914245,91.68181303181576,18.02916474077488
TCGA-LQ-A4E4,7817563.618981006,0.333274302122731,0.1455410461072147,68.13671664940485,15.320151149711284
TCGA-OK-A5Q2,3142404.901408162,0.07146466952391305,0.08862944789862075,61.075785342347686,26.690796956635374
TCGA-OL-A5DA,16225724.11910364,0.2465866078429169,0.2678105875580144,84.19579565211146,15.88238017426859
TCGA-OL-A66J,85903.07205641853,0.3335259795037709,0.0664382525953396,54.39004407119915,20.649606533781704
TCGA-OL-A66K,124812.20138532831,0.170021626521546,0.1251945287867112,57.960305598123455,50.41720471475982
TCGA-OL-A66N,2397233.249285438,0.123211029254081,0.1660061075159747,89.69448944705165,15.240391440182892
TCGA-OL-A6VQ,3357513.824290339,0.1683697583476666,0.0171723504922914,43.74827453564114,48.03437083224886
TCGA-PE-A5DC,403697.03675509634,0.1662658199712461,0.2022131586484815,94.0818070446822,32.375
TCGA-PE-A5DD,179976.2878074646,0.0048034105521991,0.080376213312474,98.3033741856506,16.905643473408517
TCGA-PE-A5DE,60553.52006483045,0.0003457685032609,0.1219501271653425,89.267241340863,19.05553151318535
TCGA-W8-A86G,632969.6467125464,0.467020370226768,0.0777103417743859,65.59747897299683,10.471128461154509
TCGA-WT-AB44,77256.89328413784,0.0434091523414722,0.0903799235353292,77.29985605234585,11.375686792453456
TCGA-XX-A899,353704.1491376336,0.0351739053113535,0.0938578329590325,69.64196837577568,46.06415363381813
TCGA-XX-A89A,288623.5994935682,0.026240382849112,0.0715865148011804,55.4732127512272,40.22631290585802
TCGA-Z7-A8R5,210697.7272020089,0.0860716154408859,0.1360161869467779,59.346078338405086,45.32922105276022
