wsi_name,sample_id,subject_id,wsi_n_clusters_scored,wsi_necrosis_area_um2,wsi_necrosis_perimeter_um,wsi_necrosis_fraction_of_cluster,wsi_dominant_necrosis_phenotype,source_file,tcga_case_id,vital_status,days_to_death,diagnosis_days_to_last_follow_up,followup_days_to_follow_up,OS_event,OS_days,OS_months,OS_years,survival_match
TCGA-4H-AAAK-01Z-00-DX1.ABF1B042-1970-4E28-8671-43AAD393D2F9,TCGA-4H-AAAK-01,TCGA-4H-AAAK,54,10125.94,3267.77,0.0018,focal,/data1/deasy/Himangi/breast_feature_extraction/Lobular_outputs/TCGA-4H-AAAK-01/necrosis_feature_wsi_summary.csv,TCGA-4H-AAAK,Alive,,,348.0,0.0,,,,matched
TCGA-5L-AAT0-01Z-00-DX1.5E171263-30BF-4C6B-88A1-E8EA0522A861,TCGA-5L-AAT0-01,TCGA-5L-AAT0,13,4362.37,880.17,0.0037,focal,/data1/deasy/Himangi/breast_feature_extraction/Lobular_outputs/TCGA-5L-AAT0-01/necrosis_feature_wsi_summary.csv,TCGA-5L-AAT0,Alive,,,1477.0,0.0,,,,matched
TCGA-A2-A0CO-01Z-00-DX1.B191DADE-7DEA-4575-AED7-1C52BE15B8D5,TCGA-A2-A0CO-01,TCGA-A2-A0CO,49,12193.29,2106.9,0.002,focal,/data1/deasy/Himangi/breast_feature_extraction/Lobular_outputs/TCGA-A2-A0CO-01/necrosis_feature_wsi_summary.csv,TCGA-A2-A0CO,Dead,1468.0,,1468.0,1.0,1468.0,48.2299794661191,4.0191649555099245,matched
TCGA-A2-A0CR-01Z-00-DX1.F7D36CA5-A4C6-443A-AEED-5B23CD924FA3,TCGA-A2-A0CR-01,TCGA-A2-A0CR,91,15236.74,4192.56,0.0013,focal,/data1/deasy/Himangi/breast_feature_extraction/Lobular_outputs/TCGA-A2-A0CR-01/necrosis_feature_wsi_summary.csv,TCGA-A2-A0CR,Alive,,,3283.0,0.0,,,,matched
TCGA-A2-A0EN-01Z-00-DX1.F43A5D17-9267-4963-993A-93AC91BDC031,TCGA-A2-A0EN-01,TCGA-A2-A0EN,45,27946.94,3916.07,0.005,focal,/data1/deasy/Himangi/breast_feature_extraction/Lobular_outputs/TCGA-A2-A0EN-01/necrosis_feature_wsi_summary.csv,TCGA-A2-A0EN,Alive,,,4088.0,0.0,,,,matched
TCGA-A2-A0EP-01Z-00-DX1.1180C406-5C18-4373-8621-1B7B70875113,TCGA-A2-A0EP-01,TCGA-A2-A0EP,17,8092.31,1271.76,0.0042,focal,/data1/deasy/Himangi/breast_feature_extraction/Lobular_outputs/TCGA-A2-A0EP-01/necrosis_feature_wsi_summary.csv,TCGA-A2-A0EP,Alive,,,3603.0,0.0,,,,matched
TCGA-A2-A0ES-01Z-00-DX1.5652EE30-48C1-4EC1-AD77-8C72DFCB9A97,TCGA-A2-A0ES-01,TCGA-A2-A0ES,55,14013.9,3905.76,0.0017,focal,/data1/deasy/Himangi/breast_feature_extraction/Lobular_outputs/TCGA-A2-A0ES-01/necrosis_feature_wsi_summary.csv,TCGA-A2-A0ES,Alive,,,2190.0,0.0,,,,matched
TCGA-A2-A0EW-01Z-00-DX1.F24495CB-63D8-483F-9834-F761E3F16BF0,TCGA-A2-A0EW-01,TCGA-A2-A0EW,27,12690.81,2410.88,0.0035,focal,/data1/deasy/Himangi/breast_feature_extraction/Lobular_outputs/TCGA-A2-A0EW-01/necrosis_feature_wsi_summary.csv,TCGA-A2-A0EW,Dead,1884.0,,1884.0,1.0,1884.0,61.89733059548254,5.158110882956879,matched
TCGA-A2-A0EX-01Z-00-DX1.F4C293E9-9BB2-48A1-8080-5F3082E219C5,TCGA-A2-A0EX-01,TCGA-A2-A0EX,37,0.0,0.0,0.0,absent,/data1/deasy/Himangi/breast_feature_extraction/Lobular_outputs/TCGA-A2-A0EX-01/necrosis_feature_wsi_summary.csv,TCGA-A2-A0EX,Alive,,,752.0,0.0,,,,matched
TCGA-A2-A0SY-01Z-00-DX1.279A5479-E183-4F79-AF40-50BF1834BA4A,TCGA-A2-A0SY-01,TCGA-A2-A0SY,66,30788.69,3978.59,0.0035,focal,/data1/deasy/Himangi/breast_feature_extraction/Lobular_outputs/TCGA-A2-A0SY-01/necrosis_feature_wsi_summary.csv,TCGA-A2-A0SY,Alive,,,1347.0,0.0,,,,matched
TCGA-A2-A0T4-01Z-00-DX1.AC61ED08-2E42-4D4A-BB81-746D3FEBB653,TCGA-A2-A0T4-01,TCGA-A2-A0T4,36,95187.25,7223.14,0.0189,focal,/data1/deasy/Himangi/breast_feature_extraction/Lobular_outputs/TCGA-A2-A0T4-01/necrosis_feature_wsi_summary.csv,TCGA-A2-A0T4,Alive,,,624.0,0.0,,,,matched
TCGA-A2-A0YD-01Z-00-DX1.B81FF541-F154-4C49-950B-B6CB723369E2,TCGA-A2-A0YD-01,TCGA-A2-A0YD,82,4135.34,783.8,0.0004,focal,/data1/deasy/Himangi/breast_feature_extraction/Lobular_outputs/TCGA-A2-A0YD-01/necrosis_feature_wsi_summary.csv,TCGA-A2-A0YD,Alive,,,769.0,0.0,,,,matched
TCGA-A2-A0YK-01Z-00-DX1.FB23FC30-B3B2-452A-A6B0-94129B333207,TCGA-A2-A0YK-01,TCGA-A2-A0YK,33,361.47,177.17,0.0001,focal,/data1/deasy/Himangi/breast_feature_extraction/Lobular_outputs/TCGA-A2-A0YK-01/necrosis_feature_wsi_summary.csv,TCGA-A2-A0YK,Alive,,,588.0,0.0,,,,matched
TCGA-A2-A0YL-01Z-00-DX1.69A438C7-B1E0-4990-B1E6-586C551DC79C,TCGA-A2-A0YL-01,TCGA-A2-A0YL,60,51946.8,11282.53,0.0061,focal,/data1/deasy/Himangi/breast_feature_extraction/Lobular_outputs/TCGA-A2-A0YL-01/necrosis_feature_wsi_summary.csv,TCGA-A2-A0YL,Alive,,,1474.0,0.0,,,,matched
TCGA-A2-A1FV-01Z-00-DX1.F70ACD9A-7819-4296-BD28-4D24BBA8AFF4,TCGA-A2-A1FV-01,TCGA-A2-A1FV,32,7697.13,1407.37,0.0015,focal,/data1/deasy/Himangi/breast_feature_extraction/Lobular_outputs/TCGA-A2-A1FV-01/necrosis_feature_wsi_summary.csv,TCGA-A2-A1FV,Alive,,,714.0,0.0,,,,matched
TCGA-A2-A25A-01Z-00-DX1.6D311E39-9F96-4775-B9DA-8D034D1AD1DC,TCGA-A2-A25A-01,TCGA-A2-A25A,125,17281.89,3454.48,0.001,focal,/data1/deasy/Himangi/breast_feature_extraction/Lobular_outputs/TCGA-A2-A25A-01/necrosis_feature_wsi_summary.csv,TCGA-A2-A25A,Alive,,,3276.0,0.0,,,,matched
TCGA-A2-A25D-01Z-00-DX1.41DADDB8-3E3F-4F8F-8BE7-C43F8FBCFD2B,TCGA-A2-A25D-01,TCGA-A2-A25D,60,0.0,0.0,0.0,absent,/data1/deasy/Himangi/breast_feature_extraction/Lobular_outputs/TCGA-A2-A25D-01/necrosis_feature_wsi_summary.csv,TCGA-A2-A25D,Alive,,,0.0,0.0,,,,matched
TCGA-A2-A3KC-01Z-00-DX1.2532878B-49E2-48D5-82D5-00730C90EEF8,TCGA-A2-A3KC-01,TCGA-A2-A3KC,33,3688.97,732.52,0.0008,focal,/data1/deasy/Himangi/breast_feature_extraction/Lobular_outputs/TCGA-A2-A3KC-01/necrosis_feature_wsi_summary.csv,TCGA-A2-A3KC,Alive,,,1102.0,0.0,,,,matched
TCGA-A2-A4RY-01Z-00-DX1.143E32FC-E10F-4590-9C72-32094B24EF8C,TCGA-A2-A4RY-01,TCGA-A2-A4RY,19,0.0,0.0,0.0,absent,/data1/deasy/Himangi/breast_feature_extraction/Lobular_outputs/TCGA-A2-A4RY-01/necrosis_feature_wsi_summary.csv,TCGA-A2-A4RY,Alive,,,648.0,0.0,,,,matched
TCGA-A7-A13H-01Z-00-DX1.FCB33A3C-6209-474C-83C1-02551F242937,TCGA-A7-A13H-01,TCGA-A7-A13H,1,0.0,0.0,0.0,absent,/data1/deasy/Himangi/breast_feature_extraction/Lobular_outputs/TCGA-A7-A13H-01/TCGA-A7-A13H-01Z-00-DX1.FCB33A3C-6209-474C-83C1-02551F242937__necrosis_feature_wsi_summary.csv,TCGA-A7-A13H,Alive,,,899.0,0.0,,,,matched
TCGA-A7-A13H-01Z-00-DX2.6C937651-4D3E-475D-99F6-4A9FD25CD48B,TCGA-A7-A13H-01,TCGA-A7-A13H,25,217.06,62.07,0.0001,focal,/data1/deasy/Himangi/breast_feature_extraction/Lobular_outputs/TCGA-A7-A13H-01/TCGA-A7-A13H-01Z-00-DX2.6C937651-4D3E-475D-99F6-4A9FD25CD48B__necrosis_feature_wsi_summary.csv,TCGA-A7-A13H,Alive,,,899.0,0.0,,,,matched
TCGA-A7-A26E-01Z-00-DX1.BA4A7E28-0563-4C23-82D0-AB34A2E79AE3,TCGA-A7-A26E-01,TCGA-A7-A26E,15,0.0,0.0,0.0,absent,/data1/deasy/Himangi/breast_feature_extraction/Lobular_outputs/TCGA-A7-A26E-01/necrosis_feature_wsi_summary.csv,TCGA-A7-A26E,Alive,,,954.0,0.0,,,,matched
TCGA-A7-A3IZ-01Z-00-DX1.7437130B-DF49-40C8-ABCD-FF9364B9B1B0,TCGA-A7-A3IZ-01,TCGA-A7-A3IZ,12,0.0,0.0,0.0,absent,/data1/deasy/Himangi/breast_feature_extraction/Lobular_outputs/TCGA-A7-A3IZ-01/necrosis_feature_wsi_summary.csv,TCGA-A7-A3IZ,Alive,,,322.0,0.0,,,,matched
TCGA-A7-A3J1-01Z-00-DX1.92895B92-5F95-4EA3-9237-4CAF63CDE3FF,TCGA-A7-A3J1-01,TCGA-A7-A3J1,25,803.34,259.59,0.0002,focal,/data1/deasy/Himangi/breast_feature_extraction/Lobular_outputs/TCGA-A7-A3J1-01/necrosis_feature_wsi_summary.csv,TCGA-A7-A3J1,Alive,,,343.0,0.0,,,,matched
TCGA-A7-A425-01Z-00-DX1.812A94B1-0403-4298-A6C5-F71AFD3A9995,TCGA-A7-A425-01,TCGA-A7-A425,1,0.0,0.0,0.0,absent,/data1/deasy/Himangi/breast_feature_extraction/Lobular_outputs/TCGA-A7-A425-01/necrosis_feature_wsi_summary.csv,TCGA-A7-A425,Alive,,,447.0,0.0,,,,matched
TCGA-A7-A426-01Z-00-DX1.3058E873-9442-4872-80DA-E8A5B35054D2,TCGA-A7-A426-01,TCGA-A7-A426,32,3172.59,353.7,0.0008,focal,/data1/deasy/Himangi/breast_feature_extraction/Lobular_outputs/TCGA-A7-A426-01/necrosis_feature_wsi_summary.csv,TCGA-A7-A426,Alive,,,364.0,0.0,,,,matched
TCGA-A7-A4SB-01Z-00-DX1.E8925605-5189-441E-A719-92CFC1118B0B,TCGA-A7-A4SB-01,TCGA-A7-A4SB,9,0.0,0.0,0.0,absent,/data1/deasy/Himangi/breast_feature_extraction/Lobular_outputs/TCGA-A7-A4SB-01/necrosis_feature_wsi_summary.csv,TCGA-A7-A4SB,Alive,,,418.0,0.0,,,,matched
TCGA-A7-A5ZX-01Z-00-DX1.A4C651F0-DB8E-4534-84A2-AD875F62209F,TCGA-A7-A5ZX-01,TCGA-A7-A5ZX,8,0.0,0.0,0.0,absent,/data1/deasy/Himangi/breast_feature_extraction/Lobular_outputs/TCGA-A7-A5ZX-01/TCGA-A7-A5ZX-01Z-00-DX1.A4C651F0-DB8E-4534-84A2-AD875F62209F__necrosis_feature_wsi_summary.csv,TCGA-A7-A5ZX,Alive,,,336.0,0.0,,,,matched
TCGA-A8-A09T-01Z-00-DX1.4183BBA4-AF11-4602-9EC2-35083C34A393,TCGA-A8-A09T-01,TCGA-A8-A09T,2,1546.31,350.92,0.0091,focal,/data1/deasy/Himangi/breast_feature_extraction/Lobular_outputs/TCGA-A8-A09T-01/necrosis_feature_wsi_summary.csv,TCGA-A8-A09T,Alive,,,579.0,0.0,,,,matched
TCGA-A8-A09W-01Z-00-DX1.BF33B0F9-5786-4682-B59E-DCBD33D7BB03,TCGA-A8-A09W-01,TCGA-A8-A09W,9,0.0,0.0,0.0,absent,/data1/deasy/Himangi/breast_feature_extraction/Lobular_outputs/TCGA-A8-A09W-01/necrosis_feature_wsi_summary.csv,TCGA-A8-A09W,Alive,,,30.0,0.0,,,,matched
TCGA-A8-A09Z-01Z-00-DX1.D56497BE-5099-4537-9600-60F3213F7BF5,TCGA-A8-A09Z-01,TCGA-A8-A09Z,1,0.0,0.0,0.0,absent,/data1/deasy/Himangi/breast_feature_extraction/Lobular_outputs/TCGA-A8-A09Z-01/necrosis_feature_wsi_summary.csv,TCGA-A8-A09Z,Alive,,,0.0,0.0,,,,matched
TCGA-A8-A0A4-01Z-00-DX1.06C38F98-F34B-49F0-AFB5-7F0086188346,TCGA-A8-A0A4-01,TCGA-A8-A0A4,7,0.0,0.0,0.0,absent,/data1/deasy/Himangi/breast_feature_extraction/Lobular_outputs/TCGA-A8-A0A4-01/necrosis_feature_wsi_summary.csv,TCGA-A8-A0A4,Alive,,,396.0,0.0,,,,matched
TCGA-A8-A0A7-01Z-00-DX1.A0FD4EEF-B536-47C1-BDA1-7AC71BA3E978,TCGA-A8-A0A7-01,TCGA-A8-A0A7,10,974.16,385.81,0.0007,focal,/data1/deasy/Himangi/breast_feature_extraction/Lobular_outputs/TCGA-A8-A0A7-01/necrosis_feature_wsi_summary.csv,TCGA-A8-A0A7,Alive,,,30.0,0.0,,,,matched
TCGA-A8-A0AB-01Z-00-DX1.103ED338-A0F9-403B-A10C-49840BD60EB8,TCGA-A8-A0AB-01,TCGA-A8-A0AB,5,0.0,0.0,0.0,absent,/data1/deasy/Himangi/breast_feature_extraction/Lobular_outputs/TCGA-A8-A0AB-01/necrosis_feature_wsi_summary.csv,TCGA-A8-A0AB,Alive,,,518.0,0.0,,,,matched
TCGA-AC-A23G-01Z-00-DX1.2F0326F7-6B77-4B3F-B4FA-59ADB785AA07,TCGA-AC-A23G-01,TCGA-AC-A23G,7,0.0,0.0,0.0,absent,/data1/deasy/Himangi/breast_feature_extraction/Lobular_outputs/TCGA-AC-A23G-01/necrosis_feature_wsi_summary.csv,TCGA-AC-A23G,Alive,,,2248.0,0.0,,,,matched
TCGA-AC-A2B8-01Z-00-DX1.14F3A9B2-1382-436A-B53C-92FC8495AD48,TCGA-AC-A2B8-01,TCGA-AC-A2B8,37,0.0,0.0,0.0,absent,/data1/deasy/Himangi/breast_feature_extraction/Lobular_outputs/TCGA-AC-A2B8-01/necrosis_feature_wsi_summary.csv,TCGA-AC-A2B8,Alive,,,677.0,0.0,,,,matched
TCGA-AC-A2FB-01Z-00-DX1.A4D93E32-BBD7-45E4-8ACF-3724B059ECBC,TCGA-AC-A2FB-01,TCGA-AC-A2FB,18,5804.06,1186.29,0.0027,focal,/data1/deasy/Himangi/breast_feature_extraction/Lobular_outputs/TCGA-AC-A2FB-01/necrosis_feature_wsi_summary.csv,TCGA-AC-A2FB,Alive,,,1234.0,0.0,,,,matched
TCGA-AC-A2FE-01Z-00-DX1.C036AE58-3C0D-4DBF-B658-296D03FD6701,TCGA-AC-A2FE-01,TCGA-AC-A2FE,1,0.0,0.0,0.0,absent,/data1/deasy/Himangi/breast_feature_extraction/Lobular_outputs/TCGA-AC-A2FE-01/necrosis_feature_wsi_summary.csv,TCGA-AC-A2FE,Dead,2636.0,,2636.0,1.0,2636.0,86.60369609856262,7.216974674880219,matched
TCGA-AC-A2FG-01Z-00-DX1.0F13DE40-9F7A-42C6-AB3D-02E8521B690A,TCGA-AC-A2FG-01,TCGA-AC-A2FG,6,0.0,0.0,0.0,absent,/data1/deasy/Himangi/breast_feature_extraction/Lobular_outputs/TCGA-AC-A2FG-01/necrosis_feature_wsi_summary.csv,TCGA-AC-A2FG,Alive,,,1853.0,0.0,,,,matched
TCGA-AC-A2FK-01Z-00-DX1.033F3C27-9860-4EF3-9330-37DE5EC45724,TCGA-AC-A2FK-01,TCGA-AC-A2FK,9,0.0,0.0,0.0,absent,/data1/deasy/Himangi/breast_feature_extraction/Lobular_outputs/TCGA-AC-A2FK-01/necrosis_feature_wsi_summary.csv,TCGA-AC-A2FK,Alive,,,2650.0,0.0,,,,matched
TCGA-AC-A3BB-01Z-00-DX1.CE889249-2A5E-44DA-B04E-746BE82CD805,TCGA-AC-A3BB-01,TCGA-AC-A3BB,15,0.0,0.0,0.0,absent,/data1/deasy/Himangi/breast_feature_extraction/Lobular_outputs/TCGA-AC-A3BB-01/necrosis_feature_wsi_summary.csv,TCGA-AC-A3BB,Alive,,,987.0,0.0,,,,matched
TCGA-AC-A3HN-01Z-00-DX1.1AA71B9B-1B61-41A9-91CF-B7649DEC189E,TCGA-AC-A3HN-01,TCGA-AC-A3HN,15,0.0,0.0,0.0,absent,/data1/deasy/Himangi/breast_feature_extraction/Lobular_outputs/TCGA-AC-A3HN-01/necrosis_feature_wsi_summary.csv,TCGA-AC-A3HN,Alive,,,496.0,0.0,,,,matched
TCGA-AC-A3OD-01Z-00-DX1.E19B311B-BAB1-4CE8-9421-B49D5BE4537E,TCGA-AC-A3OD-01,TCGA-AC-A3OD,7,8.06,21.54,0.0,focal,/data1/deasy/Himangi/breast_feature_extraction/Lobular_outputs/TCGA-AC-A3OD-01/necrosis_feature_wsi_summary.csv,TCGA-AC-A3OD,Alive,,,451.0,0.0,,,,matched
TCGA-AC-A3QP-01Z-00-DX1.4B97E53E-1069-40C5-A062-C988663B37DD,TCGA-AC-A3QP-01,TCGA-AC-A3QP,7,0.0,0.0,0.0,absent,/data1/deasy/Himangi/breast_feature_extraction/Lobular_outputs/TCGA-AC-A3QP-01/necrosis_feature_wsi_summary.csv,TCGA-AC-A3QP,Alive,,,675.0,0.0,,,,matched
TCGA-AC-A3QQ-01Z-00-DX1.86463263-AB12-49FB-8967-D5FD1F7D221A,TCGA-AC-A3QQ-01,TCGA-AC-A3QQ,6,0.0,0.0,0.0,absent,/data1/deasy/Himangi/breast_feature_extraction/Lobular_outputs/TCGA-AC-A3QQ-01/necrosis_feature_wsi_summary.csv,TCGA-AC-A3QQ,Alive,,,734.0,0.0,,,,matched
TCGA-AC-A3TM-01Z-00-DX1.4421EE37-A2CC-4638-AC44-9C26CB09FDC1,TCGA-AC-A3TM-01,TCGA-AC-A3TM,56,42043.79,6885.12,0.0052,focal,/data1/deasy/Himangi/breast_feature_extraction/Lobular_outputs/TCGA-AC-A3TM-01/necrosis_feature_wsi_summary.csv,TCGA-AC-A3TM,Alive,,,762.0,0.0,,,,matched
TCGA-AC-A3TN-01Z-00-DX1.F00E81C7-0CA2-49E8-A30F-DE423538E93C,TCGA-AC-A3TN-01,TCGA-AC-A3TN,17,0.0,0.0,0.0,absent,/data1/deasy/Himangi/breast_feature_extraction/Lobular_outputs/TCGA-AC-A3TN-01/necrosis_feature_wsi_summary.csv,TCGA-AC-A3TN,Alive,,,456.0,0.0,,,,matched
TCGA-AC-A3W5-01Z-00-DX1.522F702C-776E-45F1-84D3-1648DF04137C,TCGA-AC-A3W5-01,TCGA-AC-A3W5,3,0.0,0.0,0.0,absent,/data1/deasy/Himangi/breast_feature_extraction/Lobular_outputs/TCGA-AC-A3W5-01/necrosis_feature_wsi_summary.csv,TCGA-AC-A3W5,Alive,,,504.0,0.0,,,,matched
TCGA-AC-A3W6-01Z-00-DX1.88CC534C-F032-4E5D-9CC4-4BB50AA46880,TCGA-AC-A3W6-01,TCGA-AC-A3W6,5,0.0,0.0,0.0,absent,/data1/deasy/Himangi/breast_feature_extraction/Lobular_outputs/TCGA-AC-A3W6-01/necrosis_feature_wsi_summary.csv,TCGA-AC-A3W6,Alive,,,0.0,0.0,,,,matched
TCGA-AC-A3W7-01Z-00-DX1.189BB448-ECBA-4042-8A35-4B787271E8FE,TCGA-AC-A3W7-01,TCGA-AC-A3W7,7,0.0,0.0,0.0,absent,/data1/deasy/Himangi/breast_feature_extraction/Lobular_outputs/TCGA-AC-A3W7-01/necrosis_feature_wsi_summary.csv,TCGA-AC-A3W7,Alive,,,471.0,0.0,,,,matched
TCGA-AC-A3YI-01Z-00-DX1.321C0A32-ABF9-48ED-8071-C6B1774E9F7B,TCGA-AC-A3YI-01,TCGA-AC-A3YI,12,0.0,0.0,0.0,absent,/data1/deasy/Himangi/breast_feature_extraction/Lobular_outputs/TCGA-AC-A3YI-01/necrosis_feature_wsi_summary.csv,TCGA-AC-A3YI,Alive,,,707.0,0.0,,,,matched
TCGA-AC-A5XS-01Z-00-DX1.E5F2481E-9314-4B20-84B7-370EF82AF4BB,TCGA-AC-A5XS-01,TCGA-AC-A5XS,2,0.0,0.0,0.0,absent,/data1/deasy/Himangi/breast_feature_extraction/Lobular_outputs/TCGA-AC-A5XS-01/necrosis_feature_wsi_summary.csv,TCGA-AC-A5XS,Alive,,,588.0,0.0,,,,matched
TCGA-AC-A62Y-01Z-00-DX1.5075F4DA-488C-40AD-BD73-6DE8953E1864,TCGA-AC-A62Y-01,TCGA-AC-A62Y,7,0.0,0.0,0.0,absent,/data1/deasy/Himangi/breast_feature_extraction/Lobular_outputs/TCGA-AC-A62Y-01/necrosis_feature_wsi_summary.csv,TCGA-AC-A62Y,Alive,,,530.0,0.0,,,,matched
TCGA-AC-A6IV-01Z-00-DX1.DA4F4B9F-9070-4B3A-996F-311E0A989FFB,TCGA-AC-A6IV-01,TCGA-AC-A6IV,7,0.0,0.0,0.0,absent,/data1/deasy/Himangi/breast_feature_extraction/Lobular_outputs/TCGA-AC-A6IV-01/necrosis_feature_wsi_summary.csv,TCGA-AC-A6IV,Alive,,,568.0,0.0,,,,matched
TCGA-AC-A6IX-01Z-00-DX1.45B63C4F-9DC3-4CED-9DF9-0F86E647BEA3,TCGA-AC-A6IX-01,TCGA-AC-A6IX,4,409.34,135.15,0.001,focal,/data1/deasy/Himangi/breast_feature_extraction/Lobular_outputs/TCGA-AC-A6IX-01/necrosis_feature_wsi_summary.csv,TCGA-AC-A6IX,Alive,,,373.0,0.0,,,,matched
TCGA-AO-A0J8-01Z-00-DX1.9BDD4BDE-2A07-4E0C-B146-87365CA9DE3A,TCGA-AO-A0J8-01,TCGA-AO-A0J8,7,4805.44,692.68,0.0052,focal,/data1/deasy/Himangi/breast_feature_extraction/Lobular_outputs/TCGA-AO-A0J8-01/necrosis_feature_wsi_summary.csv,TCGA-AO-A0J8,Alive,,,680.0,0.0,,,,matched
TCGA-AO-A0J9-01Z-00-DX1.E37C342B-9B6A-4BEE-B064-A82C3579CC66,TCGA-AO-A0J9-01,TCGA-AO-A0J9,18,0.0,0.0,0.0,absent,/data1/deasy/Himangi/breast_feature_extraction/Lobular_outputs/TCGA-AO-A0J9-01/necrosis_feature_wsi_summary.csv,TCGA-AO-A0J9,Alive,,,1613.0,0.0,,,,matched
TCGA-AO-A0JJ-01Z-00-DX1.D5B636F5-1B47-4033-9938-9DC8CD48CEE9,TCGA-AO-A0JJ-01,TCGA-AO-A0JJ,15,0.0,0.0,0.0,absent,/data1/deasy/Himangi/breast_feature_extraction/Lobular_outputs/TCGA-AO-A0JJ-01/necrosis_feature_wsi_summary.csv,TCGA-AO-A0JJ,Alive,,,1887.0,0.0,,,,matched
TCGA-AO-A12E-01Z-00-DX1.F2797928-26EC-4B28-BC50-432EB380624B,TCGA-AO-A12E-01,TCGA-AO-A12E,13,10456.82,2668.93,0.008,focal,/data1/deasy/Himangi/breast_feature_extraction/Lobular_outputs/TCGA-AO-A12E-01/necrosis_feature_wsi_summary.csv,TCGA-AO-A12E,Alive,,,2142.0,0.0,,,,matched
TCGA-AO-A1KO-01Z-00-DX1.EEB5E0A0-92B2-42CD-9F7A-00E9250B561F,TCGA-AO-A1KO-01,TCGA-AO-A1KO,23,551.09,183.2,0.0002,focal,/data1/deasy/Himangi/breast_feature_extraction/Lobular_outputs/TCGA-AO-A1KO-01/necrosis_feature_wsi_summary.csv,TCGA-AO-A1KO,Alive,,,622.0,0.0,,,,matched
TCGA-AO-A1KS-01Z-00-DX1.349F9BCA-C9F0-43B4-BA6A-D20039E1C720,TCGA-AO-A1KS-01,TCGA-AO-A1KS,9,0.0,0.0,0.0,absent,/data1/deasy/Himangi/breast_feature_extraction/Lobular_outputs/TCGA-AO-A1KS-01/necrosis_feature_wsi_summary.csv,TCGA-AO-A1KS,Alive,,,350.0,0.0,,,,matched
TCGA-AQ-A7U7-01Z-00-DX1.AB5629A1-399E-402B-AD3D-DAF9F97D8300,TCGA-AQ-A7U7-01,TCGA-AQ-A7U7,56,0.0,0.0,0.0,absent,/data1/deasy/Himangi/breast_feature_extraction/Lobular_outputs/TCGA-AQ-A7U7-01/necrosis_feature_wsi_summary.csv,TCGA-AQ-A7U7,Dead,584.0,,584.0,1.0,584.0,19.186858316221766,1.5989048596851472,matched
TCGA-AR-A1AK-01Z-00-DX1.0AFFA0B5-D1A6-43E9-892A-7CB16A79E5F9,TCGA-AR-A1AK-01,TCGA-AR-A1AK,15,23570.56,4528.8,0.0122,focal,/data1/deasy/Himangi/breast_feature_extraction/Lobular_outputs/TCGA-AR-A1AK-01/necrosis_feature_wsi_summary.csv,TCGA-AR-A1AK,Alive,,,3159.0,0.0,,,,matched
TCGA-AR-A1AL-01Z-00-DX1.0970370F-6D4B-449A-AF33-76355DD99F91,TCGA-AR-A1AL-01,TCGA-AR-A1AL,46,0.0,0.0,0.0,absent,/data1/deasy/Himangi/breast_feature_extraction/Lobular_outputs/TCGA-AR-A1AL-01/necrosis_feature_wsi_summary.csv,TCGA-AR-A1AL,Alive,,,2971.0,0.0,,,,matched
TCGA-AR-A1AM-01Z-00-DX1.B3F006D9-9386-41E5-B0B1-B0832EE104A0,TCGA-AR-A1AM-01,TCGA-AR-A1AM,20,18669.13,2386.9,0.0076,focal,/data1/deasy/Himangi/breast_feature_extraction/Lobular_outputs/TCGA-AR-A1AM-01/necrosis_feature_wsi_summary.csv,TCGA-AR-A1AM,Alive,,,2991.0,0.0,,,,matched
TCGA-AR-A1AT-01Z-00-DX1.6ED69002-2CC1-4AD4-9573-B245D7C2D060,TCGA-AR-A1AT-01,TCGA-AR-A1AT,24,12703.25,3200.2,0.0031,focal,/data1/deasy/Himangi/breast_feature_extraction/Lobular_outputs/TCGA-AR-A1AT-01/necrosis_feature_wsi_summary.csv,TCGA-AR-A1AT,Dead,1272.0,,1272.0,1.0,1272.0,41.790554414784395,3.482546201232033,matched
TCGA-AR-A24H-01Z-00-DX1.5CFC7E16-3F38-4531-968C-A4E4C9D00659,TCGA-AR-A24H-01,TCGA-AR-A24H,6,2701.22,1090.92,0.0042,focal,/data1/deasy/Himangi/breast_feature_extraction/Lobular_outputs/TCGA-AR-A24H-01/necrosis_feature_wsi_summary.csv,TCGA-AR-A24H,Alive,,,4894.0,0.0,,,,matched
TCGA-AR-A24T-01Z-00-DX1.3B325D54-38EC-4E16-BDE1-628894CC15AA,TCGA-AR-A24T-01,TCGA-AR-A24T,81,0.0,0.0,0.0,absent,/data1/deasy/Himangi/breast_feature_extraction/Lobular_outputs/TCGA-AR-A24T-01/necrosis_feature_wsi_summary.csv,TCGA-AR-A24T,Alive,,,3202.0,0.0,,,,matched
TCGA-AR-A2LE-01Z-00-DX1.E8E1FC5C-9A4A-463F-81D7-E9A8AF43EAD9,TCGA-AR-A2LE-01,TCGA-AR-A2LE,13,11936.6,1315.68,0.0055,focal,/data1/deasy/Himangi/breast_feature_extraction/Lobular_outputs/TCGA-AR-A2LE-01/necrosis_feature_wsi_summary.csv,TCGA-AR-A2LE,Alive,,,5062.0,0.0,,,,matched
TCGA-AR-A2LJ-01Z-00-DX1.9D6257FA-2767-4640-9252-9BE18BD9D158,TCGA-AR-A2LJ-01,TCGA-AR-A2LJ,24,2053.41,662.85,0.0006,focal,/data1/deasy/Himangi/breast_feature_extraction/Lobular_outputs/TCGA-AR-A2LJ-01/necrosis_feature_wsi_summary.csv,TCGA-AR-A2LJ,Alive,,,2632.0,0.0,,,,matched
TCGA-AR-A2LK-01Z-00-DX1.FBD59C38-CD4E-4C22-BC74-A57C192A9BBC,TCGA-AR-A2LK-01,TCGA-AR-A2LK,43,32364.28,5211.33,0.006,focal,/data1/deasy/Himangi/breast_feature_extraction/Lobular_outputs/TCGA-AR-A2LK-01/necrosis_feature_wsi_summary.csv,TCGA-AR-A2LK,Dead,1649.0,,1649.0,1.0,1649.0,54.17659137577002,4.514715947980835,matched
TCGA-AR-A2LM-01Z-00-DX1.CB64A062-2E35-41F9-97C7-07BB60754799,TCGA-AR-A2LM-01,TCGA-AR-A2LM,38,5037.6,951.15,0.001,focal,/data1/deasy/Himangi/breast_feature_extraction/Lobular_outputs/TCGA-AR-A2LM-01/necrosis_feature_wsi_summary.csv,TCGA-AR-A2LM,Alive,,,1935.0,0.0,,,,matched
TCGA-AR-A2LO-01Z-00-DX1.A8C81E1E-B224-4CF4-83D4-FFB2F51A7002,TCGA-AR-A2LO-01,TCGA-AR-A2LO,14,79.06,117.79,0.0,focal,/data1/deasy/Himangi/breast_feature_extraction/Lobular_outputs/TCGA-AR-A2LO-01/necrosis_feature_wsi_summary.csv,TCGA-AR-A2LO,Alive,,,1198.0,0.0,,,,matched
TCGA-AR-A5QM-01Z-00-DX1.A9017CED-FF57-4090-95B9-94DC91854347,TCGA-AR-A5QM-01,TCGA-AR-A5QM,48,500.72,213.24,0.0001,focal,/data1/deasy/Himangi/breast_feature_extraction/Lobular_outputs/TCGA-AR-A5QM-01/necrosis_feature_wsi_summary.csv,TCGA-AR-A5QM,Alive,,,2231.0,0.0,,,,matched
TCGA-AR-A5QN-01Z-00-DX1.BF92AA24-3D44-4FFA-BCC0-CDB934EC3BBC,TCGA-AR-A5QN-01,TCGA-AR-A5QN,24,4155.91,1571.01,0.0013,focal,/data1/deasy/Himangi/breast_feature_extraction/Lobular_outputs/TCGA-AR-A5QN-01/necrosis_feature_wsi_summary.csv,TCGA-AR-A5QN,Alive,,,1013.0,0.0,,,,matched
TCGA-AR-A5QP-01Z-00-DX1.256FDB13-1F81-42DA-AF6E-8A94835550C1,TCGA-AR-A5QP-01,TCGA-AR-A5QP,38,0.0,0.0,0.0,absent,/data1/deasy/Himangi/breast_feature_extraction/Lobular_outputs/TCGA-AR-A5QP-01/necrosis_feature_wsi_summary.csv,TCGA-AR-A5QP,Alive,,,1185.0,0.0,,,,matched
TCGA-B6-A0IH-01Z-00-DX1.3463B12E-D1B0-4FB2-B257-BFD63BA2B6BF,TCGA-B6-A0IH-01,TCGA-B6-A0IH,23,7255.87,2111.64,0.0023,focal,/data1/deasy/Himangi/breast_feature_extraction/Lobular_outputs/TCGA-B6-A0IH-01/necrosis_feature_wsi_summary.csv,TCGA-B6-A0IH,Dead,2965.0,,2965.0,1.0,2965.0,97.41273100616016,8.11772758384668,matched
TCGA-B6-A0IP-01Z-00-DX1.3723A250-AA4B-4AFE-A692-C1311E9BA268,TCGA-B6-A0IP-01,TCGA-B6-A0IP,48,658.31,126.83,0.0001,focal,/data1/deasy/Himangi/breast_feature_extraction/Lobular_outputs/TCGA-B6-A0IP-01/necrosis_feature_wsi_summary.csv,TCGA-B6-A0IP,Dead,3926.0,,3926.0,1.0,3926.0,128.98562628336757,10.74880219028063,matched
TCGA-B6-A0RQ-01Z-00-DX1.68B4F49D-9F81-4501-BC66-0349012077C8,TCGA-B6-A0RQ-01,TCGA-B6-A0RQ,25,8894.31,1020.09,0.0034,focal,/data1/deasy/Himangi/breast_feature_extraction/Lobular_outputs/TCGA-B6-A0RQ-01/necrosis_feature_wsi_summary.csv,TCGA-B6-A0RQ,Dead,4267.0,,4267.0,1.0,4267.0,140.18891170431212,11.682409308692677,matched
TCGA-B6-A2IU-01Z-00-DX1.3C7DF701-4ED9-4989-AA63-A6B7B105F6EE,TCGA-B6-A2IU-01,TCGA-B6-A2IU,138,6215.26,1758.48,0.0003,focal,/data1/deasy/Himangi/breast_feature_extraction/Lobular_outputs/TCGA-B6-A2IU-01/necrosis_feature_wsi_summary.csv,TCGA-B6-A2IU,Alive,,,5176.0,0.0,,,,matched
TCGA-BH-A0C1-01Z-00-DX1.21FE357E-B182-4397-BFEF-7E96E994236A,TCGA-BH-A0C1-01,TCGA-BH-A0C1,21,1624.28,521.73,0.0005,focal,/data1/deasy/Himangi/breast_feature_extraction/Lobular_outputs/TCGA-BH-A0C1-01/necrosis_feature_wsi_summary.csv,TCGA-BH-A0C1,Dead,1411.0,,1411.0,1.0,1411.0,46.35728952772074,3.863107460643395,matched
TCGA-BH-A0DP-01Z-00-DX1.5550557D-4E5B-4B57-8C1E-9290A7AA32A9,TCGA-BH-A0DP-01,TCGA-BH-A0DP,45,9134.59,2982.9,0.0015,focal,/data1/deasy/Himangi/breast_feature_extraction/Lobular_outputs/TCGA-BH-A0DP-01/necrosis_feature_wsi_summary.csv,TCGA-BH-A0DP,Alive,,,476.0,0.0,,,,matched
TCGA-BH-A28O-01Z-00-DX1.B37603E3-BC80-4DDA-B44D-B5F794E3398E,TCGA-BH-A28O-01,TCGA-BH-A28O,22,0.0,0.0,0.0,absent,/data1/deasy/Himangi/breast_feature_extraction/Lobular_outputs/TCGA-BH-A28O-01/necrosis_feature_wsi_summary.csv,TCGA-BH-A28O,Alive,,,1120.0,0.0,,,,matched
TCGA-BH-A28Q-01Z-00-DX1.C6D1CA93-6B2A-4722-9270-5D56592D833D,TCGA-BH-A28Q-01,TCGA-BH-A28Q,45,0.0,0.0,0.0,absent,/data1/deasy/Himangi/breast_feature_extraction/Lobular_outputs/TCGA-BH-A28Q-01/necrosis_feature_wsi_summary.csv,TCGA-BH-A28Q,Alive,,,1119.0,0.0,,,,matched
TCGA-BH-A2L8-01Z-00-DX1.ACA51CA9-3C38-48A6-B4A9-C12FFAB9AB56,TCGA-BH-A2L8-01,TCGA-BH-A2L8,43,5550.37,1331.36,0.0009,focal,/data1/deasy/Himangi/breast_feature_extraction/Lobular_outputs/TCGA-BH-A2L8-01/necrosis_feature_wsi_summary.csv,TCGA-BH-A2L8,Alive,,,612.0,0.0,,,,matched
TCGA-BH-A42T-01Z-00-DX1.6E4609B9-BE7E-4CA9-A1C0-A77A7DEFBB2B,TCGA-BH-A42T-01,TCGA-BH-A42T,15,0.0,0.0,0.0,absent,/data1/deasy/Himangi/breast_feature_extraction/Lobular_outputs/TCGA-BH-A42T-01/necrosis_feature_wsi_summary.csv,TCGA-BH-A42T,Dead,320.0,,320.0,1.0,320.0,10.513347022587268,0.8761122518822724,matched
TCGA-C8-A3M7-01Z-00-DX1.846C75F1-2E7E-44F7-B21F-C246141558FA,TCGA-C8-A3M7-01,TCGA-C8-A3M7,128,49193.73,8478.78,0.003,focal,/data1/deasy/Himangi/breast_feature_extraction/Lobular_outputs/TCGA-C8-A3M7-01/necrosis_feature_wsi_summary.csv,TCGA-C8-A3M7,Dead,1034.0,,1034.0,1.0,1034.0,33.97125256673511,2.830937713894593,matched
TCGA-C8-A3M8-01Z-00-DX1.97AC85E0-6281-4F2E-8034-24AD5F52D5A6,TCGA-C8-A3M8-01,TCGA-C8-A3M8,38,0.0,0.0,0.0,absent,/data1/deasy/Himangi/breast_feature_extraction/Lobular_outputs/TCGA-C8-A3M8-01/necrosis_feature_wsi_summary.csv,TCGA-C8-A3M8,Alive,,,394.0,0.0,,,,matched
TCGA-C8-A8HR-01Z-00-DX1.8E841CA8-1CE2-4242-AC5A-3247075CF8F4,TCGA-C8-A8HR-01,TCGA-C8-A8HR,24,0.0,0.0,0.0,absent,/data1/deasy/Himangi/breast_feature_extraction/Lobular_outputs/TCGA-C8-A8HR-01/necrosis_feature_wsi_summary.csv,TCGA-C8-A8HR,Alive,,,408.0,0.0,,,,matched
TCGA-D8-A1JN-01Z-00-DX1.3B02989C-CEA0-4EDD-A6DC-21C3A957C640,TCGA-D8-A1JN-01,TCGA-D8-A1JN,109,0.0,0.0,0.0,absent,/data1/deasy/Himangi/breast_feature_extraction/Lobular_outputs/TCGA-D8-A1JN-01/necrosis_feature_wsi_summary.csv,TCGA-D8-A1JN,Alive,,,620.0,0.0,,,,matched
TCGA-D8-A1X8-01Z-00-DX1.DDA3866E-C7CC-4650-BE2B-5C9A98A2D531,TCGA-D8-A1X8-01,TCGA-D8-A1X8,29,48209.03,5138.22,0.0114,focal,/data1/deasy/Himangi/breast_feature_extraction/Lobular_outputs/TCGA-D8-A1X8-01/necrosis_feature_wsi_summary.csv,TCGA-D8-A1X8,Alive,,,783.0,0.0,,,,matched
TCGA-D8-A1XO-01Z-00-DX1.A9EF6AFF-62B0-4E2D-ABC7-DC06FF473890,TCGA-D8-A1XO-01,TCGA-D8-A1XO,56,0.0,0.0,0.0,absent,/data1/deasy/Himangi/breast_feature_extraction/Lobular_outputs/TCGA-D8-A1XO-01/necrosis_feature_wsi_summary.csv,TCGA-D8-A1XO,Alive,,,1682.0,0.0,,,,matched
TCGA-D8-A27G-01Z-00-DX1.04FCF306-67AA-4F56-AE90-44A4F5DD56D4,TCGA-D8-A27G-01,TCGA-D8-A27G,74,11106.06,1259.95,0.0012,focal,/data1/deasy/Himangi/breast_feature_extraction/Lobular_outputs/TCGA-D8-A27G-01/necrosis_feature_wsi_summary.csv,TCGA-D8-A27G,Alive,,,409.0,0.0,,,,matched
TCGA-D8-A27I-01Z-00-DX1.ACAE0048-7AF0-41C9-992B-6ACDABF80B1C,TCGA-D8-A27I-01,TCGA-D8-A27I,27,5495.0,1227.0,0.0015,focal,/data1/deasy/Himangi/breast_feature_extraction/Lobular_outputs/TCGA-D8-A27I-01/necrosis_feature_wsi_summary.csv,TCGA-D8-A27I,Alive,,,439.0,0.0,,,,matched
TCGA-D8-A27T-01Z-00-DX1.1E3A4D57-9CF2-4EBF-B74D-ADD7BD8CBFA5,TCGA-D8-A27T-01,TCGA-D8-A27T,51,20068.61,2556.06,0.003,focal,/data1/deasy/Himangi/breast_feature_extraction/Lobular_outputs/TCGA-D8-A27T-01/TCGA-D8-A27T-01Z-00-DX1.1E3A4D57-9CF2-4EBF-B74D-ADD7BD8CBFA5__necrosis_feature_wsi_summary.csv,TCGA-D8-A27T,Alive,,,398.0,0.0,,,,matched
TCGA-D8-A27T-01Z-00-DX2.7CCFE3AA-955B-4D77-9EDB-7B36D5A01168,TCGA-D8-A27T-01,TCGA-D8-A27T,1,0.0,0.0,0.0,absent,/data1/deasy/Himangi/breast_feature_extraction/Lobular_outputs/TCGA-D8-A27T-01/TCGA-D8-A27T-01Z-00-DX2.7CCFE3AA-955B-4D77-9EDB-7B36D5A01168__necrosis_feature_wsi_summary.csv,TCGA-D8-A27T,Alive,,,398.0,0.0,,,,matched
TCGA-D8-A27V-01Z-00-DX1.F937C53B-0B55-4271-843E-2C28F72CF28E,TCGA-D8-A27V-01,TCGA-D8-A27V,102,9567.99,2497.65,0.0007,focal,/data1/deasy/Himangi/breast_feature_extraction/Lobular_outputs/TCGA-D8-A27V-01/TCGA-D8-A27V-01Z-00-DX1.F937C53B-0B55-4271-843E-2C28F72CF28E__necrosis_feature_wsi_summary.csv,TCGA-D8-A27V,Alive,,,381.0,0.0,,,,matched
TCGA-D8-A27V-01Z-00-DX2.81E4FFDF-7123-4AC3-BE24-A82564A6C34C,TCGA-D8-A27V-01,TCGA-D8-A27V,17,0.0,0.0,0.0,absent,/data1/deasy/Himangi/breast_feature_extraction/Lobular_outputs/TCGA-D8-A27V-01/TCGA-D8-A27V-01Z-00-DX2.81E4FFDF-7123-4AC3-BE24-A82564A6C34C__necrosis_feature_wsi_summary.csv,TCGA-D8-A27V,Alive,,,381.0,0.0,,,,matched
TCGA-D8-A3Z5-01Z-00-DX1.4DBF937F-623C-4212-8493-ECE3C8F555E3,TCGA-D8-A3Z5-01,TCGA-D8-A3Z5,113,2321.46,772.35,0.0002,focal,/data1/deasy/Himangi/breast_feature_extraction/Lobular_outputs/TCGA-D8-A3Z5-01/TCGA-D8-A3Z5-01Z-00-DX1.4DBF937F-623C-4212-8493-ECE3C8F555E3__necrosis_feature_wsi_summary.csv,TCGA-D8-A3Z5,Alive,,,1015.0,0.0,,,,matched
TCGA-D8-A3Z5-01Z-00-DX2.6196B9FF-F09E-4D44-873D-E53BFB2BF4E1,TCGA-D8-A3Z5-01,TCGA-D8-A3Z5,78,7134.97,1110.03,0.0007,focal,/data1/deasy/Himangi/breast_feature_extraction/Lobular_outputs/TCGA-D8-A3Z5-01/TCGA-D8-A3Z5-01Z-00-DX2.6196B9FF-F09E-4D44-873D-E53BFB2BF4E1__necrosis_feature_wsi_summary.csv,TCGA-D8-A3Z5,Alive,,,1015.0,0.0,,,,matched
TCGA-D8-A3Z5-01Z-00-DX3.BB83C7D4-F795-47E7-9A5C-7DBF0EB7FDAA,TCGA-D8-A3Z5-01,TCGA-D8-A3Z5,68,0.0,0.0,0.0,absent,/data1/deasy/Himangi/breast_feature_extraction/Lobular_outputs/TCGA-D8-A3Z5-01/TCGA-D8-A3Z5-01Z-00-DX3.BB83C7D4-F795-47E7-9A5C-7DBF0EB7FDAA__necrosis_feature_wsi_summary.csv,TCGA-D8-A3Z5,Alive,,,1015.0,0.0,,,,matched
TCGA-D8-A3Z6-01Z-00-DX3.66566DB7-661D-4002-90C1-B15BF3425903,TCGA-D8-A3Z6-01,TCGA-D8-A3Z6,11,20466.65,4145.63,0.0133,focal,/data1/deasy/Himangi/breast_feature_extraction/Lobular_outputs/TCGA-D8-A3Z6-01/necrosis_feature_wsi_summary.csv,TCGA-D8-A3Z6,Alive,,,563.0,0.0,,,,matched
TCGA-D8-A4Z1-01Z-00-DX1.D39D38B5-FC9F-4298-8720-016407DC6591,TCGA-D8-A4Z1-01,TCGA-D8-A4Z1,17,0.0,0.0,0.0,absent,/data1/deasy/Himangi/breast_feature_extraction/Lobular_outputs/TCGA-D8-A4Z1-01/necrosis_feature_wsi_summary.csv,TCGA-D8-A4Z1,Alive,,,659.0,0.0,,,,matched
TCGA-D8-A73U-01Z-00-DX1.6ECEF7C0-00CC-4AC2-87BD-DBFB6E0DC042,TCGA-D8-A73U-01,TCGA-D8-A73U,1,0.0,0.0,0.0,absent,/data1/deasy/Himangi/breast_feature_extraction/Lobular_outputs/TCGA-D8-A73U-01/TCGA-D8-A73U-01Z-00-DX1.6ECEF7C0-00CC-4AC2-87BD-DBFB6E0DC042__necrosis_feature_wsi_summary.csv,TCGA-D8-A73U,Alive,,,492.0,0.0,,,,matched
TCGA-E2-A107-01Z-00-DX1.3BFCCC24-7286-488D-A9E9-98E498AD0767,TCGA-E2-A107-01,TCGA-E2-A107,37,0.0,0.0,0.0,absent,/data1/deasy/Himangi/breast_feature_extraction/Lobular_outputs/TCGA-E2-A107-01/necrosis_feature_wsi_summary.csv,TCGA-E2-A107,Alive,,,1047.0,0.0,,,,matched
TCGA-E2-A10F-01Z-00-DX1.18F9324C-A38F-478E-95DF-B8E172D0DD07,TCGA-E2-A10F-01,TCGA-E2-A10F,35,9775.6,2673.25,0.0023,focal,/data1/deasy/Himangi/breast_feature_extraction/Lobular_outputs/TCGA-E2-A10F-01/necrosis_feature_wsi_summary.csv,TCGA-E2-A10F,Alive,,,878.0,0.0,,,,matched
TCGA-E2-A15L-01Z-00-DX1.626032DC-D396-48E7-B888-DFEBCF7102FF,TCGA-E2-A15L-01,TCGA-E2-A15L,29,593.56,250.87,0.0001,focal,/data1/deasy/Himangi/breast_feature_extraction/Lobular_outputs/TCGA-E2-A15L-01/necrosis_feature_wsi_summary.csv,TCGA-E2-A15L,Alive,,,626.0,0.0,,,,matched
TCGA-E2-A15M-01Z-00-DX1.6E4671E5-18EA-4464-BE7C-C94767136E5C,TCGA-E2-A15M-01,TCGA-E2-A15M,18,0.0,0.0,0.0,absent,/data1/deasy/Himangi/breast_feature_extraction/Lobular_outputs/TCGA-E2-A15M-01/necrosis_feature_wsi_summary.csv,TCGA-E2-A15M,Dead,336.0,,336.0,1.0,336.0,11.039014373716633,0.919917864476386,matched
TCGA-E2-A1B5-01Z-00-DX1.AB19FF3D-5C42-4D49-ABEA-D2315709B6EA,TCGA-E2-A1B5-01,TCGA-E2-A1B5,59,41549.09,3300.86,0.0055,focal,/data1/deasy/Himangi/breast_feature_extraction/Lobular_outputs/TCGA-E2-A1B5-01/necrosis_feature_wsi_summary.csv,TCGA-E2-A1B5,Alive,,,984.0,0.0,,,,matched
TCGA-E2-A1IJ-01Z-00-DX1.00093877-7B01-42D3-857C-987BC1F604A3,TCGA-E2-A1IJ-01,TCGA-E2-A1IJ,31,0.0,0.0,0.0,absent,/data1/deasy/Himangi/breast_feature_extraction/Lobular_outputs/TCGA-E2-A1IJ-01/necrosis_feature_wsi_summary.csv,TCGA-E2-A1IJ,Alive,,,865.0,0.0,,,,matched
TCGA-E2-A1IL-01Z-00-DX1.46B6AA99-C7CE-4573-B15D-2C56A708B082,TCGA-E2-A1IL-01,TCGA-E2-A1IL,46,39969.28,3585.47,0.0088,focal,/data1/deasy/Himangi/breast_feature_extraction/Lobular_outputs/TCGA-E2-A1IL-01/necrosis_feature_wsi_summary.csv,TCGA-E2-A1IL,Alive,,,118.0,0.0,,,,matched
TCGA-E2-A1L8-01Z-00-DX1.842BF73D-2D64-4ABA-880D-DBE8F4C2AA19,TCGA-E2-A1L8-01,TCGA-E2-A1L8,13,1006.75,288.05,0.0005,focal,/data1/deasy/Himangi/breast_feature_extraction/Lobular_outputs/TCGA-E2-A1L8-01/necrosis_feature_wsi_summary.csv,TCGA-E2-A1L8,Alive,,,2240.0,0.0,,,,matched
TCGA-E2-A2P6-01Z-00-DX1.9D8060AA-881F-49FF-AEF5-B40A3625A44A,TCGA-E2-A2P6-01,TCGA-E2-A2P6,43,0.0,0.0,0.0,absent,/data1/deasy/Himangi/breast_feature_extraction/Lobular_outputs/TCGA-E2-A2P6-01/necrosis_feature_wsi_summary.csv,TCGA-E2-A2P6,Alive,,,1051.0,0.0,,,,matched
TCGA-E2-A3DX-01Z-00-DX1.75094CA2-CE51-4886-A564-BD10043A6E4C,TCGA-E2-A3DX-01,TCGA-E2-A3DX,55,99959.39,9424.93,0.0129,focal,/data1/deasy/Himangi/breast_feature_extraction/Lobular_outputs/TCGA-E2-A3DX-01/necrosis_feature_wsi_summary.csv,TCGA-E2-A3DX,Alive,,,1325.0,0.0,,,,matched
TCGA-E2-A576-01Z-00-DX1.2E045763-7EB0-48F5-8C47-E4B84287D739,TCGA-E2-A576-01,TCGA-E2-A576,9,0.0,0.0,0.0,absent,/data1/deasy/Himangi/breast_feature_extraction/Lobular_outputs/TCGA-E2-A576-01/necrosis_feature_wsi_summary.csv,TCGA-E2-A576,Alive,,,1043.0,0.0,,,,matched
TCGA-E9-A295-01Z-00-DX1.ED6CC024-56E7-45A9-B41F-F84550A899F7,TCGA-E9-A295-01,TCGA-E9-A295,72,0.0,0.0,0.0,absent,/data1/deasy/Himangi/breast_feature_extraction/Lobular_outputs/TCGA-E9-A295-01/necrosis_feature_wsi_summary.csv,TCGA-E9-A295,Alive,,,375.0,0.0,,,,matched
TCGA-E9-A2JS-01Z-00-DX1.445BA2F8-3A4A-49D2-8D41-4ACFD32F2074,TCGA-E9-A2JS-01,TCGA-E9-A2JS,27,0.0,0.0,0.0,absent,/data1/deasy/Himangi/breast_feature_extraction/Lobular_outputs/TCGA-E9-A2JS-01/necrosis_feature_wsi_summary.csv,TCGA-E9-A2JS,Dead,904.0,,904.0,1.0,904.0,29.700205338809035,2.4750171115674195,matched
TCGA-E9-A2JT-01Z-00-DX1.49C2B936-3B1A-4014-8B43-26D483DEF53A,TCGA-E9-A2JT-01,TCGA-E9-A2JT,7,1141.88,172.65,0.0012,focal,/data1/deasy/Himangi/breast_feature_extraction/Lobular_outputs/TCGA-E9-A2JT-01/necrosis_feature_wsi_summary.csv,TCGA-E9-A2JT,Alive,,,288.0,0.0,,,,matched
TCGA-E9-A3HO-01Z-00-DX1.8C897764-4CD4-40DE-9F8B-7F1BE5FF89C7,TCGA-E9-A3HO-01,TCGA-E9-A3HO,24,49588.53,6698.93,0.0157,focal,/data1/deasy/Himangi/breast_feature_extraction/Lobular_outputs/TCGA-E9-A3HO-01/necrosis_feature_wsi_summary.csv,TCGA-E9-A3HO,Alive,,,1158.0,0.0,,,,matched
TCGA-E9-A3Q9-01Z-00-DX1.2D0CA5D4-CCE5-4647-BFB3-D5359F53DA83,TCGA-E9-A3Q9-01,TCGA-E9-A3Q9,19,2126.09,553.89,0.0009,focal,/data1/deasy/Himangi/breast_feature_extraction/Lobular_outputs/TCGA-E9-A3Q9-01/necrosis_feature_wsi_summary.csv,TCGA-E9-A3Q9,Alive,,,1001.0,0.0,,,,matched
TCGA-E9-A3X8-01Z-00-DX1.D1532F80-F5F8-47AF-8A1B-B59E345F5D70,TCGA-E9-A3X8-01,TCGA-E9-A3X8,39,0.0,0.0,0.0,absent,/data1/deasy/Himangi/breast_feature_extraction/Lobular_outputs/TCGA-E9-A3X8-01/necrosis_feature_wsi_summary.csv,TCGA-E9-A3X8,Alive,,,926.0,0.0,,,,matched
TCGA-E9-A5FK-01Z-00-DX1.3F002C99-B4CA-4068-A816-EAC370A2E8C4,TCGA-E9-A5FK-01,TCGA-E9-A5FK,36,1069.06,514.84,0.0003,focal,/data1/deasy/Himangi/breast_feature_extraction/Lobular_outputs/TCGA-E9-A5FK-01/necrosis_feature_wsi_summary.csv,TCGA-E9-A5FK,Alive,,,812.0,0.0,,,,matched
TCGA-E9-A6HE-01Z-00-DX1.97514DBA-9BC0-4554-9A43-99C48C6B953A,TCGA-E9-A6HE-01,TCGA-E9-A6HE,10,0.0,0.0,0.0,absent,/data1/deasy/Himangi/breast_feature_extraction/Lobular_outputs/TCGA-E9-A6HE-01/necrosis_feature_wsi_summary.csv,TCGA-E9-A6HE,Alive,,,847.0,0.0,,,,matched
TCGA-EW-A1IW-01Z-00-DX1.0DE87057-951F-4887-A2D5-485736D66E4E,TCGA-EW-A1IW-01,TCGA-EW-A1IW,65,2786.75,1198.04,0.0003,focal,/data1/deasy/Himangi/breast_feature_extraction/Lobular_outputs/TCGA-EW-A1IW-01/necrosis_feature_wsi_summary.csv,TCGA-EW-A1IW,Alive,,,371.0,0.0,,,,matched
TCGA-EW-A1J2-01Z-00-DX1.F1D8E593-2DF4-44C3-873D-FD3C910011E4,TCGA-EW-A1J2-01,TCGA-EW-A1J2,16,0.0,0.0,0.0,absent,/data1/deasy/Himangi/breast_feature_extraction/Lobular_outputs/TCGA-EW-A1J2-01/necrosis_feature_wsi_summary.csv,TCGA-EW-A1J2,Alive,,,403.0,0.0,,,,matched
TCGA-EW-A1J3-01Z-00-DX1.F736F6F4-0859-439A-A417-98B520C8D65A,TCGA-EW-A1J3-01,TCGA-EW-A1J3,68,44118.79,6186.14,0.0046,focal,/data1/deasy/Himangi/breast_feature_extraction/Lobular_outputs/TCGA-EW-A1J3-01/necrosis_feature_wsi_summary.csv,TCGA-EW-A1J3,Alive,,,504.0,0.0,,,,matched
TCGA-EW-A1J5-01Z-00-DX1.FFE303B1-7F36-4276-B931-C2A6B2CBD1F2,TCGA-EW-A1J5-01,TCGA-EW-A1J5,80,392335.31,19658.42,0.0314,focal,/data1/deasy/Himangi/breast_feature_extraction/Lobular_outputs/TCGA-EW-A1J5-01/necrosis_feature_wsi_summary.csv,TCGA-EW-A1J5,Alive,,,477.0,0.0,,,,matched
TCGA-EW-A1PG-01Z-00-DX1.A31B2048-D04D-467C-A9E4-6A63942A58C6,TCGA-EW-A1PG-01,TCGA-EW-A1PG,50,2792.78,797.79,0.0004,focal,/data1/deasy/Himangi/breast_feature_extraction/Lobular_outputs/TCGA-EW-A1PG-01/necrosis_feature_wsi_summary.csv,TCGA-EW-A1PG,Alive,,,1051.0,0.0,,,,matched
TCGA-EW-A3E8-01Z-00-DX1.E185B2E4-3E16-4C66-90D7-FDB9A14BA00D,TCGA-EW-A3E8-01,TCGA-EW-A3E8,40,0.0,0.0,0.0,absent,/data1/deasy/Himangi/breast_feature_extraction/Lobular_outputs/TCGA-EW-A3E8-01/necrosis_feature_wsi_summary.csv,TCGA-EW-A3E8,Alive,,,1035.0,0.0,,,,matched
TCGA-EW-A423-01Z-00-DX1.31502D62-9C83-4A9C-9682-05A185486EAA,TCGA-EW-A423-01,TCGA-EW-A423,37,6374.31,1605.1,0.0013,focal,/data1/deasy/Himangi/breast_feature_extraction/Lobular_outputs/TCGA-EW-A423-01/TCGA-EW-A423-01Z-00-DX1.31502D62-9C83-4A9C-9682-05A185486EAA__necrosis_feature_wsi_summary.csv,TCGA-EW-A423,Alive,,,533.0,0.0,,,,matched
TCGA-EW-A423-01Z-00-DX2.5EF1CF39-600A-4ED3-A5A2-AF4435A5F8B5,TCGA-EW-A423-01,TCGA-EW-A423,46,31257.23,7482.35,0.0051,focal,/data1/deasy/Himangi/breast_feature_extraction/Lobular_outputs/TCGA-EW-A423-01/TCGA-EW-A423-01Z-00-DX2.5EF1CF39-600A-4ED3-A5A2-AF4435A5F8B5__necrosis_feature_wsi_summary.csv,TCGA-EW-A423,Alive,,,533.0,0.0,,,,matched
TCGA-EW-A424-01Z-00-DX1.662894F0-31FE-494B-9A9E-7C369AE23D27,TCGA-EW-A424-01,TCGA-EW-A424,100,77743.42,14092.73,0.0055,focal,/data1/deasy/Himangi/breast_feature_extraction/Lobular_outputs/TCGA-EW-A424-01/necrosis_feature_wsi_summary.csv,TCGA-EW-A424,Alive,,,715.0,0.0,,,,matched
TCGA-EW-A6SC-01Z-00-DX1.C2D50E7C-3AD0-4038-9A1C-CAE54A3FBE2F,TCGA-EW-A6SC-01,TCGA-EW-A6SC,65,71949.96,19979.63,0.0074,focal,/data1/deasy/Himangi/breast_feature_extraction/Lobular_outputs/TCGA-EW-A6SC-01/necrosis_feature_wsi_summary.csv,TCGA-EW-A6SC,Alive,,,952.0,0.0,,,,matched
TCGA-GM-A2DO-01Z-00-DX1.60817A51-93B7-483D-ABC9-8ED6341C6660,TCGA-GM-A2DO-01,TCGA-GM-A2DO,5,0.0,0.0,0.0,absent,/data1/deasy/Himangi/breast_feature_extraction/Lobular_outputs/TCGA-GM-A2DO-01/necrosis_feature_wsi_summary.csv,TCGA-GM-A2DO,Alive,,,2596.0,0.0,,,,matched
TCGA-GM-A3NW-01Z-00-DX1.3B0324F0-4007-4390-AF26-3789A50684E5,TCGA-GM-A3NW-01,TCGA-GM-A3NW,20,3640.62,1121.58,0.0015,focal,/data1/deasy/Himangi/breast_feature_extraction/Lobular_outputs/TCGA-GM-A3NW-01/necrosis_feature_wsi_summary.csv,TCGA-GM-A3NW,Alive,,,3361.0,0.0,,,,matched
TCGA-GM-A3NY-01Z-00-DX1.BEED8B8F-5A1B-4CE2-BB5D-A7ED40551AE4,TCGA-GM-A3NY-01,TCGA-GM-A3NY,21,1985.06,531.29,0.0006,focal,/data1/deasy/Himangi/breast_feature_extraction/Lobular_outputs/TCGA-GM-A3NY-01/necrosis_feature_wsi_summary.csv,TCGA-GM-A3NY,Alive,,,1162.0,0.0,,,,matched
TCGA-GM-A3XG-01Z-00-DX1.68FFB600-8573-451F-8100-D11DB091F457,TCGA-GM-A3XG-01,TCGA-GM-A3XG,60,2789.5,372.77,0.0003,focal,/data1/deasy/Himangi/breast_feature_extraction/Lobular_outputs/TCGA-GM-A3XG-01/necrosis_feature_wsi_summary.csv,TCGA-GM-A3XG,Alive,,,1330.0,0.0,,,,matched
TCGA-GM-A3XN-01Z-00-DX1.49F5C8AC-0328-4BC2-9FE2-E7150B7A42E2,TCGA-GM-A3XN-01,TCGA-GM-A3XN,91,25418.39,8264.04,0.0023,focal,/data1/deasy/Himangi/breast_feature_extraction/Lobular_outputs/TCGA-GM-A3XN-01/necrosis_feature_wsi_summary.csv,TCGA-GM-A3XN,Alive,,,2019.0,0.0,,,,matched
TCGA-GM-A4E0-01Z-00-DX1.55A5D765-AA35-4052-9185-6872B580F0F6,TCGA-GM-A4E0-01,TCGA-GM-A4E0,9,0.0,0.0,0.0,absent,/data1/deasy/Himangi/breast_feature_extraction/Lobular_outputs/TCGA-GM-A4E0-01/necrosis_feature_wsi_summary.csv,TCGA-GM-A4E0,Alive,,,2191.0,0.0,,,,matched
TCGA-HN-A2OB-01Z-00-DX1.14F1FBFB-4540-43CE-9D79-5BC628640424,TCGA-HN-A2OB-01,TCGA-HN-A2OB,11,0.0,0.0,0.0,absent,/data1/deasy/Himangi/breast_feature_extraction/Lobular_outputs/TCGA-HN-A2OB-01/necrosis_feature_wsi_summary.csv,TCGA-HN-A2OB,Dead,1900.0,,1900.0,1.0,1900.0,62.42299794661191,5.201916495550993,matched
TCGA-JL-A3YW-01Z-00-DX1.827C5C53-9C30-4307-802A-5A7896828A7F,TCGA-JL-A3YW-01,TCGA-JL-A3YW,9,15465.75,4701.78,0.0151,focal,/data1/deasy/Himangi/breast_feature_extraction/Lobular_outputs/TCGA-JL-A3YW-01/necrosis_feature_wsi_summary.csv,TCGA-JL-A3YW,Alive,,,360.0,0.0,,,,matched
TCGA-JL-A3YX-01Z-00-DX1.0FE8F389-F79A-4CF8-A83C-420380A02552,TCGA-JL-A3YX-01,TCGA-JL-A3YX,31,62566.51,10589.5,0.013,focal,/data1/deasy/Himangi/breast_feature_extraction/Lobular_outputs/TCGA-JL-A3YX-01/necrosis_feature_wsi_summary.csv,TCGA-JL-A3YX,Alive,,,352.0,0.0,,,,matched
TCGA-LD-A66U-01Z-00-DX1.AEC25C62-0519-47ED-A85B-2A964BA2BA87,TCGA-LD-A66U-01,TCGA-LD-A66U,21,0.0,0.0,0.0,absent,/data1/deasy/Himangi/breast_feature_extraction/Lobular_outputs/TCGA-LD-A66U-01/necrosis_feature_wsi_summary.csv,TCGA-LD-A66U,Alive,,,646.0,0.0,,,,matched
TCGA-LL-A440-01Z-00-DX1.6E031FD6-236C-49FA-B920-4CB120C59037,TCGA-LL-A440-01,TCGA-LL-A440,14,1020.44,318.99,0.0006,focal,/data1/deasy/Himangi/breast_feature_extraction/Lobular_outputs/TCGA-LL-A440-01/necrosis_feature_wsi_summary.csv,TCGA-LL-A440,Alive,,,759.0,0.0,,,,matched
TCGA-LL-A50Y-01Z-00-DX1.7F08413F-2C59-4322-9296-84F8CD3DF619,TCGA-LL-A50Y-01,TCGA-LL-A50Y,12,1014.75,162.82,0.0006,focal,/data1/deasy/Himangi/breast_feature_extraction/Lobular_outputs/TCGA-LL-A50Y-01/necrosis_feature_wsi_summary.csv,TCGA-LL-A50Y,Alive,,,762.0,0.0,,,,matched
TCGA-LL-A5YL-01Z-00-DX1.164C74AB-87D5-46CC-9D96-33FE1F88DC80,TCGA-LL-A5YL-01,TCGA-LL-A5YL,109,47225.25,6951.89,0.0031,focal,/data1/deasy/Himangi/breast_feature_extraction/Lobular_outputs/TCGA-LL-A5YL-01/necrosis_feature_wsi_summary.csv,TCGA-LL-A5YL,Alive,,,519.0,0.0,,,,matched
TCGA-LL-A6FP-01Z-00-DX1.6261398A-7288-4924-BBE2-FC1949256E40,TCGA-LL-A6FP-01,TCGA-LL-A6FP,15,1355.5,454.51,0.0006,focal,/data1/deasy/Himangi/breast_feature_extraction/Lobular_outputs/TCGA-LL-A6FP-01/necrosis_feature_wsi_summary.csv,TCGA-LL-A6FP,Alive,,,0.0,0.0,,,,matched
TCGA-LQ-A4E4-01Z-00-DX1.CF422C39-614F-4F14-813B-95BB7B171977,TCGA-LQ-A4E4-01,TCGA-LQ-A4E4,46,634.62,226.58,0.0001,focal,/data1/deasy/Himangi/breast_feature_extraction/Lobular_outputs/TCGA-LQ-A4E4-01/necrosis_feature_wsi_summary.csv,TCGA-LQ-A4E4,Alive,,,849.0,0.0,,,,matched
TCGA-OK-A5Q2-01Z-00-DX1.0D169898-37C6-44CA-AC87-27887123AA6F,TCGA-OK-A5Q2-01,TCGA-OK-A5Q2,58,35648.37,10442.78,0.0051,focal,/data1/deasy/Himangi/breast_feature_extraction/Lobular_outputs/TCGA-OK-A5Q2-01/TCGA-OK-A5Q2-01Z-00-DX1.0D169898-37C6-44CA-AC87-27887123AA6F__necrosis_feature_wsi_summary.csv,TCGA-OK-A5Q2,Alive,,,64.0,0.0,,,,matched
TCGA-OK-A5Q2-01Z-00-DX2.C828A160-87DF-4625-A8C5-2057F61D54F4,TCGA-OK-A5Q2-01,TCGA-OK-A5Q2,56,28085.03,10081.64,0.0041,focal,/data1/deasy/Himangi/breast_feature_extraction/Lobular_outputs/TCGA-OK-A5Q2-01/TCGA-OK-A5Q2-01Z-00-DX2.C828A160-87DF-4625-A8C5-2057F61D54F4__necrosis_feature_wsi_summary.csv,TCGA-OK-A5Q2,Alive,,,64.0,0.0,,,,matched
TCGA-OK-A5Q2-01Z-00-DX3.5F9215C3-E407-46F8-968E-503D7D14605C,TCGA-OK-A5Q2-01,TCGA-OK-A5Q2,128,316178.73,63279.29,0.0195,focal,/data1/deasy/Himangi/breast_feature_extraction/Lobular_outputs/TCGA-OK-A5Q2-01/TCGA-OK-A5Q2-01Z-00-DX3.5F9215C3-E407-46F8-968E-503D7D14605C__necrosis_feature_wsi_summary.csv,TCGA-OK-A5Q2,Alive,,,64.0,0.0,,,,matched
TCGA-OK-A5Q2-01Z-00-DX4.83B45D6C-E350-4436-812F-4155D9F7D331,TCGA-OK-A5Q2-01,TCGA-OK-A5Q2,65,223091.58,48564.89,0.0283,focal,/data1/deasy/Himangi/breast_feature_extraction/Lobular_outputs/TCGA-OK-A5Q2-01/TCGA-OK-A5Q2-01Z-00-DX4.83B45D6C-E350-4436-812F-4155D9F7D331__necrosis_feature_wsi_summary.csv,TCGA-OK-A5Q2,Alive,,,64.0,0.0,,,,matched
TCGA-OL-A5DA-01Z-00-DX1.1B1E9CC4-7B42-43BB-A1D7-A26F1D1F8557,TCGA-OL-A5DA-01,TCGA-OL-A5DA,20,0.0,0.0,0.0,absent,/data1/deasy/Himangi/breast_feature_extraction/Lobular_outputs/TCGA-OL-A5DA-01/necrosis_feature_wsi_summary.csv,TCGA-OL-A5DA,Alive,,,1783.0,0.0,,,,matched
TCGA-OL-A66J-01Z-00-DX1.661F7F70-E4D4-4875-B8C4-556F7927F3BA,TCGA-OL-A66J-01,TCGA-OL-A66J,26,5754.12,593.14,0.0022,focal,/data1/deasy/Himangi/breast_feature_extraction/Lobular_outputs/TCGA-OL-A66J-01/necrosis_feature_wsi_summary.csv,TCGA-OL-A66J,Alive,,,1996.0,0.0,,,,matched
TCGA-OL-A66K-01Z-00-DX1.C1DC85F1-4FAE-4411-9886-11DCB5E70CC3,TCGA-OL-A66K-01,TCGA-OL-A66K,106,531.69,262.23,0.0001,focal,/data1/deasy/Himangi/breast_feature_extraction/Lobular_outputs/TCGA-OL-A66K-01/necrosis_feature_wsi_summary.csv,TCGA-OL-A66K,Dead,1275.0,,1275.0,1.0,1275.0,41.889117043121146,3.490759753593429,matched
TCGA-OL-A66N-01Z-00-DX1.ABDA3014-7B3A-4D48-A415-CB9608491ECB,TCGA-OL-A66N-01,TCGA-OL-A66N,19,0.0,0.0,0.0,absent,/data1/deasy/Himangi/breast_feature_extraction/Lobular_outputs/TCGA-OL-A66N-01/necrosis_feature_wsi_summary.csv,TCGA-OL-A66N,Alive,,,792.0,0.0,,,,matched
TCGA-OL-A6VQ-01Z-00-DX1.E3B81163-0239-47C3-B53F-064405B58685,TCGA-OL-A6VQ-01,TCGA-OL-A6VQ,3,80000.0,1600.0,0.2287,present,/data1/deasy/Himangi/breast_feature_extraction/Lobular_outputs/TCGA-OL-A6VQ-01/necrosis_feature_wsi_summary.csv,TCGA-OL-A6VQ,Alive,,,600.0,0.0,,,,matched
TCGA-PE-A5DC-01Z-00-DX1.8E6953AD-C14A-43F5-B062-E31AB13C7BDF,TCGA-PE-A5DC-01,TCGA-PE-A5DC,4,0.0,0.0,0.0,absent,/data1/deasy/Himangi/breast_feature_extraction/Lobular_outputs/TCGA-PE-A5DC-01/necrosis_feature_wsi_summary.csv,TCGA-PE-A5DC,Dead,1430.0,,1430.0,1.0,1430.0,46.98151950718686,3.915126625598905,matched
TCGA-PE-A5DD-01Z-00-DX1.E1EF11EC-B87B-49DE-A544-2E162F9AE789,TCGA-PE-A5DD-01,TCGA-PE-A5DD,2,0.0,0.0,0.0,absent,/data1/deasy/Himangi/breast_feature_extraction/Lobular_outputs/TCGA-PE-A5DD-01/necrosis_feature_wsi_summary.csv,TCGA-PE-A5DD,Alive,,,1953.0,0.0,,,,matched
TCGA-PE-A5DE-01Z-00-DX1.88B354F2-5485-44AA-A057-89E40B988F69,TCGA-PE-A5DE-01,TCGA-PE-A5DE,2,2497.5,902.15,0.0127,focal,/data1/deasy/Himangi/breast_feature_extraction/Lobular_outputs/TCGA-PE-A5DE-01/necrosis_feature_wsi_summary.csv,TCGA-PE-A5DE,Alive,,,2645.0,0.0,,,,matched
TCGA-W8-A86G-01Z-00-DX2.DEC2CC1C-3662-43C6-A5CB-EC94B343FA3D,TCGA-W8-A86G-01,TCGA-W8-A86G,27,21805.68,5342.65,0.0061,focal,/data1/deasy/Himangi/breast_feature_extraction/Lobular_outputs/TCGA-W8-A86G-01/necrosis_feature_wsi_summary.csv,TCGA-W8-A86G,Alive,,,347.0,0.0,,,,matched
TCGA-WT-AB44-01Z-00-DX1.B6ECEA7C-DA26-4B34-88CE-6834631DFA35,TCGA-WT-AB44-01,TCGA-WT-AB44,6,0.0,0.0,0.0,absent,/data1/deasy/Himangi/breast_feature_extraction/Lobular_outputs/TCGA-WT-AB44-01/necrosis_feature_wsi_summary.csv,TCGA-WT-AB44,Alive,,,883.0,0.0,,,,matched
TCGA-XX-A899-01Z-00-DX1.08FE27B7-73B8-4CE3-ACF4-0689C81C140B,TCGA-XX-A899-01,TCGA-XX-A899,17,0.0,0.0,0.0,absent,/data1/deasy/Himangi/breast_feature_extraction/Lobular_outputs/TCGA-XX-A899-01/necrosis_feature_wsi_summary.csv,TCGA-XX-A899,Alive,,,467.0,0.0,,,,matched
TCGA-XX-A89A-01Z-00-DX1.671E2AD6-4D1A-4579-88C1-5B0B15818126,TCGA-XX-A89A-01,TCGA-XX-A89A,55,0.0,0.0,0.0,absent,/data1/deasy/Himangi/breast_feature_extraction/Lobular_outputs/TCGA-XX-A89A-01/necrosis_feature_wsi_summary.csv,TCGA-XX-A89A,Alive,,,488.0,0.0,,,,matched
TCGA-Z7-A8R5-01Z-00-DX1.3BDB407F-514C-4131-B058-FA1E69154276,TCGA-Z7-A8R5-01,TCGA-Z7-A8R5,31,8097.81,2279.36,0.0019,focal,/data1/deasy/Himangi/breast_feature_extraction/Lobular_outputs/TCGA-Z7-A8R5-01/necrosis_feature_wsi_summary.csv,TCGA-Z7-A8R5,Alive,,,3287.0,0.0,,,,matched
