wsi_name,sample_id,subject_id,WSI_tumor_stroma_ratio,WSI_TSR_category,WSI_sTIL_pct,WSI_neighborhood_sTIL_pct,WSI_neighborhood_intratumoral_TIL_pct,WSI_tumor_pct_TS_compartment,WSI_stroma_pct_TS_compartment,n_clusters_input,n_clusters_scored,n_clusters_sTIL_reliable,n_til_neighborhoods,n_master_rois,n_foci,n_intertumor_edges,WSI_TSR_stroma_fraction,WSI_TSR_compartment_stroma_fraction,WSI_sTILs_pct_stromal_occupancy,WSI_iTILs_pct_computational,WSI_inter_tumor_sTILs_pct,mean_master_tissue_fraction,total_master_area_mm2,source_file,tcga_case_id,vital_status,days_to_death,diagnosis_days_to_last_follow_up,followup_days_to_follow_up,OS_event,OS_days,OS_months,OS_years,survival_match
TCGA-4H-AAAK-01Z-00-DX1.ABF1B042-1970-4E28-8671-43AAD393D2F9,TCGA-4H-AAAK-01,TCGA-4H-AAAK,0.2732032639193424,stroma-high,3.2966927083534094,3.2966927083534094,6.544148947621589,21.457945613360433,78.54205438663956,55,9,9,9,9,55,69,0.7854205438663957,0.7793663273841702,3.2966927083534094,6.544148947621589,0.6187423854658466,0.9795548746599378,69.046884,/data1/deasy/Himangi/breast_feature_extraction/Lobular_outputs/TCGA-4H-AAAK-01/tils_tsr_wsi_summary.csv,TCGA-4H-AAAK,Alive,,,348.0,0.0,,,,matched
TCGA-5L-AAT0-01Z-00-DX1.5E171263-30BF-4C6B-88A1-E8EA0522A861,TCGA-5L-AAT0-01,TCGA-5L-AAT0,0.4762692899014242,stroma-high,1.9735907544082536,1.9735907544082536,6.280739009991386,32.261681060453846,67.73831893954616,13,9,9,9,9,13,5,0.6773831893954616,0.6671445390230808,1.9735907544082536,6.280739009991386,0.28405459096711444,0.8321681331587129,12.505815,/data1/deasy/Himangi/breast_feature_extraction/Lobular_outputs/TCGA-5L-AAT0-01/tils_tsr_wsi_summary.csv,TCGA-5L-AAT0,Alive,,,1477.0,0.0,,,,matched
TCGA-A2-A0CO-01Z-00-DX1.B191DADE-7DEA-4575-AED7-1C52BE15B8D5,TCGA-A2-A0CO-01,TCGA-A2-A0CO,0.4190083936945403,stroma-high,1.0943199077081234,1.0943199077081234,1.5676301723128765,29.528253360334755,70.47174663966526,50,12,12,12,12,50,62,0.7047174663966526,0.7030908646616798,1.0943199077081234,1.5676301723128765,0.30297303921853547,0.9437236071297059,65.22515043749999,/data1/deasy/Himangi/breast_feature_extraction/Lobular_outputs/TCGA-A2-A0CO-01/tils_tsr_wsi_summary.csv,TCGA-A2-A0CO,Dead,1468.0,,1468.0,1.0,1468.0,48.2299794661191,4.0191649555099245,matched
TCGA-A2-A0CR-01Z-00-DX1.F7D36CA5-A4C6-443A-AEED-5B23CD924FA3,TCGA-A2-A0CR-01,TCGA-A2-A0CR,0.2385607439340689,stroma-high,4.890148353390368,4.890148353390368,2.2848610406855783,19.261125875532187,80.73887412446781,93,15,15,15,15,93,137,0.8073887412446782,0.8100181294101956,4.890148353390368,2.2848610406855783,5.284082264286875,0.8995881613233777,93.22030799999999,/data1/deasy/Himangi/breast_feature_extraction/Lobular_outputs/TCGA-A2-A0CR-01/tils_tsr_wsi_summary.csv,TCGA-A2-A0CR,Alive,,,3283.0,0.0,,,,matched
TCGA-A2-A0EN-01Z-00-DX1.F43A5D17-9267-4963-993A-93AC91BDC031,TCGA-A2-A0EN-01,TCGA-A2-A0EN,0.23956671525183387,stroma-high,3.9398685504085513,3.9398685504085513,5.282968483510499,19.32664957070607,80.67335042929393,45,12,12,12,12,45,57,0.8067335042929393,0.8045391041835162,3.9398685504085513,5.282968483510499,2.047421426467554,0.974500592958929,31.564967999999997,/data1/deasy/Himangi/breast_feature_extraction/Lobular_outputs/TCGA-A2-A0EN-01/tils_tsr_wsi_summary.csv,TCGA-A2-A0EN,Alive,,,4088.0,0.0,,,,matched
TCGA-A2-A0EP-01Z-00-DX1.1180C406-5C18-4373-8621-1B7B70875113,TCGA-A2-A0EP-01,TCGA-A2-A0EP,0.20813794495542404,stroma-high,1.6034295075112985,1.6034295075112985,3.8615867485378796,17.22799501700144,82.77200498299857,17,7,7,7,7,17,12,0.8277200498299857,0.8246623323924869,1.6034295075112985,3.8615867485378796,0.845465130179195,0.8617943454820166,9.110196,/data1/deasy/Himangi/breast_feature_extraction/Lobular_outputs/TCGA-A2-A0EP-01/tils_tsr_wsi_summary.csv,TCGA-A2-A0EP,Alive,,,3603.0,0.0,,,,matched
TCGA-A2-A0ES-01Z-00-DX1.5652EE30-48C1-4EC1-AD77-8C72DFCB9A97,TCGA-A2-A0ES-01,TCGA-A2-A0ES,0.41477790992868796,stroma-high,6.257764657633913,6.257764657633913,1.917312431249316,29.317528003359545,70.68247199664046,55,7,7,7,7,55,65,0.7068247199664046,0.7106073676204357,6.257764657633913,1.917312431249316,7.5356076758906525,0.9765379163620579,117.89979806250001,/data1/deasy/Himangi/breast_feature_extraction/Lobular_outputs/TCGA-A2-A0ES-01/tils_tsr_wsi_summary.csv,TCGA-A2-A0ES,Alive,,,2190.0,0.0,,,,matched
TCGA-A2-A0EW-01Z-00-DX1.F24495CB-63D8-483F-9834-F761E3F16BF0,TCGA-A2-A0EW-01,TCGA-A2-A0EW,0.6790905647128609,stroma-high,2.2695481964213875,2.2695481964213875,0.9488713850816628,40.443950968719264,59.556049031280736,27,2,2,2,2,27,37,0.5955604903128073,0.5961885803708109,2.2695481964213875,0.9488713850816628,0.5582277054443652,0.9911975915848655,73.2299985,/data1/deasy/Himangi/breast_feature_extraction/Lobular_outputs/TCGA-A2-A0EW-01/tils_tsr_wsi_summary.csv,TCGA-A2-A0EW,Dead,1884.0,,1884.0,1.0,1884.0,61.89733059548254,5.158110882956879,matched
TCGA-A2-A0EX-01Z-00-DX1.F4C293E9-9BB2-48A1-8080-5F3082E219C5,TCGA-A2-A0EX-01,TCGA-A2-A0EX,0.2556447475126636,stroma-high,5.27171836050835,5.27171836050835,2.4946324328151985,20.35963978020665,79.64036021979335,37,7,7,7,7,37,40,0.7964036021979335,0.7994145656329847,5.27171836050835,2.4946324328151985,7.381947734523521,0.9981828739090919,35.315498625,/data1/deasy/Himangi/breast_feature_extraction/Lobular_outputs/TCGA-A2-A0EX-01/tils_tsr_wsi_summary.csv,TCGA-A2-A0EX,Alive,,,752.0,0.0,,,,matched
TCGA-A2-A0SY-01Z-00-DX1.279A5479-E183-4F79-AF40-50BF1834BA4A,TCGA-A2-A0SY-01,TCGA-A2-A0SY,0.4397998182448255,stroma-high,1.550224084495502,1.550224084495502,0.8821486628803292,30.545900386413393,69.4540996135866,66,19,19,19,19,66,71,0.6945409961358661,0.6948191258683624,1.550224084495502,0.8821486628803292,0.2639583001177787,0.9720889498857266,130.971633,/data1/deasy/Himangi/breast_feature_extraction/Lobular_outputs/TCGA-A2-A0SY-01/tils_tsr_wsi_summary.csv,TCGA-A2-A0SY,Alive,,,1347.0,0.0,,,,matched
TCGA-A2-A0T4-01Z-00-DX1.AC61ED08-2E42-4D4A-BB81-746D3FEBB653,TCGA-A2-A0T4-01,TCGA-A2-A0T4,0.40876776623673045,stroma-high,1.0772859053705799,1.0772859053705799,1.8870267673458416,29.01597949878424,70.98402050121575,36,5,5,5,5,36,48,0.7098402050121575,0.7078543925096825,1.0772859053705799,1.8870267673458416,1.5245573795909146,0.9810829057809553,42.58461500000001,/data1/deasy/Himangi/breast_feature_extraction/Lobular_outputs/TCGA-A2-A0T4-01/tils_tsr_wsi_summary.csv,TCGA-A2-A0T4,Alive,,,624.0,0.0,,,,matched
TCGA-A2-A0YD-01Z-00-DX1.B81FF541-F154-4C49-950B-B6CB723369E2,TCGA-A2-A0YD-01,TCGA-A2-A0YD,0.5025299573974351,stroma-high,6.199695403453796,6.199695403453796,5.449511722418446,33.44558655375352,66.55441344624647,83,10,10,10,10,83,116,0.6655441344624647,0.6623119303891684,6.199695403453796,5.449511722418446,7.2655712039662115,0.9737311136093716,165.49180425000003,/data1/deasy/Himangi/breast_feature_extraction/Lobular_outputs/TCGA-A2-A0YD-01/tils_tsr_wsi_summary.csv,TCGA-A2-A0YD,Alive,,,769.0,0.0,,,,matched
TCGA-A2-A0YK-01Z-00-DX1.FB23FC30-B3B2-452A-A6B0-94129B333207,TCGA-A2-A0YK-01,TCGA-A2-A0YK,0.24976617423624803,stroma-high,0.7089693381854804,0.7089693381854804,0.6251686321795098,19.985032351262355,80.01496764873764,33,10,10,10,10,33,32,0.8001496764873764,0.8001399993908545,0.7089693381854804,0.6251686321795098,0.15386451885543484,0.9738479260360899,25.475647499999997,/data1/deasy/Himangi/breast_feature_extraction/Lobular_outputs/TCGA-A2-A0YK-01/tils_tsr_wsi_summary.csv,TCGA-A2-A0YK,Alive,,,588.0,0.0,,,,matched
TCGA-A2-A0YL-01Z-00-DX1.69A438C7-B1E0-4990-B1E6-586C551DC79C,TCGA-A2-A0YL-01,TCGA-A2-A0YL,0.47415537470408514,stroma-high,0.7352785774831939,0.7352785774831939,0.35732075427339766,32.1645453959875,67.8354546040125,61,5,5,5,5,61,96,0.6783545460401249,0.6786717345552796,0.7352785774831939,0.35732075427339766,0.9672411950736686,0.9605826467646568,93.64798068750001,/data1/deasy/Himangi/breast_feature_extraction/Lobular_outputs/TCGA-A2-A0YL-01/tils_tsr_wsi_summary.csv,TCGA-A2-A0YL,Alive,,,1474.0,0.0,,,,matched
TCGA-A2-A1FV-01Z-00-DX1.F70ACD9A-7819-4296-BD28-4D24BBA8AFF4,TCGA-A2-A1FV-01,TCGA-A2-A1FV,1.3213203543453198,stroma-low,2.3328733096290826,2.3328733096290826,1.6673404774427816,56.921068730212845,43.078931269787155,32,10,10,10,10,32,26,0.4307893126978716,0.42995990395075434,2.3328733096290826,1.6673404774427816,1.1929635926517796,0.9458873001477072,160.96601399999997,/data1/deasy/Himangi/breast_feature_extraction/Lobular_outputs/TCGA-A2-A1FV-01/tils_tsr_wsi_summary.csv,TCGA-A2-A1FV,Alive,,,714.0,0.0,,,,matched
TCGA-A2-A25A-01Z-00-DX1.6D311E39-9F96-4775-B9DA-8D034D1AD1DC,TCGA-A2-A25A-01,TCGA-A2-A25A,0.28453909338768907,stroma-high,3.494836454917638,3.494836454917638,7.739944713047457,22.151065300572508,77.84893469942749,126,6,6,6,6,126,210,0.7784893469942749,0.7706766462055248,3.494836454917638,7.739944713047457,2.388362494071335,0.9511211697397813,134.6195125,/data1/deasy/Himangi/breast_feature_extraction/Lobular_outputs/TCGA-A2-A25A-01/tils_tsr_wsi_summary.csv,TCGA-A2-A25A,Alive,,,3276.0,0.0,,,,matched
TCGA-A2-A25D-01Z-00-DX1.41DADDB8-3E3F-4F8F-8BE7-C43F8FBCFD2B,TCGA-A2-A25D-01,TCGA-A2-A25D,0.7739713761121852,stroma-high,13.515598559389863,13.515598559389863,7.821487422448207,43.62930465137559,56.3706953486244,60,5,5,5,5,60,72,0.563706953486244,0.5676350729996974,13.515598559389863,7.821487422448207,11.396458866869242,0.9317882441346678,150.928441,/data1/deasy/Himangi/breast_feature_extraction/Lobular_outputs/TCGA-A2-A25D-01/tils_tsr_wsi_summary.csv,TCGA-A2-A25D,Alive,,,0.0,0.0,,,,matched
TCGA-A2-A3KC-01Z-00-DX1.2532878B-49E2-48D5-82D5-00730C90EEF8,TCGA-A2-A3KC-01,TCGA-A2-A3KC,0.5543404324076258,stroma-high,2.187992739830924,2.187992739830924,1.4355574659180195,35.664029632747145,64.33597036725286,33,10,10,10,10,33,29,0.6433597036725286,0.6433209842296554,2.187992739830924,1.4355574659180195,1.0119330907323139,0.8914903355786874,78.72976799999999,/data1/deasy/Himangi/breast_feature_extraction/Lobular_outputs/TCGA-A2-A3KC-01/tils_tsr_wsi_summary.csv,TCGA-A2-A3KC,Alive,,,1102.0,0.0,,,,matched
TCGA-A2-A4RY-01Z-00-DX1.143E32FC-E10F-4590-9C72-32094B24EF8C,TCGA-A2-A4RY-01,TCGA-A2-A4RY,0.5499365198924494,stroma-high,0.8676973776809659,0.8676973776809659,0.16353257115992256,35.481228607389006,64.51877139261099,19,7,7,7,7,19,14,0.6451877139261099,0.6458941000743883,0.8676973776809659,0.16353257115992256,0.33505335589228474,0.9993745311490658,49.918718750000004,/data1/deasy/Himangi/breast_feature_extraction/Lobular_outputs/TCGA-A2-A4RY-01/tils_tsr_wsi_summary.csv,TCGA-A2-A4RY,Alive,,,648.0,0.0,,,,matched
TCGA-A7-A13H-01Z-00-DX1.FCB33A3C-6209-474C-83C1-02551F242937,TCGA-A7-A13H-01,TCGA-A7-A13H,0.10027826868919068,stroma-high,0.6981843259310718,0.6981843259310718,0.42562622949612355,9.113900687019525,90.88609931298048,1,1,1,1,1,1,0,0.9088609931298047,0.9090906527819869,0.6981843259310718,0.42562622949612355,,1.0000000003315306,0.29629175,/data1/deasy/Himangi/breast_feature_extraction/Lobular_outputs/TCGA-A7-A13H-01/TCGA-A7-A13H-01Z-00-DX1.FCB33A3C-6209-474C-83C1-02551F242937__tils_tsr_wsi_summary.csv,TCGA-A7-A13H,Alive,,,899.0,0.0,,,,matched
TCGA-A7-A13H-01Z-00-DX2.6C937651-4D3E-475D-99F6-4A9FD25CD48B,TCGA-A7-A13H-01,TCGA-A7-A13H,0.4514886334242658,stroma-high,4.955660350277231,4.955660350277231,7.148526996477835,31.105213160308438,68.89478683969156,25,11,11,11,11,25,18,0.6889478683969157,0.6827094743948383,4.955660350277231,7.148526996477835,0.3034392922975497,0.7648091801726286,20.5858355,/data1/deasy/Himangi/breast_feature_extraction/Lobular_outputs/TCGA-A7-A13H-01/TCGA-A7-A13H-01Z-00-DX2.6C937651-4D3E-475D-99F6-4A9FD25CD48B__tils_tsr_wsi_summary.csv,TCGA-A7-A13H,Alive,,,899.0,0.0,,,,matched
TCGA-A7-A26E-01Z-00-DX1.BA4A7E28-0563-4C23-82D0-AB34A2E79AE3,TCGA-A7-A26E-01,TCGA-A7-A26E,0.5197901511629907,stroma-high,0.10390567020965195,0.10390567020965195,0.013002245661771349,34.20144226919954,65.79855773080047,15,6,6,6,6,15,13,0.6579855773080047,0.6580756966751625,0.10390567020965195,0.013002245661771349,0.0,0.9764771940081007,66.884022,/data1/deasy/Himangi/breast_feature_extraction/Lobular_outputs/TCGA-A7-A26E-01/tils_tsr_wsi_summary.csv,TCGA-A7-A26E,Alive,,,954.0,0.0,,,,matched
TCGA-A7-A3IZ-01Z-00-DX1.7437130B-DF49-40C8-ABCD-FF9364B9B1B0,TCGA-A7-A3IZ-01,TCGA-A7-A3IZ,0.4028241966764932,stroma-high,9.373440018549118,9.373440018549118,11.616790768411754,28.71523015006769,71.28476984993232,12,1,1,1,1,12,19,0.7128476984993232,0.7051488343853802,9.373440018549118,11.616790768411754,7.735001398994271,0.9780000000721429,12.996,/data1/deasy/Himangi/breast_feature_extraction/Lobular_outputs/TCGA-A7-A3IZ-01/tils_tsr_wsi_summary.csv,TCGA-A7-A3IZ,Alive,,,322.0,0.0,,,,matched
TCGA-A7-A3J1-01Z-00-DX1.92895B92-5F95-4EA3-9237-4CAF63CDE3FF,TCGA-A7-A3J1-01,TCGA-A7-A3J1,0.3314281398585384,stroma-high,2.964513899163706,2.964513899163706,5.2315012060888035,24.892679517330315,75.10732048266968,25,7,7,7,7,25,29,0.7510732048266968,0.7465108939343011,2.964513899163706,5.2315012060888035,0.5321783040844987,0.9030011592451794,27.681480000000004,/data1/deasy/Himangi/breast_feature_extraction/Lobular_outputs/TCGA-A7-A3J1-01/tils_tsr_wsi_summary.csv,TCGA-A7-A3J1,Alive,,,343.0,0.0,,,,matched
TCGA-A7-A425-01Z-00-DX1.812A94B1-0403-4298-A6C5-F71AFD3A9995,TCGA-A7-A425-01,TCGA-A7-A425,0.1552620604243379,stroma-high,5.610551750867203,5.610551750867203,24.548260378901617,13.439553305101077,86.56044669489893,1,1,1,1,1,1,0,0.8656044669489893,0.8413118702905541,5.610551750867203,24.548260378901617,,1.0000000018970299,0.39934975,/data1/deasy/Himangi/breast_feature_extraction/Lobular_outputs/TCGA-A7-A425-01/tils_tsr_wsi_summary.csv,TCGA-A7-A425,Alive,,,447.0,0.0,,,,matched
TCGA-A7-A426-01Z-00-DX1.3058E873-9442-4872-80DA-E8A5B35054D2,TCGA-A7-A426-01,TCGA-A7-A426,0.21754720735772765,stroma-high,1.92410994680103,1.92410994680103,5.502478356076441,17.867660986208485,82.13233901379151,32,6,6,6,6,32,42,0.8213233901379151,0.8171226131342392,1.92410994680103,5.502478356076441,2.8976019243907256,0.9995579140206071,25.8417935,/data1/deasy/Himangi/breast_feature_extraction/Lobular_outputs/TCGA-A7-A426-01/tils_tsr_wsi_summary.csv,TCGA-A7-A426,Alive,,,364.0,0.0,,,,matched
TCGA-A7-A4SB-01Z-00-DX1.E8925605-5189-441E-A719-92CFC1118B0B,TCGA-A7-A4SB-01,TCGA-A7-A4SB,0.36999177649574616,stroma-high,0.012973887368514276,0.012973887368514276,0.03781207045431728,27.00686112453427,72.99313887546572,9,7,7,7,7,9,2,0.7299313887546572,0.7298791609137538,0.012973887368514276,0.03781207045431728,0.20645104096558972,0.896767420453986,18.744892,/data1/deasy/Himangi/breast_feature_extraction/Lobular_outputs/TCGA-A7-A4SB-01/tils_tsr_wsi_summary.csv,TCGA-A7-A4SB,Alive,,,418.0,0.0,,,,matched
TCGA-A7-A5ZX-01Z-00-DX1.A4C651F0-DB8E-4534-84A2-AD875F62209F,TCGA-A7-A5ZX-01,TCGA-A7-A5ZX,0.4609627050496464,stroma-high,2.363320185370622,2.363320185370622,1.894841827269993,31.551983049011646,68.44801695098836,8,4,4,4,4,8,4,0.6844801695098837,0.6836391653214088,2.363320185370622,1.894841827269993,2.4180835587827043,0.9570089640592001,29.075238249999998,/data1/deasy/Himangi/breast_feature_extraction/Lobular_outputs/TCGA-A7-A5ZX-01/TCGA-A7-A5ZX-01Z-00-DX1.A4C651F0-DB8E-4534-84A2-AD875F62209F__tils_tsr_wsi_summary.csv,TCGA-A7-A5ZX,Alive,,,336.0,0.0,,,,matched
TCGA-A8-A09T-01Z-00-DX1.4183BBA4-AF11-4602-9EC2-35083C34A393,TCGA-A8-A09T-01,TCGA-A8-A09T,0.6740137731741409,stroma-high,4.800695554620599,4.800695554620599,1.01560549073514,40.2633349841636,59.73666501583641,2,2,2,2,2,2,0,0.5973666501583641,0.5978827354469555,4.800695554620599,1.01560549073514,,0.8810952605894141,30.652247749999997,/data1/deasy/Himangi/breast_feature_extraction/Lobular_outputs/TCGA-A8-A09T-01/tils_tsr_wsi_summary.csv,TCGA-A8-A09T,Alive,,,579.0,0.0,,,,matched
TCGA-A8-A09W-01Z-00-DX1.BF33B0F9-5786-4682-B59E-DCBD33D7BB03,TCGA-A8-A09W-01,TCGA-A8-A09W,0.5643092059529056,stroma-high,0.07009878784436911,0.07009878784436911,0.04924730384930458,36.0740193694094,63.925980630590594,9,2,2,2,2,9,10,0.639259806305906,0.6392371670087347,0.07009878784436911,0.04924730384930458,0.0,0.9937959561872094,32.351116999999995,/data1/deasy/Himangi/breast_feature_extraction/Lobular_outputs/TCGA-A8-A09W-01/tils_tsr_wsi_summary.csv,TCGA-A8-A09W,Alive,,,30.0,0.0,,,,matched
TCGA-A8-A09Z-01Z-00-DX1.D56497BE-5099-4537-9600-60F3213F7BF5,TCGA-A8-A09Z-01,TCGA-A8-A09Z,14.488806890670098,stroma-low,48.84437989013988,48.84437989013988,4.605942234777574,93.54372478746336,6.456275212536636,1,1,1,1,1,1,0,0.06456275212536636,0.0855284935328046,48.84437989013988,4.605942234777574,,0.9691011236458931,103.38418,/data1/deasy/Himangi/breast_feature_extraction/Lobular_outputs/TCGA-A8-A09Z-01/tils_tsr_wsi_summary.csv,TCGA-A8-A09Z,Alive,,,0.0,0.0,,,,matched
TCGA-A8-A0A4-01Z-00-DX1.06C38F98-F34B-49F0-AFB5-7F0086188346,TCGA-A8-A0A4-01,TCGA-A8-A0A4,0.22672100431245149,stroma-high,0.12680179138224876,0.12680179138224876,0.35748759652938944,18.481871877585018,81.51812812241498,7,2,2,2,2,7,7,0.8151812812241498,0.8148725587502003,0.12680179138224876,0.35748759652938944,0.6344232300412245,0.9677810075132431,7.724773,/data1/deasy/Himangi/breast_feature_extraction/Lobular_outputs/TCGA-A8-A0A4-01/tils_tsr_wsi_summary.csv,TCGA-A8-A0A4,Alive,,,396.0,0.0,,,,matched
TCGA-A8-A0A7-01Z-00-DX1.A0FD4EEF-B536-47C1-BDA1-7AC71BA3E978,TCGA-A8-A0A7-01,TCGA-A8-A0A7,0.5053921512053319,stroma-high,8.10630292460155,8.10630292460155,9.236560108707636,33.57212609356814,66.42787390643187,10,2,2,2,2,10,9,0.6642787390643187,0.6544745811014218,8.10630292460155,9.236560108707636,11.672930658843221,0.9877329711165808,29.51966825,/data1/deasy/Himangi/breast_feature_extraction/Lobular_outputs/TCGA-A8-A0A7-01/tils_tsr_wsi_summary.csv,TCGA-A8-A0A7,Alive,,,30.0,0.0,,,,matched
TCGA-A8-A0AB-01Z-00-DX1.103ED338-A0F9-403B-A10C-49840BD60EB8,TCGA-A8-A0AB-01,TCGA-A8-A0AB,0.8115511408189834,stroma-high,0.015444603866076058,0.015444603866076058,0.0849559353240151,44.7986878500206,55.20131214997941,5,1,1,1,1,5,4,0.5520131214997941,0.5518266528608331,0.015444603866076058,0.0849559353240151,0.0,0.9727891156292952,17.075814,/data1/deasy/Himangi/breast_feature_extraction/Lobular_outputs/TCGA-A8-A0AB-01/tils_tsr_wsi_summary.csv,TCGA-A8-A0AB,Alive,,,518.0,0.0,,,,matched
TCGA-AC-A23G-01Z-00-DX1.2F0326F7-6B77-4B3F-B4FA-59ADB785AA07,TCGA-AC-A23G-01,TCGA-AC-A23G,0.21524046872192337,stroma-high,0.3983762790062992,0.3983762790062992,0.00994981038631691,17.71175946340013,82.28824053659987,7,1,1,1,1,7,8,0.8228824053659988,0.8233210790010274,0.3983762790062992,0.00994981038631691,0.9018954834048604,0.993865030686324,4.236696,/data1/deasy/Himangi/breast_feature_extraction/Lobular_outputs/TCGA-AC-A23G-01/tils_tsr_wsi_summary.csv,TCGA-AC-A23G,Alive,,,2248.0,0.0,,,,matched
TCGA-AC-A2B8-01Z-00-DX1.14F3A9B2-1382-436A-B53C-92FC8495AD48,TCGA-AC-A2B8-01,TCGA-AC-A2B8,0.3087675544146311,stroma-high,0.5986627577111371,0.5986627577111371,0.3355015213636203,23.592237855616208,76.40776214438378,37,7,7,7,7,37,50,0.7640776214438378,0.7643228501167397,0.5986627577111371,0.3355015213636203,0.4206724043126866,0.9555805011072799,37.587976562499996,/data1/deasy/Himangi/breast_feature_extraction/Lobular_outputs/TCGA-AC-A2B8-01/tils_tsr_wsi_summary.csv,TCGA-AC-A2B8,Alive,,,677.0,0.0,,,,matched
TCGA-AC-A2FB-01Z-00-DX1.A4D93E32-BBD7-45E4-8ACF-3724B059ECBC,TCGA-AC-A2FB-01,TCGA-AC-A2FB,0.4208016402618569,stroma-high,14.414133348211974,14.414133348211974,15.961135228703375,29.617198371498375,70.38280162850162,18,5,5,5,5,18,20,0.7038280162850162,0.696309517405065,14.414133348211974,15.961135228703375,10.193140507832497,0.9950412010999894,15.598386000000001,/data1/deasy/Himangi/breast_feature_extraction/Lobular_outputs/TCGA-AC-A2FB-01/tils_tsr_wsi_summary.csv,TCGA-AC-A2FB,Alive,,,1234.0,0.0,,,,matched
TCGA-AC-A2FE-01Z-00-DX1.C036AE58-3C0D-4DBF-B658-296D03FD6701,TCGA-AC-A2FE-01,TCGA-AC-A2FE,0.19479975394580223,stroma-high,2.9811781038842113,2.9811781038842113,4.405541492994994,16.303966694207958,83.69603330579204,1,1,1,1,1,1,0,0.8369603330579204,0.8362178147354432,2.9811781038842113,4.405541492994994,,0.9523809531764571,0.272916,/data1/deasy/Himangi/breast_feature_extraction/Lobular_outputs/TCGA-AC-A2FE-01/tils_tsr_wsi_summary.csv,TCGA-AC-A2FE,Dead,2636.0,,2636.0,1.0,2636.0,86.60369609856262,7.216974674880219,matched
TCGA-AC-A2FG-01Z-00-DX1.0F13DE40-9F7A-42C6-AB3D-02E8521B690A,TCGA-AC-A2FG-01,TCGA-AC-A2FG,0.24559897655612972,stroma-high,0.5604423343851689,0.5604423343851689,0.11117595510680217,19.71733930250724,80.28266069749276,6,1,1,1,1,6,6,0.8028266069749276,0.8033229057155276,0.5604423343851689,0.11117595510680217,0.0,0.9913294806421588,4.263066,/data1/deasy/Himangi/breast_feature_extraction/Lobular_outputs/TCGA-AC-A2FG-01/tils_tsr_wsi_summary.csv,TCGA-AC-A2FG,Alive,,,1853.0,0.0,,,,matched
TCGA-AC-A2FK-01Z-00-DX1.033F3C27-9860-4EF3-9330-37DE5EC45724,TCGA-AC-A2FK-01,TCGA-AC-A2FK,0.6273316706073264,stroma-high,1.2682134607324709,1.2682134607324709,0.3871328967871485,38.54971189574427,61.45028810425573,9,2,2,2,2,9,12,0.6145028810425573,0.6151476264739967,1.2682134607324709,0.3871328967871485,0.951281524127503,0.9932432441271655,19.676637,/data1/deasy/Himangi/breast_feature_extraction/Lobular_outputs/TCGA-AC-A2FK-01/tils_tsr_wsi_summary.csv,TCGA-AC-A2FK,Alive,,,2650.0,0.0,,,,matched
TCGA-AC-A3BB-01Z-00-DX1.CE889249-2A5E-44DA-B04E-746BE82CD805,TCGA-AC-A3BB-01,TCGA-AC-A3BB,0.5386351463883888,stroma-high,4.150884569181218,4.150884569181218,2.634263998174487,35.00733410729097,64.99266589270903,15,4,4,4,4,15,14,0.6499266589270903,0.6498973919696044,4.150884569181218,2.634263998174487,1.8069037235015475,0.9885083034269427,32.539761,/data1/deasy/Himangi/breast_feature_extraction/Lobular_outputs/TCGA-AC-A3BB-01/tils_tsr_wsi_summary.csv,TCGA-AC-A3BB,Alive,,,987.0,0.0,,,,matched
TCGA-AC-A3HN-01Z-00-DX1.1AA71B9B-1B61-41A9-91CF-B7649DEC189E,TCGA-AC-A3HN-01,TCGA-AC-A3HN,0.23226322167461522,stroma-high,0.7668789600808759,0.7668789600808759,0.30760615109624645,18.84850716870177,81.15149283129823,15,6,6,6,6,15,14,0.8115149283129822,0.8120274312865426,0.7668789600808759,0.30760615109624645,0.622633588856586,0.9747403952295829,9.617040000000001,/data1/deasy/Himangi/breast_feature_extraction/Lobular_outputs/TCGA-AC-A3HN-01/tils_tsr_wsi_summary.csv,TCGA-AC-A3HN,Alive,,,496.0,0.0,,,,matched
TCGA-AC-A3OD-01Z-00-DX1.E19B311B-BAB1-4CE8-9421-B49D5BE4537E,TCGA-AC-A3OD-01,TCGA-AC-A3OD,1.076354477923479,stroma-low,17.91096384260258,17.91096384260258,9.047376631614968,51.83866672900284,48.16133327099717,7,2,2,2,2,7,5,0.4816133327099717,0.4877474806468852,17.91096384260258,9.047376631614968,9.451079745724853,0.9631091295795104,29.299338,/data1/deasy/Himangi/breast_feature_extraction/Lobular_outputs/TCGA-AC-A3OD-01/tils_tsr_wsi_summary.csv,TCGA-AC-A3OD,Alive,,,451.0,0.0,,,,matched
TCGA-AC-A3QP-01Z-00-DX1.4B97E53E-1069-40C5-A062-C988663B37DD,TCGA-AC-A3QP-01,TCGA-AC-A3QP,0.540580840821127,stroma-high,0.47298290905762874,0.47298290905762874,0.33550523933474485,35.08941734813464,64.91058265186537,8,4,4,4,4,8,5,0.6491058265186537,0.6487552479658796,0.47298290905762874,0.33550523933474485,0.0,0.9632010769608251,40.976388,/data1/deasy/Himangi/breast_feature_extraction/Lobular_outputs/TCGA-AC-A3QP-01/tils_tsr_wsi_summary.csv,TCGA-AC-A3QP,Alive,,,675.0,0.0,,,,matched
TCGA-AC-A3QQ-01Z-00-DX1.86463263-AB12-49FB-8967-D5FD1F7D221A,TCGA-AC-A3QQ-01,TCGA-AC-A3QQ,0.3843705117988252,stroma-high,0.9294790920723205,0.9294790920723205,0.46244179955346837,27.765002831458848,72.23499716854114,6,1,1,1,1,6,6,0.7223499716854115,0.7224598268271671,0.9294790920723205,0.46244179955346837,0.03687061523298174,0.9846782439934373,12.062259,/data1/deasy/Himangi/breast_feature_extraction/Lobular_outputs/TCGA-AC-A3QQ-01/tils_tsr_wsi_summary.csv,TCGA-AC-A3QQ,Alive,,,734.0,0.0,,,,matched
TCGA-AC-A3TM-01Z-00-DX1.4421EE37-A2CC-4638-AC44-9C26CB09FDC1,TCGA-AC-A3TM-01,TCGA-AC-A3TM,0.7658133931864308,stroma-high,6.245424266534325,6.245424266534325,6.453029331016786,43.3688744315452,56.631125568454785,56,6,6,6,6,56,70,0.5663112556845479,0.5591454607021324,6.245424266534325,6.453029331016786,6.297920974864132,0.9704911362235409,189.39841199999998,/data1/deasy/Himangi/breast_feature_extraction/Lobular_outputs/TCGA-AC-A3TM-01/tils_tsr_wsi_summary.csv,TCGA-AC-A3TM,Alive,,,762.0,0.0,,,,matched
TCGA-AC-A3TN-01Z-00-DX1.F00E81C7-0CA2-49E8-A30F-DE423538E93C,TCGA-AC-A3TN-01,TCGA-AC-A3TN,0.30952216887032086,stroma-high,0.7705963826813503,0.7705963826813503,2.5548412768065836,23.636267963094877,76.36373203690512,17,7,7,7,7,17,14,0.7636373203690512,0.7607378565546035,0.7705963826813503,2.5548412768065836,0.43353074936158265,0.9188990200921349,10.904085,/data1/deasy/Himangi/breast_feature_extraction/Lobular_outputs/TCGA-AC-A3TN-01/tils_tsr_wsi_summary.csv,TCGA-AC-A3TN,Alive,,,456.0,0.0,,,,matched
TCGA-AC-A3W5-01Z-00-DX1.522F702C-776E-45F1-84D3-1648DF04137C,TCGA-AC-A3W5-01,TCGA-AC-A3W5,0.5698403294914838,stroma-high,1.1409064099346766,1.1409064099346766,0.7332793729190743,36.29925405700791,63.70074594299208,3,3,3,3,3,3,0,0.6370074594299208,0.6370941930205958,1.1409064099346766,0.7332793729190743,,0.9881950917507046,4.821515999999999,/data1/deasy/Himangi/breast_feature_extraction/Lobular_outputs/TCGA-AC-A3W5-01/tils_tsr_wsi_summary.csv,TCGA-AC-A3W5,Alive,,,504.0,0.0,,,,matched
TCGA-AC-A3W6-01Z-00-DX1.88CC534C-F032-4E5D-9CC4-4BB50AA46880,TCGA-AC-A3W6-01,TCGA-AC-A3W6,0.3813936923456898,stroma-high,0.3916983649964327,0.3916983649964327,0.00029108786254094355,27.609340802625237,72.39065919737477,5,2,2,2,2,5,3,0.7239065919737477,0.7244457138486908,0.3916983649964327,0.00029108786254094355,0.0,0.9375252152677215,5.571573125,/data1/deasy/Himangi/breast_feature_extraction/Lobular_outputs/TCGA-AC-A3W6-01/tils_tsr_wsi_summary.csv,TCGA-AC-A3W6,Alive,,,0.0,0.0,,,,matched
TCGA-AC-A3W7-01Z-00-DX1.189BB448-ECBA-4042-8A35-4B787271E8FE,TCGA-AC-A3W7-01,TCGA-AC-A3W7,0.5038043641046065,stroma-high,1.2769097266867198,1.2769097266867198,0.1582711968245698,33.5019884321576,66.4980115678424,7,3,3,3,3,7,6,0.664980115678424,0.6661373553721228,1.2769097266867198,0.1582711968245698,0.0,0.9217338216775678,11.514456000000001,/data1/deasy/Himangi/breast_feature_extraction/Lobular_outputs/TCGA-AC-A3W7-01/tils_tsr_wsi_summary.csv,TCGA-AC-A3W7,Alive,,,471.0,0.0,,,,matched
TCGA-AC-A3YI-01Z-00-DX1.321C0A32-ABF9-48ED-8071-C6B1774E9F7B,TCGA-AC-A3YI-01,TCGA-AC-A3YI,0.22587068447650427,stroma-high,0.7224557969544068,0.7224557969544068,1.1904353818715696,18.425327184731565,81.57467281526843,12,6,6,6,6,12,6,0.8157467281526843,0.8150611197896357,0.7224557969544068,1.1904353818715696,0.23589123065887763,0.9562026862218304,7.186788,/data1/deasy/Himangi/breast_feature_extraction/Lobular_outputs/TCGA-AC-A3YI-01/tils_tsr_wsi_summary.csv,TCGA-AC-A3YI,Alive,,,707.0,0.0,,,,matched
TCGA-AC-A5XS-01Z-00-DX1.E5F2481E-9314-4B20-84B7-370EF82AF4BB,TCGA-AC-A5XS-01,TCGA-AC-A5XS,0.7447598104860591,stroma-high,11.778178120440606,11.778178120440606,7.103885253552022,42.68552072382858,57.31447927617141,2,2,2,2,2,2,0,0.5731447927617142,0.5714293240860828,11.778178120440606,7.103885253552022,,0.9840630316112066,17.446536,/data1/deasy/Himangi/breast_feature_extraction/Lobular_outputs/TCGA-AC-A5XS-01/tils_tsr_wsi_summary.csv,TCGA-AC-A5XS,Alive,,,588.0,0.0,,,,matched
TCGA-AC-A62Y-01Z-00-DX1.5075F4DA-488C-40AD-BD73-6DE8953E1864,TCGA-AC-A62Y-01,TCGA-AC-A62Y,0.5883556853903523,stroma-high,0.41900412921026303,0.41900412921026303,0.4529942460668961,37.04180938828942,62.95819061171058,7,1,1,1,1,7,7,0.6295819061171057,0.6292997392931551,0.41900412921026303,0.4529942460668961,0.06026249197257461,0.902173912242431,10.201788,/data1/deasy/Himangi/breast_feature_extraction/Lobular_outputs/TCGA-AC-A62Y-01/tils_tsr_wsi_summary.csv,TCGA-AC-A62Y,Alive,,,530.0,0.0,,,,matched
TCGA-AC-A6IV-01Z-00-DX1.DA4F4B9F-9070-4B3A-996F-311E0A989FFB,TCGA-AC-A6IV-01,TCGA-AC-A6IV,0.6527178102681968,stroma-high,2.166667050890959,2.166667050890959,3.5375973881944,39.493602974017456,60.50639702598254,7,4,4,4,4,7,4,0.6050639702598254,0.6005672354685213,2.166667050890959,3.5375973881944,1.0717864659376966,0.9916918434806667,8.37828,/data1/deasy/Himangi/breast_feature_extraction/Lobular_outputs/TCGA-AC-A6IV-01/tils_tsr_wsi_summary.csv,TCGA-AC-A6IV,Alive,,,568.0,0.0,,,,matched
TCGA-AC-A6IX-01Z-00-DX1.45B63C4F-9DC3-4CED-9DF9-0F86E647BEA3,TCGA-AC-A6IX-01,TCGA-AC-A6IX,1.5585187604468866,stroma-low,32.02655925486118,32.02655925486118,15.939965721724752,60.91488499285682,39.085115007143195,4,3,3,3,3,4,1,0.39085115007143195,0.39916556654322327,32.02655925486118,15.939965721724752,90.57280569147356,0.8110288290748708,25.948026000000002,/data1/deasy/Himangi/breast_feature_extraction/Lobular_outputs/TCGA-AC-A6IX-01/tils_tsr_wsi_summary.csv,TCGA-AC-A6IX,Alive,,,373.0,0.0,,,,matched
TCGA-AO-A0J8-01Z-00-DX1.9BDD4BDE-2A07-4E0C-B146-87365CA9DE3A,TCGA-AO-A0J8-01,TCGA-AO-A0J8,0.6385365235893405,stroma-high,0.3398968310567709,0.3398968310567709,1.644427717294535,38.96992922626937,61.03007077373063,7,1,1,1,1,7,7,0.6103007077373063,0.6069334322553526,0.3398968310567709,1.644427717294535,0.49049307857808816,0.9724522293710722,19.69408,/data1/deasy/Himangi/breast_feature_extraction/Lobular_outputs/TCGA-AO-A0J8-01/tils_tsr_wsi_summary.csv,TCGA-AO-A0J8,Alive,,,680.0,0.0,,,,matched
TCGA-AO-A0J9-01Z-00-DX1.E37C342B-9B6A-4BEE-B064-A82C3579CC66,TCGA-AO-A0J9-01,TCGA-AO-A0J9,0.7935404050024305,stroma-high,4.408019430767769,4.408019430767769,3.9257072188548783,44.24435617893733,55.75564382106267,19,5,5,5,5,19,17,0.5575564382106267,0.5536000076523835,4.408019430767769,3.9257072188548783,0.6209450348948785,0.8137492838490538,44.324224,/data1/deasy/Himangi/breast_feature_extraction/Lobular_outputs/TCGA-AO-A0J9-01/tils_tsr_wsi_summary.csv,TCGA-AO-A0J9,Alive,,,1613.0,0.0,,,,matched
TCGA-AO-A0JJ-01Z-00-DX1.D5B636F5-1B47-4033-9938-9DC8CD48CEE9,TCGA-AO-A0JJ-01,TCGA-AO-A0JJ,0.7897371929625432,stroma-high,9.259525838039751,9.259525838039751,4.2285548455370945,44.125874797030676,55.87412520296932,15,5,5,5,5,15,14,0.5587412520296932,0.5622037921027393,9.259525838039751,4.2285548455370945,9.77580524728418,0.7858402979208445,29.356096,/data1/deasy/Himangi/breast_feature_extraction/Lobular_outputs/TCGA-AO-A0JJ-01/tils_tsr_wsi_summary.csv,TCGA-AO-A0JJ,Alive,,,1887.0,0.0,,,,matched
TCGA-AO-A12E-01Z-00-DX1.F2797928-26EC-4B28-BC50-432EB380624B,TCGA-AO-A12E-01,TCGA-AO-A12E,0.534950332467645,stroma-high,2.955541613896467,2.955541613896467,4.642736299566252,34.85131219898421,65.1486878010158,13,8,8,8,8,13,5,0.6514868780101579,0.6461432791067473,2.955541613896467,4.642736299566252,2.07825002852475,0.831230039573302,10.872512,/data1/deasy/Himangi/breast_feature_extraction/Lobular_outputs/TCGA-AO-A12E-01/tils_tsr_wsi_summary.csv,TCGA-AO-A12E,Alive,,,2142.0,0.0,,,,matched
TCGA-AO-A1KO-01Z-00-DX1.EEB5E0A0-92B2-42CD-9F7A-00E9250B561F,TCGA-AO-A1KO-01,TCGA-AO-A1KO,0.3249130073332557,stroma-high,2.1889114303801867,2.1889114303801867,3.0784078934711694,24.523346478968502,75.4766535210315,26,3,3,3,3,26,40,0.754766535210315,0.752048994706189,2.1889114303801867,3.0784078934711694,1.722498413107038,0.9722564039727986,35.668476562500004,/data1/deasy/Himangi/breast_feature_extraction/Lobular_outputs/TCGA-AO-A1KO-01/tils_tsr_wsi_summary.csv,TCGA-AO-A1KO,Alive,,,622.0,0.0,,,,matched
TCGA-AO-A1KS-01Z-00-DX1.349F9BCA-C9F0-43B4-BA6A-D20039E1C720,TCGA-AO-A1KS-01,TCGA-AO-A1KS,1.8627431684099474,stroma-low,5.490345314049322,5.490345314049322,0.8413409721497283,65.06846960513647,34.93153039486353,9,1,1,1,1,9,12,0.3493153039486353,0.35431253553213005,5.490345314049322,0.8413409721497283,3.171912740369962,0.9683460633634172,43.081875,/data1/deasy/Himangi/breast_feature_extraction/Lobular_outputs/TCGA-AO-A1KS-01/tils_tsr_wsi_summary.csv,TCGA-AO-A1KS,Alive,,,350.0,0.0,,,,matched
TCGA-AQ-A7U7-01Z-00-DX1.AB5629A1-399E-402B-AD3D-DAF9F97D8300,TCGA-AQ-A7U7-01,TCGA-AQ-A7U7,0.2151052004354363,stroma-high,1.957253035586915,1.957253035586915,2.1675673502089374,17.70259894849868,82.29740105150132,57,3,3,3,3,57,77,0.8229740105150133,0.8226063330489564,1.957253035586915,2.1675673502089374,0.8404989190832258,0.9980919657400573,44.915119874999995,/data1/deasy/Himangi/breast_feature_extraction/Lobular_outputs/TCGA-AQ-A7U7-01/tils_tsr_wsi_summary.csv,TCGA-AQ-A7U7,Dead,584.0,,584.0,1.0,584.0,19.186858316221766,1.5989048596851472,matched
TCGA-AR-A1AK-01Z-00-DX1.0AFFA0B5-D1A6-43E9-892A-7CB16A79E5F9,TCGA-AR-A1AK-01,TCGA-AR-A1AK,3.787593758200925,stroma-low,52.15803148933171,52.15803148933171,12.402810907247073,79.11268059686462,20.887319403135375,15,6,6,6,6,15,9,0.20887319403135376,0.2689132462883219,52.15803148933171,12.402810907247073,83.19220550212857,0.9764319154666198,86.8006005,/data1/deasy/Himangi/breast_feature_extraction/Lobular_outputs/TCGA-AR-A1AK-01/tils_tsr_wsi_summary.csv,TCGA-AR-A1AK,Alive,,,3159.0,0.0,,,,matched
TCGA-AR-A1AL-01Z-00-DX1.0970370F-6D4B-449A-AF33-76355DD99F91,TCGA-AR-A1AL-01,TCGA-AR-A1AL,0.23879558861423067,stroma-high,0.2832949490876144,0.2832949490876144,0.47932283493580424,19.27643194801473,80.72356805198527,47,5,5,5,5,47,77,0.8072356805198527,0.8069745761586744,0.2832949490876144,0.47932283493580424,0.0009076348185538608,0.9957306777023816,44.624114,/data1/deasy/Himangi/breast_feature_extraction/Lobular_outputs/TCGA-AR-A1AL-01/tils_tsr_wsi_summary.csv,TCGA-AR-A1AL,Alive,,,2971.0,0.0,,,,matched
TCGA-AR-A1AM-01Z-00-DX1.B3F006D9-9386-41E5-B0B1-B0832EE104A0,TCGA-AR-A1AM-01,TCGA-AR-A1AM,0.4783739725049091,stroma-high,11.012000614517671,11.012000614517671,8.323292992720942,32.35811651191124,67.64188348808877,20,5,5,5,5,20,25,0.6764188348808876,0.6785410037276642,11.012000614517671,8.323292992720942,16.236520257473764,0.8644414841572665,15.3567755,/data1/deasy/Himangi/breast_feature_extraction/Lobular_outputs/TCGA-AR-A1AM-01/tils_tsr_wsi_summary.csv,TCGA-AR-A1AM,Alive,,,2991.0,0.0,,,,matched
TCGA-AR-A1AT-01Z-00-DX1.6ED69002-2CC1-4AD4-9573-B245D7C2D060,TCGA-AR-A1AT-01,TCGA-AR-A1AT,1.3494231277944264,stroma-low,10.41882379410604,10.41882379410604,4.20505698910874,57.43636009326373,42.56363990673627,24,7,7,7,7,24,22,0.42563639906736267,0.4303299253804727,10.41882379410604,4.20505698910874,7.164516607761436,0.897382761985681,125.65346650000002,/data1/deasy/Himangi/breast_feature_extraction/Lobular_outputs/TCGA-AR-A1AT-01/tils_tsr_wsi_summary.csv,TCGA-AR-A1AT,Dead,1272.0,,1272.0,1.0,1272.0,41.790554414784395,3.482546201232033,matched
TCGA-AR-A24H-01Z-00-DX1.5CFC7E16-3F38-4531-968C-A4E4C9D00659,TCGA-AR-A24H-01,TCGA-AR-A24H,7.335387759227961,stroma-low,55.119124534573935,55.119124534573935,8.98124417604673,88.00295764413698,11.997042355863021,6,5,5,5,5,6,1,0.1199704235586302,0.18650625304413665,55.119124534573935,8.98124417604673,50.84291524143868,0.9337056379107949,42.73042325,/data1/deasy/Himangi/breast_feature_extraction/Lobular_outputs/TCGA-AR-A24H-01/tils_tsr_wsi_summary.csv,TCGA-AR-A24H,Alive,,,4894.0,0.0,,,,matched
TCGA-AR-A24T-01Z-00-DX1.3B325D54-38EC-4E16-BDE1-628894CC15AA,TCGA-AR-A24T-01,TCGA-AR-A24T,0.34097634640392077,stroma-high,0.5193106977594566,0.5193106977594566,0.4435427990464736,25.427469121160318,74.57253087883969,81,9,9,9,9,81,109,0.7457253087883968,0.7456291191917234,0.5193106977594566,0.4435427990464736,0.407788333200271,0.998518985089385,102.471225,/data1/deasy/Himangi/breast_feature_extraction/Lobular_outputs/TCGA-AR-A24T-01/tils_tsr_wsi_summary.csv,TCGA-AR-A24T,Alive,,,3202.0,0.0,,,,matched
TCGA-AR-A2LE-01Z-00-DX1.E8E1FC5C-9A4A-463F-81D7-E9A8AF43EAD9,TCGA-AR-A2LE-01,TCGA-AR-A2LE,0.7810759042220635,stroma-high,0.8829684422351864,0.8829684422351864,3.0187668121384683,43.85416154193726,56.145838458062734,13,1,1,1,1,13,15,0.5614583845806274,0.5553706642856954,0.8829684422351864,3.0187668121384683,0.055641307658390086,0.9762228259983957,37.591936,/data1/deasy/Himangi/breast_feature_extraction/Lobular_outputs/TCGA-AR-A2LE-01/tils_tsr_wsi_summary.csv,TCGA-AR-A2LE,Alive,,,5062.0,0.0,,,,matched
TCGA-AR-A2LJ-01Z-00-DX1.9D6257FA-2767-4640-9252-9BE18BD9D158,TCGA-AR-A2LJ-01,TCGA-AR-A2LJ,1.1420357593271186,stroma-low,16.25386934984971,16.25386934984971,5.60611552345809,53.31543856606149,46.68456143393851,24,8,8,8,8,24,23,0.4668456143393851,0.48096120808391507,16.25386934984971,5.60611552345809,13.6843091898102,0.8765799425003362,40.937414,/data1/deasy/Himangi/breast_feature_extraction/Lobular_outputs/TCGA-AR-A2LJ-01/tils_tsr_wsi_summary.csv,TCGA-AR-A2LJ,Alive,,,2632.0,0.0,,,,matched
TCGA-AR-A2LK-01Z-00-DX1.FBD59C38-CD4E-4C22-BC74-A57C192A9BBC,TCGA-AR-A2LK-01,TCGA-AR-A2LK,0.574741094646635,stroma-high,4.58488983126754,4.58488983126754,7.372820928483725,36.49749769028568,63.502502309714316,43,4,4,4,4,43,50,0.6350250230971431,0.6244315630793452,4.58488983126754,7.372820928483725,2.1107934951189176,0.9840841839917329,96.67409900000001,/data1/deasy/Himangi/breast_feature_extraction/Lobular_outputs/TCGA-AR-A2LK-01/tils_tsr_wsi_summary.csv,TCGA-AR-A2LK,Dead,1649.0,,1649.0,1.0,1649.0,54.17659137577002,4.514715947980835,matched
TCGA-AR-A2LM-01Z-00-DX1.CB64A062-2E35-41F9-97C7-07BB60754799,TCGA-AR-A2LM-01,TCGA-AR-A2LM,0.6110288378435974,stroma-high,1.4639170473844734,1.4639170473844734,1.528511300663652,37.927864696790586,62.07213530320942,39,14,14,14,14,39,35,0.6207213530320942,0.6187212111524999,1.4639170473844734,1.528511300663652,1.3070255626901939,0.9791620099171878,119.28799800000002,/data1/deasy/Himangi/breast_feature_extraction/Lobular_outputs/TCGA-AR-A2LM-01/tils_tsr_wsi_summary.csv,TCGA-AR-A2LM,Alive,,,1935.0,0.0,,,,matched
TCGA-AR-A2LO-01Z-00-DX1.A8C81E1E-B224-4CF4-83D4-FFB2F51A7002,TCGA-AR-A2LO-01,TCGA-AR-A2LO,0.4358215246665405,stroma-high,2.9137958336236194,2.9137958336236194,1.6870955636572962,30.353460870964238,69.64653912903576,14,6,6,6,6,14,8,0.6964653912903576,0.6969293943550144,2.9137958336236194,1.6870955636572962,1.7689029747870497,0.9636612758071443,22.72882,/data1/deasy/Himangi/breast_feature_extraction/Lobular_outputs/TCGA-AR-A2LO-01/tils_tsr_wsi_summary.csv,TCGA-AR-A2LO,Alive,,,1198.0,0.0,,,,matched
TCGA-AR-A5QM-01Z-00-DX1.A9017CED-FF57-4090-95B9-94DC91854347,TCGA-AR-A5QM-01,TCGA-AR-A5QM,0.3200463486967076,stroma-high,1.0652048564941115,1.0652048564941115,1.254808130811231,24.245084198194398,75.7549158018056,48,13,13,13,13,48,50,0.7575491580180559,0.7568296454807634,1.0652048564941115,1.254808130811231,0.5613389594247051,0.9230813259447985,56.336828000000004,/data1/deasy/Himangi/breast_feature_extraction/Lobular_outputs/TCGA-AR-A5QM-01/tils_tsr_wsi_summary.csv,TCGA-AR-A5QM,Alive,,,2231.0,0.0,,,,matched
TCGA-AR-A5QN-01Z-00-DX1.BF92AA24-3D44-4FFA-BCC0-CDB934EC3BBC,TCGA-AR-A5QN-01,TCGA-AR-A5QN,1.5746227347827748,stroma-low,11.30101796643884,11.30101796643884,8.123676868419706,61.15935797155261,38.84064202844739,25,7,7,7,7,25,26,0.3884064202844739,0.38306267412936873,11.30101796643884,8.123676868419706,3.097414505084909,0.93419921330478,134.368187,/data1/deasy/Himangi/breast_feature_extraction/Lobular_outputs/TCGA-AR-A5QN-01/tils_tsr_wsi_summary.csv,TCGA-AR-A5QN,Alive,,,1013.0,0.0,,,,matched
TCGA-AR-A5QP-01Z-00-DX1.256FDB13-1F81-42DA-AF6E-8A94835550C1,TCGA-AR-A5QP-01,TCGA-AR-A5QP,0.6403080745061718,stroma-high,5.93786488193377,5.93786488193377,2.896501939595893,39.03584237972746,60.96415762027253,39,10,10,10,10,39,39,0.6096415762027253,0.6113504373774014,5.93786488193377,2.896501939595893,6.127818693112375,0.9925786043228368,90.81312799999999,/data1/deasy/Himangi/breast_feature_extraction/Lobular_outputs/TCGA-AR-A5QP-01/tils_tsr_wsi_summary.csv,TCGA-AR-A5QP,Alive,,,1185.0,0.0,,,,matched
TCGA-B6-A0IH-01Z-00-DX1.3463B12E-D1B0-4FB2-B257-BFD63BA2B6BF,TCGA-B6-A0IH-01,TCGA-B6-A0IH,0.20798227677436434,stroma-high,2.3571858421096694,2.3571858421096694,6.785717943426866,17.217328496717073,82.78267150328293,23,17,17,17,17,23,6,0.8278267150328292,0.822190496364954,2.3571858421096694,6.785717943426866,4.138941140731482,0.9801217030275629,14.084207,/data1/deasy/Himangi/breast_feature_extraction/Lobular_outputs/TCGA-B6-A0IH-01/tils_tsr_wsi_summary.csv,TCGA-B6-A0IH,Dead,2965.0,,2965.0,1.0,2965.0,97.41273100616016,8.11772758384668,matched
TCGA-B6-A0IP-01Z-00-DX1.3723A250-AA4B-4AFE-A692-C1311E9BA268,TCGA-B6-A0IP-01,TCGA-B6-A0IP,0.3052977877573623,stroma-high,6.399655816102691,6.399655816102691,12.803176956681664,23.389129332847162,76.61087066715284,48,6,6,6,6,48,77,0.7661087066715284,0.7528501018888408,6.399655816102691,12.803176956681664,4.671416982289748,0.9877880684143735,59.024427687499994,/data1/deasy/Himangi/breast_feature_extraction/Lobular_outputs/TCGA-B6-A0IP-01/tils_tsr_wsi_summary.csv,TCGA-B6-A0IP,Dead,3926.0,,3926.0,1.0,3926.0,128.98562628336757,10.74880219028063,matched
TCGA-B6-A0RQ-01Z-00-DX1.68B4F49D-9F81-4501-BC66-0349012077C8,TCGA-B6-A0RQ-01,TCGA-B6-A0RQ,0.24442413910608468,stroma-high,3.492879474001355,3.492879474001355,6.04769385049413,19.641545950857516,80.35845404914248,25,12,12,12,12,25,20,0.8035845404914248,0.7994429300573623,3.492879474001355,6.04769385049413,1.6226276675681315,0.9546284461976741,13.82265425,/data1/deasy/Himangi/breast_feature_extraction/Lobular_outputs/TCGA-B6-A0RQ-01/tils_tsr_wsi_summary.csv,TCGA-B6-A0RQ,Dead,4267.0,,4267.0,1.0,4267.0,140.18891170431212,11.682409308692677,matched
TCGA-B6-A2IU-01Z-00-DX1.3C7DF701-4ED9-4989-AA63-A6B7B105F6EE,TCGA-B6-A2IU-01,TCGA-B6-A2IU,0.2965837418673202,stroma-high,1.232024724461934,1.232024724461934,13.070102863742447,22.874245009441875,77.12575499055812,138,11,11,11,11,138,202,0.7712575499055813,0.7501922964699681,1.232024724461934,13.070102863742447,0.902397825041972,0.9359276166293263,126.09146299999999,/data1/deasy/Himangi/breast_feature_extraction/Lobular_outputs/TCGA-B6-A2IU-01/tils_tsr_wsi_summary.csv,TCGA-B6-A2IU,Alive,,,5176.0,0.0,,,,matched
TCGA-BH-A0C1-01Z-00-DX1.21FE357E-B182-4397-BFEF-7E96E994236A,TCGA-BH-A0C1-01,TCGA-BH-A0C1,0.3145820240862062,stroma-high,1.391874824834964,1.391874824834964,2.589791067861881,23.93019365260824,76.06980634739176,21,9,9,9,9,21,17,0.7606980634739177,0.7579079368116245,1.391874824834964,2.589791067861881,1.2468058812067322,0.9900305777773186,52.1876131875,/data1/deasy/Himangi/breast_feature_extraction/Lobular_outputs/TCGA-BH-A0C1-01/tils_tsr_wsi_summary.csv,TCGA-BH-A0C1,Dead,1411.0,,1411.0,1.0,1411.0,46.35728952772074,3.863107460643395,matched
TCGA-BH-A0DP-01Z-00-DX1.5550557D-4E5B-4B57-8C1E-9290A7AA32A9,TCGA-BH-A0DP-01,TCGA-BH-A0DP,0.3890237283237013,stroma-high,0.9457789640029399,0.9457789640029399,0.8951464142145827,28.00698939773924,71.99301060226077,46,10,10,10,10,46,51,0.7199301060226077,0.7195838477106479,0.9457789640029399,0.8951464142145827,0.5204037554432444,0.9522391241026764,54.8038569375,/data1/deasy/Himangi/breast_feature_extraction/Lobular_outputs/TCGA-BH-A0DP-01/tils_tsr_wsi_summary.csv,TCGA-BH-A0DP,Alive,,,476.0,0.0,,,,matched
TCGA-BH-A28O-01Z-00-DX1.B37603E3-BC80-4DDA-B44D-B5F794E3398E,TCGA-BH-A28O-01,TCGA-BH-A28O,0.20603584446280332,stroma-high,0.210942594101161,0.210942594101161,0.025256320263243648,17.083724783866312,82.91627521613368,22,9,9,9,9,22,16,0.8291627521613368,0.8293689905522713,0.210942594101161,0.025256320263243648,0.0013694757947407283,0.9951022762171827,12.5988405,/data1/deasy/Himangi/breast_feature_extraction/Lobular_outputs/TCGA-BH-A28O-01/tils_tsr_wsi_summary.csv,TCGA-BH-A28O,Alive,,,1120.0,0.0,,,,matched
TCGA-BH-A28Q-01Z-00-DX1.C6D1CA93-6B2A-4722-9270-5D56592D833D,TCGA-BH-A28Q-01,TCGA-BH-A28Q,0.8824180822227308,stroma-high,1.7054259976523274,1.7054259976523274,1.2962406995848152,46.87683838973672,53.12316161026328,46,7,7,7,7,46,57,0.5312316161026328,0.5299355172898462,1.7054259976523274,1.2962406995848152,1.9572634140461447,0.93820726869062,194.77962,/data1/deasy/Himangi/breast_feature_extraction/Lobular_outputs/TCGA-BH-A28Q-01/tils_tsr_wsi_summary.csv,TCGA-BH-A28Q,Alive,,,1119.0,0.0,,,,matched
TCGA-BH-A2L8-01Z-00-DX1.ACA51CA9-3C38-48A6-B4A9-C12FFAB9AB56,TCGA-BH-A2L8-01,TCGA-BH-A2L8,0.6745766257517589,stroma-high,14.577119319187215,14.577119319187215,5.477079730830379,40.283413453769235,59.716586546230765,43,21,21,21,21,43,28,0.5971658654623077,0.5989289744240919,14.577119319187215,5.477079730830379,15.684376057190319,0.962002453124715,253.74167825000004,/data1/deasy/Himangi/breast_feature_extraction/Lobular_outputs/TCGA-BH-A2L8-01/tils_tsr_wsi_summary.csv,TCGA-BH-A2L8,Alive,,,612.0,0.0,,,,matched
TCGA-BH-A42T-01Z-00-DX1.6E4609B9-BE7E-4CA9-A1C0-A77A7DEFBB2B,TCGA-BH-A42T-01,TCGA-BH-A42T,1.081644081492146,stroma-low,4.9988546955006194,4.9988546955006194,1.8179469910984096,51.96104805374853,48.03895194625149,15,4,4,4,4,15,12,0.48038951946251485,0.48243223085502446,4.9988546955006194,1.8179469910984096,6.490873257468811,0.7247933591228422,31.359348,/data1/deasy/Himangi/breast_feature_extraction/Lobular_outputs/TCGA-BH-A42T-01/tils_tsr_wsi_summary.csv,TCGA-BH-A42T,Dead,320.0,,320.0,1.0,320.0,10.513347022587268,0.8761122518822724,matched
TCGA-C8-A3M7-01Z-00-DX1.846C75F1-2E7E-44F7-B21F-C246141558FA,TCGA-C8-A3M7-01,TCGA-C8-A3M7,0.29892267247711246,stroma-high,0.19663374481654786,0.19663374481654786,0.2247373648039697,23.013123014247768,76.98687698575225,129,7,7,7,7,129,185,0.7698687698575224,0.7697498292567749,0.19663374481654786,0.2247373648039697,0.19165292523093816,0.9758869732503384,162.86587200000002,/data1/deasy/Himangi/breast_feature_extraction/Lobular_outputs/TCGA-C8-A3M7-01/tils_tsr_wsi_summary.csv,TCGA-C8-A3M7,Dead,1034.0,,1034.0,1.0,1034.0,33.97125256673511,2.830937713894593,matched
TCGA-C8-A3M8-01Z-00-DX1.97AC85E0-6281-4F2E-8034-24AD5F52D5A6,TCGA-C8-A3M8-01,TCGA-C8-A3M8,0.6412862432150646,stroma-high,13.102612236807188,13.102612236807188,26.426614829918538,39.072175610201235,60.927824389798765,38,3,3,3,3,38,49,0.6092782438979877,0.5598789144225613,13.102612236807188,26.426614829918538,9.165549878049218,0.9655725985247191,71.77690799999999,/data1/deasy/Himangi/breast_feature_extraction/Lobular_outputs/TCGA-C8-A3M8-01/tils_tsr_wsi_summary.csv,TCGA-C8-A3M8,Alive,,,394.0,0.0,,,,matched
TCGA-C8-A8HR-01Z-00-DX1.8E841CA8-1CE2-4242-AC5A-3247075CF8F4,TCGA-C8-A8HR-01,TCGA-C8-A8HR,0.4001029956492987,stroma-high,1.6016916297499795,1.6016916297499795,2.709970481057728,28.576683064930563,71.42331693506942,24,6,6,6,6,24,28,0.7142331693506943,0.7116273253536164,1.6016916297499795,2.709970481057728,0.37086566066292187,0.9929966012617469,24.543432000000003,/data1/deasy/Himangi/breast_feature_extraction/Lobular_outputs/TCGA-C8-A8HR-01/tils_tsr_wsi_summary.csv,TCGA-C8-A8HR,Alive,,,408.0,0.0,,,,matched
TCGA-D8-A1JN-01Z-00-DX1.3B02989C-CEA0-4EDD-A6DC-21C3A957C640,TCGA-D8-A1JN-01,TCGA-D8-A1JN,0.300093257710756,stroma-high,3.748539275236571,3.748539275236571,3.6245462210029196,23.0824408888305,76.91755911116951,109,11,11,11,11,109,156,0.7691755911116951,0.7682087835259203,3.748539275236571,3.6245462210029196,4.773344142270709,0.9375083728438725,127.728307,/data1/deasy/Himangi/breast_feature_extraction/Lobular_outputs/TCGA-D8-A1JN-01/tils_tsr_wsi_summary.csv,TCGA-D8-A1JN,Alive,,,620.0,0.0,,,,matched
TCGA-D8-A1X8-01Z-00-DX1.DDA3866E-C7CC-4650-BE2B-5C9A98A2D531,TCGA-D8-A1X8-01,TCGA-D8-A1X8,0.41186162507784774,stroma-high,25.997090285778484,25.997090285778484,25.318483475683035,29.17152911887795,70.82847088112206,29,8,8,8,8,29,26,0.7082847088112206,0.700880700372895,25.997090285778484,25.318483475683035,15.612517917261446,0.9016519390537006,31.85780425,/data1/deasy/Himangi/breast_feature_extraction/Lobular_outputs/TCGA-D8-A1X8-01/tils_tsr_wsi_summary.csv,TCGA-D8-A1X8,Alive,,,783.0,0.0,,,,matched
TCGA-D8-A1XO-01Z-00-DX1.A9EF6AFF-62B0-4E2D-ABC7-DC06FF473890,TCGA-D8-A1XO-01,TCGA-D8-A1XO,0.28601964232833604,stroma-high,0.8445554787024622,0.8445554787024622,0.7904453665603979,22.240690026359008,77.75930997364098,57,4,4,4,4,57,89,0.7775930997364098,0.7773128994723038,0.8445554787024622,0.7904453665603979,1.131076991675547,0.8552143329156764,76.45615375000001,/data1/deasy/Himangi/breast_feature_extraction/Lobular_outputs/TCGA-D8-A1XO-01/tils_tsr_wsi_summary.csv,TCGA-D8-A1XO,Alive,,,1682.0,0.0,,,,matched
TCGA-D8-A27G-01Z-00-DX1.04FCF306-67AA-4F56-AE90-44A4F5DD56D4,TCGA-D8-A27G-01,TCGA-D8-A27G,0.3419980501975382,stroma-high,6.098735995478049,6.098735995478049,1.786775834461488,25.484243449325216,74.5157565506748,74,7,7,7,7,74,99,0.7451575655067479,0.7502423452736109,6.098735995478049,1.786775834461488,7.56177417264259,0.9598587817715316,79.52212924999999,/data1/deasy/Himangi/breast_feature_extraction/Lobular_outputs/TCGA-D8-A27G-01/tils_tsr_wsi_summary.csv,TCGA-D8-A27G,Alive,,,409.0,0.0,,,,matched
TCGA-D8-A27I-01Z-00-DX1.ACAE0048-7AF0-41C9-992B-6ACDABF80B1C,TCGA-D8-A27I-01,TCGA-D8-A27I,0.3608023397522039,stroma-high,1.759078351312865,1.759078351312865,0.4098009015233984,26.513941754237752,73.48605824576224,27,3,3,3,3,27,34,0.7348605824576224,0.73655615018087,1.759078351312865,0.4098009015233984,1.5601242889597375,0.8633931753231007,25.906204750000004,/data1/deasy/Himangi/breast_feature_extraction/Lobular_outputs/TCGA-D8-A27I-01/tils_tsr_wsi_summary.csv,TCGA-D8-A27I,Alive,,,439.0,0.0,,,,matched
TCGA-D8-A27T-01Z-00-DX1.1E3A4D57-9CF2-4EBF-B74D-ADD7BD8CBFA5,TCGA-D8-A27T-01,TCGA-D8-A27T,0.37915923353612774,stroma-high,7.316087026335673,7.316087026335673,7.30515983935239,27.492056342469862,72.50794365753013,51,14,14,14,14,51,57,0.7250794365753014,0.7178054320471012,7.316087026335673,7.30515983935239,10.485431538483981,0.9736423035006286,156.596631,/data1/deasy/Himangi/breast_feature_extraction/Lobular_outputs/TCGA-D8-A27T-01/TCGA-D8-A27T-01Z-00-DX1.1E3A4D57-9CF2-4EBF-B74D-ADD7BD8CBFA5__tils_tsr_wsi_summary.csv,TCGA-D8-A27T,Alive,,,398.0,0.0,,,,matched
TCGA-D8-A27T-01Z-00-DX2.7CCFE3AA-955B-4D77-9EDB-7B36D5A01168,TCGA-D8-A27T-01,TCGA-D8-A27T,0.36617928874503936,stroma-high,69.32363838316554,69.32363838316554,1.8230478296985628,26.803164984400297,73.19683501559972,1,1,1,1,1,1,0,0.7319683501559971,0.8568162212234859,69.32363838316554,1.8230478296985628,,0.8095238103446933,0.2575768125,/data1/deasy/Himangi/breast_feature_extraction/Lobular_outputs/TCGA-D8-A27T-01/TCGA-D8-A27T-01Z-00-DX2.7CCFE3AA-955B-4D77-9EDB-7B36D5A01168__tils_tsr_wsi_summary.csv,TCGA-D8-A27T,Alive,,,398.0,0.0,,,,matched
TCGA-D8-A27V-01Z-00-DX1.F937C53B-0B55-4271-843E-2C28F72CF28E,TCGA-D8-A27V-01,TCGA-D8-A27V,0.32655617500344686,stroma-high,1.1699935791898488,1.1699935791898488,1.2197695921326694,24.616837278119664,75.38316272188032,102,16,16,16,16,102,131,0.7538316272188033,0.7532975222887536,1.1699935791898488,1.2197695921326694,0.11413915997742341,0.8947106120170418,123.515013,/data1/deasy/Himangi/breast_feature_extraction/Lobular_outputs/TCGA-D8-A27V-01/TCGA-D8-A27V-01Z-00-DX1.F937C53B-0B55-4271-843E-2C28F72CF28E__tils_tsr_wsi_summary.csv,TCGA-D8-A27V,Alive,,,381.0,0.0,,,,matched
TCGA-D8-A27V-01Z-00-DX2.81E4FFDF-7123-4AC3-BE24-A82564A6C34C,TCGA-D8-A27V-01,TCGA-D8-A27V,1.8634968913770797,stroma-low,0.8447534845127015,0.8447534845127015,3.928779035792349,65.077664201022,34.922335798978,17,2,2,2,2,17,21,0.34922335798978,0.34130026238523126,0.8447534845127015,3.928779035792349,0.018855769242648188,0.8719512796237341,49.0009221875,/data1/deasy/Himangi/breast_feature_extraction/Lobular_outputs/TCGA-D8-A27V-01/TCGA-D8-A27V-01Z-00-DX2.81E4FFDF-7123-4AC3-BE24-A82564A6C34C__tils_tsr_wsi_summary.csv,TCGA-D8-A27V,Alive,,,381.0,0.0,,,,matched
TCGA-D8-A3Z5-01Z-00-DX1.4DBF937F-623C-4212-8493-ECE3C8F555E3,TCGA-D8-A3Z5-01,TCGA-D8-A3Z5,0.26480484843713364,stroma-high,0.19659624767690395,0.19659624767690395,0.4267177788151857,20.93641946141667,79.06358053858334,116,12,12,12,12,116,141,0.7906358053858333,0.7902693865847157,0.19659624767690395,0.4267177788151857,0.20171103031431428,0.9669122443956383,111.30264,/data1/deasy/Himangi/breast_feature_extraction/Lobular_outputs/TCGA-D8-A3Z5-01/TCGA-D8-A3Z5-01Z-00-DX1.4DBF937F-623C-4212-8493-ECE3C8F555E3__tils_tsr_wsi_summary.csv,TCGA-D8-A3Z5,Alive,,,1015.0,0.0,,,,matched
TCGA-D8-A3Z5-01Z-00-DX2.6196B9FF-F09E-4D44-873D-E53BFB2BF4E1,TCGA-D8-A3Z5-01,TCGA-D8-A3Z5,0.24339565115265943,stroma-high,0.1622245507003974,0.1622245507003974,0.268655106079002,19.575076599875953,80.42492340012406,79,18,18,18,18,79,92,0.8042492340012406,0.804075391843858,0.1622245507003974,0.268655106079002,0.16963490740736947,0.9565975175338285,71.863932,/data1/deasy/Himangi/breast_feature_extraction/Lobular_outputs/TCGA-D8-A3Z5-01/TCGA-D8-A3Z5-01Z-00-DX2.6196B9FF-F09E-4D44-873D-E53BFB2BF4E1__tils_tsr_wsi_summary.csv,TCGA-D8-A3Z5,Alive,,,1015.0,0.0,,,,matched
TCGA-D8-A3Z5-01Z-00-DX3.BB83C7D4-F795-47E7-9A5C-7DBF0EB7FDAA,TCGA-D8-A3Z5-01,TCGA-D8-A3Z5,0.2120436959361638,stroma-high,0.21219293114459356,0.21219293114459356,0.22951215940482123,17.494723717232368,82.50527628276764,68,16,16,16,16,68,78,0.8250527628276764,0.8250215282380172,0.21219293114459356,0.22951215940482123,0.016171010448723627,0.9508462139246213,45.259925625,/data1/deasy/Himangi/breast_feature_extraction/Lobular_outputs/TCGA-D8-A3Z5-01/TCGA-D8-A3Z5-01Z-00-DX3.BB83C7D4-F795-47E7-9A5C-7DBF0EB7FDAA__tils_tsr_wsi_summary.csv,TCGA-D8-A3Z5,Alive,,,1015.0,0.0,,,,matched
TCGA-D8-A3Z6-01Z-00-DX3.66566DB7-661D-4002-90C1-B15BF3425903,TCGA-D8-A3Z6-01,TCGA-D8-A3Z6,0.24770032466875422,stroma-high,2.426726227025994,2.426726227025994,3.533258171712351,19.852549508193402,80.14745049180661,11,3,3,3,3,11,16,0.801474504918066,0.7998242472686931,2.426726227025994,3.533258171712351,0.1459219134383673,0.933112288108994,6.795121625,/data1/deasy/Himangi/breast_feature_extraction/Lobular_outputs/TCGA-D8-A3Z6-01/tils_tsr_wsi_summary.csv,TCGA-D8-A3Z6,Alive,,,563.0,0.0,,,,matched
TCGA-D8-A4Z1-01Z-00-DX1.D39D38B5-FC9F-4298-8720-016407DC6591,TCGA-D8-A4Z1-01,TCGA-D8-A4Z1,0.292188700743399,stroma-high,0.23356998261117862,0.23356998261117862,0.06049802094168526,22.611921972023296,77.3880780279767,17,9,9,9,9,17,8,0.773880780279767,0.7740693896199364,0.23356998261117862,0.06049802094168526,0.0003010188554838473,0.9616851757047531,16.369858,/data1/deasy/Himangi/breast_feature_extraction/Lobular_outputs/TCGA-D8-A4Z1-01/tils_tsr_wsi_summary.csv,TCGA-D8-A4Z1,Alive,,,659.0,0.0,,,,matched
TCGA-D8-A73U-01Z-00-DX1.6ECEF7C0-00CC-4AC2-87BD-DBFB6E0DC042,TCGA-D8-A73U-01,TCGA-D8-A73U,0.21041731794177776,stroma-high,2.0249125295798596,2.0249125295798596,0.013459907141194993,17.38386545060148,82.61613454939852,1,1,1,1,1,1,0,0.8261613454939852,0.8283580196997924,2.0249125295798596,0.013459907141194993,,0.9420289816213576,0.8463238125,/data1/deasy/Himangi/breast_feature_extraction/Lobular_outputs/TCGA-D8-A73U-01/TCGA-D8-A73U-01Z-00-DX1.6ECEF7C0-00CC-4AC2-87BD-DBFB6E0DC042__tils_tsr_wsi_summary.csv,TCGA-D8-A73U,Alive,,,492.0,0.0,,,,matched
TCGA-E2-A107-01Z-00-DX1.3BFCCC24-7286-488D-A9E9-98E498AD0767,TCGA-E2-A107-01,TCGA-E2-A107,0.947768122361404,stroma-high,0.26322891103017565,0.26322891103017565,0.024543669800201732,48.65918645451308,51.34081354548693,38,13,13,13,13,38,29,0.5134081354548693,0.5136381453917955,0.26322891103017565,0.024543669800201732,0.7126829408063432,0.9121341178759591,168.52526200000003,/data1/deasy/Himangi/breast_feature_extraction/Lobular_outputs/TCGA-E2-A107-01/tils_tsr_wsi_summary.csv,TCGA-E2-A107,Alive,,,1047.0,0.0,,,,matched
TCGA-E2-A10F-01Z-00-DX1.18F9324C-A38F-478E-95DF-B8E172D0DD07,TCGA-E2-A10F-01,TCGA-E2-A10F,0.17283743257353404,stroma-high,0.21395198613710456,0.21395198613710456,0.5011560456010319,14.736691358347958,85.26330864165205,35,8,8,8,8,35,38,0.8526330864165205,0.8523067192676103,0.21395198613710456,0.5011560456010319,0.0,0.9756029577036369,19.089655,/data1/deasy/Himangi/breast_feature_extraction/Lobular_outputs/TCGA-E2-A10F-01/tils_tsr_wsi_summary.csv,TCGA-E2-A10F,Alive,,,878.0,0.0,,,,matched
TCGA-E2-A15L-01Z-00-DX1.626032DC-D396-48E7-B888-DFEBCF7102FF,TCGA-E2-A15L-01,TCGA-E2-A15L,1.3932321153816263,stroma-low,2.915972170295653,2.915972170295653,3.2182312579471914,58.215503060782744,41.784496939217256,29,6,6,6,6,29,29,0.4178449693921725,0.4136043388067417,2.915972170295653,3.2182312579471914,3.9278739362820057,0.916741283178594,132.64852825000003,/data1/deasy/Himangi/breast_feature_extraction/Lobular_outputs/TCGA-E2-A15L-01/tils_tsr_wsi_summary.csv,TCGA-E2-A15L,Alive,,,626.0,0.0,,,,matched
TCGA-E2-A15M-01Z-00-DX1.6E4671E5-18EA-4464-BE7C-C94767136E5C,TCGA-E2-A15M-01,TCGA-E2-A15M,0.3785187343237963,stroma-high,0.339424830261063,0.339424830261063,2.839589659358315,27.458367079027823,72.54163292097218,18,5,5,5,5,18,17,0.7254163292097218,0.7205177838918865,0.339424830261063,2.839589659358315,0.0,0.9730128685043476,21.899825,/data1/deasy/Himangi/breast_feature_extraction/Lobular_outputs/TCGA-E2-A15M-01/tils_tsr_wsi_summary.csv,TCGA-E2-A15M,Dead,336.0,,336.0,1.0,336.0,11.039014373716633,0.919917864476386,matched
TCGA-E2-A1B5-01Z-00-DX1.AB19FF3D-5C42-4D49-ABEA-D2315709B6EA,TCGA-E2-A1B5-01,TCGA-E2-A1B5,0.28583066509763355,stroma-high,4.107736029823384,4.107736029823384,2.805989628606502,22.229261819318204,77.7707381806818,60,22,22,22,22,60,52,0.777707381806818,0.7787327612362305,4.107736029823384,2.805989628606502,4.410967538521626,0.9538413420483344,50.11195250000001,/data1/deasy/Himangi/breast_feature_extraction/Lobular_outputs/TCGA-E2-A1B5-01/tils_tsr_wsi_summary.csv,TCGA-E2-A1B5,Alive,,,984.0,0.0,,,,matched
TCGA-E2-A1IJ-01Z-00-DX1.00093877-7B01-42D3-857C-987BC1F604A3,TCGA-E2-A1IJ-01,TCGA-E2-A1IJ,0.33674396054303335,stroma-high,0.10714985892082002,0.10714985892082002,0.19153367074367525,25.191358291698272,74.80864170830172,31,8,8,8,8,31,38,0.7480864170830173,0.7478994717704076,0.10714985892082002,0.19153367074367525,0.0014262391874415798,0.8990395484669977,52.774277,/data1/deasy/Himangi/breast_feature_extraction/Lobular_outputs/TCGA-E2-A1IJ-01/tils_tsr_wsi_summary.csv,TCGA-E2-A1IJ,Alive,,,865.0,0.0,,,,matched
TCGA-E2-A1IL-01Z-00-DX1.46B6AA99-C7CE-4573-B15D-2C56A708B082,TCGA-E2-A1IL-01,TCGA-E2-A1IL,0.24989627237702994,stroma-high,0.21415900063865673,0.21415900063865673,0.6787242135111655,19.993360881201905,80.00663911879809,46,12,12,12,12,46,50,0.800066391187981,0.7994142427635286,0.21415900063865673,0.6787242135111655,0.17211546768467087,0.8743656728177709,39.366827,/data1/deasy/Himangi/breast_feature_extraction/Lobular_outputs/TCGA-E2-A1IL-01/tils_tsr_wsi_summary.csv,TCGA-E2-A1IL,Alive,,,118.0,0.0,,,,matched
TCGA-E2-A1L8-01Z-00-DX1.842BF73D-2D64-4ABA-880D-DBE8F4C2AA19,TCGA-E2-A1L8-01,TCGA-E2-A1L8,0.3527288675964594,stroma-high,5.675790662258852,5.675790662258852,2.6018723647122597,26.075355974563564,73.92464402543645,13,4,4,4,4,13,12,0.7392464402543645,0.7422488494566696,5.675790662258852,2.6018723647122597,8.69686705032081,0.9778046388730638,18.349053,/data1/deasy/Himangi/breast_feature_extraction/Lobular_outputs/TCGA-E2-A1L8-01/tils_tsr_wsi_summary.csv,TCGA-E2-A1L8,Alive,,,2240.0,0.0,,,,matched
TCGA-E2-A2P6-01Z-00-DX1.9D8060AA-881F-49FF-AEF5-B40A3625A44A,TCGA-E2-A2P6-01,TCGA-E2-A2P6,0.7388883653887426,stroma-high,9.679116369960825,9.679116369960825,4.587392279393893,42.49199546651507,57.50800453348492,43,11,11,11,11,43,46,0.5750800453348492,0.5783669167392665,9.679116369960825,4.587392279393893,8.01814584030847,0.9554196750636613,92.46879050000001,/data1/deasy/Himangi/breast_feature_extraction/Lobular_outputs/TCGA-E2-A2P6-01/tils_tsr_wsi_summary.csv,TCGA-E2-A2P6,Alive,,,1051.0,0.0,,,,matched
TCGA-E2-A3DX-01Z-00-DX1.75094CA2-CE51-4886-A564-BD10043A6E4C,TCGA-E2-A3DX-01,TCGA-E2-A3DX,0.36191315655139,stroma-high,6.279764624456476,6.279764624456476,3.31589737026797,26.573879164793407,73.4261208352066,55,10,10,10,10,55,60,0.734261208352066,0.7368633854128028,6.279764624456476,3.31589737026797,4.485005902962764,0.9858106655811627,64.7461885,/data1/deasy/Himangi/breast_feature_extraction/Lobular_outputs/TCGA-E2-A3DX-01/tils_tsr_wsi_summary.csv,TCGA-E2-A3DX,Alive,,,1325.0,0.0,,,,matched
TCGA-E2-A576-01Z-00-DX1.2E045763-7EB0-48F5-8C47-E4B84287D739,TCGA-E2-A576-01,TCGA-E2-A576,0.48831569608660275,stroma-high,2.8833585354403577,2.8833585354403577,1.455031375905632,32.809954055486116,67.19004594451388,9,3,3,3,3,9,6,0.6719004594451389,0.672187634066925,2.8833585354403577,1.455031375905632,0.0,0.8914656163720514,22.978665,/data1/deasy/Himangi/breast_feature_extraction/Lobular_outputs/TCGA-E2-A576-01/tils_tsr_wsi_summary.csv,TCGA-E2-A576,Alive,,,1043.0,0.0,,,,matched
TCGA-E9-A295-01Z-00-DX1.ED6CC024-56E7-45A9-B41F-F84550A899F7,TCGA-E9-A295-01,TCGA-E9-A295,0.29837338718618117,stroma-high,2.9554027359158965,2.9554027359158965,2.22786321529825,22.98055321611392,77.01944678388608,72,13,13,13,13,72,91,0.7701944678388608,0.770069976275139,2.9554027359158965,2.22786321529825,2.6184293633023765,0.9997306456206532,108.89581037499998,/data1/deasy/Himangi/breast_feature_extraction/Lobular_outputs/TCGA-E9-A295-01/tils_tsr_wsi_summary.csv,TCGA-E9-A295,Alive,,,375.0,0.0,,,,matched
TCGA-E9-A2JS-01Z-00-DX1.445BA2F8-3A4A-49D2-8D41-4ACFD32F2074,TCGA-E9-A2JS-01,TCGA-E9-A2JS,1.0306324671537326,stroma-low,3.6417671850282662,3.6417671850282662,1.570485619812266,50.75425926772138,49.24574073227862,27,1,1,1,1,27,40,0.4924574073227862,0.4931295656703156,3.6417671850282662,1.570485619812266,1.2588983050230964,0.9794932634721247,150.686969,/data1/deasy/Himangi/breast_feature_extraction/Lobular_outputs/TCGA-E9-A2JS-01/tils_tsr_wsi_summary.csv,TCGA-E9-A2JS,Dead,904.0,,904.0,1.0,904.0,29.700205338809035,2.4750171115674195,matched
TCGA-E9-A2JT-01Z-00-DX1.49C2B936-3B1A-4014-8B43-26D483DEF53A,TCGA-E9-A2JT-01,TCGA-E9-A2JT,0.7457281145958707,stroma-high,16.11599864370801,16.11599864370801,12.21028813649419,42.71731138204782,57.28268861795217,7,7,7,7,7,7,0,0.5728268861795217,0.5734198516829938,16.11599864370801,12.21028813649419,,0.9326443261393432,5.988661,/data1/deasy/Himangi/breast_feature_extraction/Lobular_outputs/TCGA-E9-A2JT-01/tils_tsr_wsi_summary.csv,TCGA-E9-A2JT,Alive,,,288.0,0.0,,,,matched
TCGA-E9-A3HO-01Z-00-DX1.8C897764-4CD4-40DE-9F8B-7F1BE5FF89C7,TCGA-E9-A3HO-01,TCGA-E9-A3HO,1.9354868064517745,stroma-low,25.0508837080716,25.0508837080716,13.276315149709534,65.93409999996781,34.065900000032194,24,6,6,6,6,24,24,0.34065900000032195,0.35261974369103327,25.0508837080716,13.276315149709534,18.264536822225665,0.9765143710735634,96.54640900000001,/data1/deasy/Himangi/breast_feature_extraction/Lobular_outputs/TCGA-E9-A3HO-01/tils_tsr_wsi_summary.csv,TCGA-E9-A3HO,Alive,,,1158.0,0.0,,,,matched
TCGA-E9-A3Q9-01Z-00-DX1.2D0CA5D4-CCE5-4647-BFB3-D5359F53DA83,TCGA-E9-A3Q9-01,TCGA-E9-A3Q9,1.5396364266231455,stroma-low,25.37927552797622,25.37927552797622,17.0869403031441,60.62428505446897,39.37571494553102,19,4,4,4,4,19,18,0.3937571494553102,0.39074894121846804,25.37927552797622,17.0869403031441,16.949019519993602,0.975995999008691,101.232632,/data1/deasy/Himangi/breast_feature_extraction/Lobular_outputs/TCGA-E9-A3Q9-01/tils_tsr_wsi_summary.csv,TCGA-E9-A3Q9,Alive,,,1001.0,0.0,,,,matched
TCGA-E9-A3X8-01Z-00-DX1.D1532F80-F5F8-47AF-8A1B-B59E345F5D70,TCGA-E9-A3X8-01,TCGA-E9-A3X8,0.17887240434766444,stroma-high,1.7840354797501128,1.7840354797501128,2.0173177217673413,15.173177664349897,84.82682233565009,39,2,2,2,2,39,62,0.848268223356501,0.8482451311272293,1.7840354797501128,2.0173177217673413,2.409563749971228,0.9868421052654042,24.424746,/data1/deasy/Himangi/breast_feature_extraction/Lobular_outputs/TCGA-E9-A3X8-01/tils_tsr_wsi_summary.csv,TCGA-E9-A3X8,Alive,,,926.0,0.0,,,,matched
TCGA-E9-A5FK-01Z-00-DX1.3F002C99-B4CA-4068-A816-EAC370A2E8C4,TCGA-E9-A5FK-01,TCGA-E9-A5FK,0.3177269744768401,stroma-high,16.20516808575895,16.20516808575895,15.687621524452563,24.111745500465535,75.88825449953447,36,12,12,12,12,36,41,0.7588825449953447,0.7555304992204617,16.20516808575895,15.687621524452563,22.298403925927385,0.9727595357321089,27.86430675,/data1/deasy/Himangi/breast_feature_extraction/Lobular_outputs/TCGA-E9-A5FK-01/tils_tsr_wsi_summary.csv,TCGA-E9-A5FK,Alive,,,812.0,0.0,,,,matched
TCGA-E9-A6HE-01Z-00-DX1.97514DBA-9BC0-4554-9A43-99C48C6B953A,TCGA-E9-A6HE-01,TCGA-E9-A6HE,0.6082563604803192,stroma-high,3.6719433612009302,3.6719433612009302,3.0652841652854175,37.820858379733586,62.17914162026642,10,4,4,4,4,10,7,0.6217914162026642,0.6181249959724893,3.6719433612009302,3.0652841652854175,10.835287963101747,0.7747505677296459,77.6284385,/data1/deasy/Himangi/breast_feature_extraction/Lobular_outputs/TCGA-E9-A6HE-01/tils_tsr_wsi_summary.csv,TCGA-E9-A6HE,Alive,,,847.0,0.0,,,,matched
TCGA-EW-A1IW-01Z-00-DX1.0DE87057-951F-4887-A2D5-485736D66E4E,TCGA-EW-A1IW-01,TCGA-EW-A1IW,0.22527996376622636,stroma-high,2.2783046160437377,2.2783046160437377,1.96820388540647,18.385999153513293,81.6140008464867,65,19,19,19,19,65,64,0.816140008464867,0.8162381600265614,2.2783046160437377,1.96820388540647,4.038008050126602,0.9934099431464846,45.30757274999999,/data1/deasy/Himangi/breast_feature_extraction/Lobular_outputs/TCGA-EW-A1IW-01/tils_tsr_wsi_summary.csv,TCGA-EW-A1IW,Alive,,,371.0,0.0,,,,matched
TCGA-EW-A1J2-01Z-00-DX1.F1D8E593-2DF4-44C3-873D-FD3C910011E4,TCGA-EW-A1J2-01,TCGA-EW-A1J2,0.34282442724867807,stroma-high,2.2181710775725243,2.2181710775725243,2.3955563608780457,25.530100606755667,74.46989939324433,16,5,5,5,5,16,13,0.7446989939324433,0.7435421085531031,2.2181710775725243,2.3955563608780457,0.09626608120172359,0.8687635550489207,20.69605175,/data1/deasy/Himangi/breast_feature_extraction/Lobular_outputs/TCGA-EW-A1J2-01/tils_tsr_wsi_summary.csv,TCGA-EW-A1J2,Alive,,,403.0,0.0,,,,matched
TCGA-EW-A1J3-01Z-00-DX1.F736F6F4-0859-439A-A417-98B520C8D65A,TCGA-EW-A1J3-01,TCGA-EW-A1J3,0.5385252906247483,stroma-high,7.654483528154918,7.654483528154918,4.8284534716452665,35.002693417283346,64.99730658271665,68,11,11,11,11,68,77,0.6499730658271664,0.651552855739765,7.654483528154918,4.8284534716452665,5.96775774111016,0.9032887188602182,80.368820125,/data1/deasy/Himangi/breast_feature_extraction/Lobular_outputs/TCGA-EW-A1J3-01/tils_tsr_wsi_summary.csv,TCGA-EW-A1J3,Alive,,,504.0,0.0,,,,matched
TCGA-EW-A1J5-01Z-00-DX1.FFE303B1-7F36-4276-B931-C2A6B2CBD1F2,TCGA-EW-A1J5-01,TCGA-EW-A1J5,0.6738311189245096,stroma-high,16.9622691371975,16.9622691371975,19.525498738623117,40.256816312357,59.74318368764301,80,6,6,6,6,80,117,0.5974318368764301,0.5762790753273583,16.9622691371975,19.525498738623117,10.686099679855754,0.999029710900953,193.94285349999998,/data1/deasy/Himangi/breast_feature_extraction/Lobular_outputs/TCGA-EW-A1J5-01/tils_tsr_wsi_summary.csv,TCGA-EW-A1J5,Alive,,,477.0,0.0,,,,matched
TCGA-EW-A1PG-01Z-00-DX1.A31B2048-D04D-467C-A9E4-6A63942A58C6,TCGA-EW-A1PG-01,TCGA-EW-A1PG,0.5672573559907295,stroma-high,1.9660694460062589,1.9660694460062589,1.0065083295855999,36.19426980657827,63.80573019342174,50,13,13,13,13,50,55,0.6380573019342174,0.6382640140696848,1.9660694460062589,1.0065083295855999,4.579645902739937,0.9483954600200895,82.80696500000002,/data1/deasy/Himangi/breast_feature_extraction/Lobular_outputs/TCGA-EW-A1PG-01/tils_tsr_wsi_summary.csv,TCGA-EW-A1PG,Alive,,,1051.0,0.0,,,,matched
TCGA-EW-A3E8-01Z-00-DX1.E185B2E4-3E16-4C66-90D7-FDB9A14BA00D,TCGA-EW-A3E8-01,TCGA-EW-A3E8,0.21385653871201046,stroma-high,2.2623439275866324,2.2623439275866324,5.516326897676463,17.617941815342338,82.38205818465765,40,12,12,12,12,40,37,0.8238205818465766,0.8198485006556212,2.2623439275866324,5.516326897676463,3.0135528102997444,0.9742758268149992,26.485906,/data1/deasy/Himangi/breast_feature_extraction/Lobular_outputs/TCGA-EW-A3E8-01/tils_tsr_wsi_summary.csv,TCGA-EW-A3E8,Alive,,,1035.0,0.0,,,,matched
TCGA-EW-A423-01Z-00-DX1.31502D62-9C83-4A9C-9682-05A185486EAA,TCGA-EW-A423-01,TCGA-EW-A423,1.4802488206956368,stroma-low,8.259580997392016,8.259580997392016,6.356131103825858,59.68146455082158,40.31853544917842,37,7,7,7,7,37,47,0.4031853544917842,0.40056351639128684,8.259580997392016,6.356131103825858,0.8752484032062932,0.9656884979467367,112.32033775,/data1/deasy/Himangi/breast_feature_extraction/Lobular_outputs/TCGA-EW-A423-01/TCGA-EW-A423-01Z-00-DX1.31502D62-9C83-4A9C-9682-05A185486EAA__tils_tsr_wsi_summary.csv,TCGA-EW-A423,Alive,,,533.0,0.0,,,,matched
TCGA-EW-A423-01Z-00-DX2.5EF1CF39-600A-4ED3-A5A2-AF4435A5F8B5,TCGA-EW-A423-01,TCGA-EW-A423,1.4882320415232388,stroma-low,3.117156703783505,3.117156703783505,4.719711654297277,59.81082216963082,40.18917783036918,46,11,11,11,11,46,52,0.4018917783036918,0.3944459013287274,3.117156703783505,4.719711654297277,0.21508298680353619,0.94879010017535,170.68981250000002,/data1/deasy/Himangi/breast_feature_extraction/Lobular_outputs/TCGA-EW-A423-01/TCGA-EW-A423-01Z-00-DX2.5EF1CF39-600A-4ED3-A5A2-AF4435A5F8B5__tils_tsr_wsi_summary.csv,TCGA-EW-A423,Alive,,,533.0,0.0,,,,matched
TCGA-EW-A424-01Z-00-DX1.662894F0-31FE-494B-9A9E-7C369AE23D27,TCGA-EW-A424-01,TCGA-EW-A424,0.405686714343619,stroma-high,1.298361479016022,1.298361479016022,3.8073965351085723,28.860393301294955,71.13960669870504,100,9,9,9,9,100,135,0.7113960669870504,0.7059536440745903,1.298361479016022,3.8073965351085723,1.6838687176410836,0.9352338634056269,145.517896,/data1/deasy/Himangi/breast_feature_extraction/Lobular_outputs/TCGA-EW-A424-01/tils_tsr_wsi_summary.csv,TCGA-EW-A424,Alive,,,715.0,0.0,,,,matched
TCGA-EW-A6SC-01Z-00-DX1.C2D50E7C-3AD0-4038-9A1C-CAE54A3FBE2F,TCGA-EW-A6SC-01,TCGA-EW-A6SC,0.326956322101356,stroma-high,12.928311007206014,12.928311007206014,13.412495482676153,24.63956926506751,75.36043073493248,65,8,8,8,8,65,85,0.7536043073493248,0.7488531506768477,12.928311007206014,13.412495482676153,12.567267743827795,0.9306798500321967,67.790142,/data1/deasy/Himangi/breast_feature_extraction/Lobular_outputs/TCGA-EW-A6SC-01/tils_tsr_wsi_summary.csv,TCGA-EW-A6SC,Alive,,,952.0,0.0,,,,matched
TCGA-GM-A2DO-01Z-00-DX1.60817A51-93B7-483D-ABC9-8ED6341C6660,TCGA-GM-A2DO-01,TCGA-GM-A2DO,8.56864771235675,stroma-low,84.76964259651673,84.76964259651673,23.84753689022544,89.54920245722266,10.450797542777348,5,1,1,1,1,5,4,0.10450797542777349,0.23457247217091148,84.76964259651673,23.84753689022544,84.16194081055582,0.9972189118999427,32.42462325,/data1/deasy/Himangi/breast_feature_extraction/Lobular_outputs/TCGA-GM-A2DO-01/tils_tsr_wsi_summary.csv,TCGA-GM-A2DO,Alive,,,2596.0,0.0,,,,matched
TCGA-GM-A3NW-01Z-00-DX1.3B0324F0-4007-4390-AF26-3789A50684E5,TCGA-GM-A3NW-01,TCGA-GM-A3NW,0.8744815833933672,stroma-high,5.583606464891003,5.583606464891003,5.481562543557569,46.65191651604794,53.34808348395206,20,8,8,8,8,20,12,0.5334808348395206,0.5245846245132975,5.583606464891003,5.481562543557569,1.746933973398102,0.9457339018370766,111.251111,/data1/deasy/Himangi/breast_feature_extraction/Lobular_outputs/TCGA-GM-A3NW-01/tils_tsr_wsi_summary.csv,TCGA-GM-A3NW,Alive,,,3361.0,0.0,,,,matched
TCGA-GM-A3NY-01Z-00-DX1.BEED8B8F-5A1B-4CE2-BB5D-A7ED40551AE4,TCGA-GM-A3NY-01,TCGA-GM-A3NY,0.8552323494898466,stroma-high,4.347498663590825,4.347498663590825,6.977220941895766,46.098395692863974,53.90160430713602,21,6,6,6,6,21,18,0.5390160430713602,0.5271803636968915,4.347498663590825,6.977220941895766,3.657558947966835,0.9844374375742811,84.76736675,/data1/deasy/Himangi/breast_feature_extraction/Lobular_outputs/TCGA-GM-A3NY-01/tils_tsr_wsi_summary.csv,TCGA-GM-A3NY,Alive,,,1162.0,0.0,,,,matched
TCGA-GM-A3XG-01Z-00-DX1.68FFB600-8573-451F-8100-D11DB091F457,TCGA-GM-A3XG-01,TCGA-GM-A3XG,0.5228046892005401,stroma-high,1.015190701296746,1.015190701296746,1.5229741250028566,34.33169682942126,65.66830317057874,60,1,1,1,1,60,112,0.6566830317057873,0.6549797845193461,1.015190701296746,1.5229741250028566,0.2648951115726396,0.9829721361713116,91.5412685,/data1/deasy/Himangi/breast_feature_extraction/Lobular_outputs/TCGA-GM-A3XG-01/tils_tsr_wsi_summary.csv,TCGA-GM-A3XG,Alive,,,1330.0,0.0,,,,matched
TCGA-GM-A3XN-01Z-00-DX1.49F5C8AC-0328-4BC2-9FE2-E7150B7A42E2,TCGA-GM-A3XN-01,TCGA-GM-A3XN,0.20590266381179903,stroma-high,1.9129596482830382,1.9129596482830382,2.921081254949001,17.074567458118953,82.92543254188105,91,14,14,14,14,91,115,0.8292543254188105,0.8280811305976921,1.9129596482830382,2.921081254949001,1.7802440609682186,0.9754831175914279,64.66889499999999,/data1/deasy/Himangi/breast_feature_extraction/Lobular_outputs/TCGA-GM-A3XN-01/tils_tsr_wsi_summary.csv,TCGA-GM-A3XN,Alive,,,2019.0,0.0,,,,matched
TCGA-GM-A4E0-01Z-00-DX1.55A5D765-AA35-4052-9185-6872B580F0F6,TCGA-GM-A4E0-01,TCGA-GM-A4E0,0.2912122768473255,stroma-high,14.983934097520843,14.983934097520843,24.16954324954767,22.55340055768063,77.44659944231937,9,8,8,8,8,9,1,0.7744659944231936,0.7530774628676271,14.983934097520843,24.16954324954767,0.0,0.9197170531633603,6.028893,/data1/deasy/Himangi/breast_feature_extraction/Lobular_outputs/TCGA-GM-A4E0-01/tils_tsr_wsi_summary.csv,TCGA-GM-A4E0,Alive,,,2191.0,0.0,,,,matched
TCGA-HN-A2OB-01Z-00-DX1.14F1FBFB-4540-43CE-9D79-5BC628640424,TCGA-HN-A2OB-01,TCGA-HN-A2OB,0.4385274551992595,stroma-high,0.1788824746175723,0.1788824746175723,2.9625318954707494,30.484468934832833,69.51553106516718,11,6,6,6,6,11,5,0.6951553106516718,0.6896146763357747,0.1788824746175723,2.9625318954707494,0.0,0.8340843066435418,9.539712,/data1/deasy/Himangi/breast_feature_extraction/Lobular_outputs/TCGA-HN-A2OB-01/tils_tsr_wsi_summary.csv,TCGA-HN-A2OB,Dead,1900.0,,1900.0,1.0,1900.0,62.42299794661191,5.201916495550993,matched
TCGA-JL-A3YW-01Z-00-DX1.827C5C53-9C30-4307-802A-5A7896828A7F,TCGA-JL-A3YW-01,TCGA-JL-A3YW,1.0087738584934638,stroma-low,24.052081252431154,24.052081252431154,13.243272069740897,50.21838840784307,49.781611592156914,9,4,4,4,4,9,6,0.49781611592156916,0.4953666134992327,24.052081252431154,13.243272069740897,23.15123528540591,0.9094207053166236,38.015519749999996,/data1/deasy/Himangi/breast_feature_extraction/Lobular_outputs/TCGA-JL-A3YW-01/tils_tsr_wsi_summary.csv,TCGA-JL-A3YW,Alive,,,360.0,0.0,,,,matched
TCGA-JL-A3YX-01Z-00-DX1.0FE8F389-F79A-4CF8-A83C-420380A02552,TCGA-JL-A3YX-01,TCGA-JL-A3YX,0.6660299030483637,stroma-high,1.763400334931165,1.763400334931165,0.9249393682707343,39.97706774828694,60.022932251713044,31,6,6,6,6,31,31,0.6002293225171305,0.5997248225698552,1.763400334931165,0.9249393682707343,2.4017619590135255,0.998229967029443,149.64021599999998,/data1/deasy/Himangi/breast_feature_extraction/Lobular_outputs/TCGA-JL-A3YX-01/tils_tsr_wsi_summary.csv,TCGA-JL-A3YX,Alive,,,352.0,0.0,,,,matched
TCGA-LD-A66U-01Z-00-DX1.AEC25C62-0519-47ED-A85B-2A964BA2BA87,TCGA-LD-A66U-01,TCGA-LD-A66U,0.6296903706571,stroma-high,4.240651921854583,4.240651921854583,0.7917477890570229,38.63865075199563,61.36134924800436,21,5,5,5,5,21,28,0.6136134924800436,0.6152390268984589,4.240651921854583,0.7917477890570229,9.40346231560375,0.9652827406547047,96.32146231249999,/data1/deasy/Himangi/breast_feature_extraction/Lobular_outputs/TCGA-LD-A66U-01/tils_tsr_wsi_summary.csv,TCGA-LD-A66U,Alive,,,646.0,0.0,,,,matched
TCGA-LL-A440-01Z-00-DX1.6E031FD6-236C-49FA-B920-4CB120C59037,TCGA-LL-A440-01,TCGA-LL-A440,0.8260886245022412,stroma-high,0.25107653976448097,0.25107653976448097,1.1964504615937466,45.23814525855327,54.76185474144673,14,4,4,4,4,14,11,0.5476185474144674,0.5451818755493302,0.25107653976448097,1.1964504615937466,0.0,0.8920584091116444,19.870883999999997,/data1/deasy/Himangi/breast_feature_extraction/Lobular_outputs/TCGA-LL-A440-01/tils_tsr_wsi_summary.csv,TCGA-LL-A440,Alive,,,759.0,0.0,,,,matched
TCGA-LL-A50Y-01Z-00-DX1.7F08413F-2C59-4322-9296-84F8CD3DF619,TCGA-LL-A50Y-01,TCGA-LL-A50Y,0.7941260577147529,stroma-high,6.762213215787635,6.762213215787635,5.941825769824106,44.262556373896146,55.73744362610387,13,6,6,6,6,13,8,0.5573744362610387,0.5528364116098528,6.762213215787635,5.941825769824106,0.9485635468014789,0.9854083509610257,34.985232,/data1/deasy/Himangi/breast_feature_extraction/Lobular_outputs/TCGA-LL-A50Y-01/tils_tsr_wsi_summary.csv,TCGA-LL-A50Y,Alive,,,762.0,0.0,,,,matched
TCGA-LL-A5YL-01Z-00-DX1.164C74AB-87D5-46CC-9D96-33FE1F88DC80,TCGA-LL-A5YL-01,TCGA-LL-A5YL,0.31390798894415545,stroma-high,1.9310696416084978,1.9310696416084978,1.2348619365101874,23.891169822051932,76.10883017794808,110,11,11,11,11,110,163,0.7610883017794807,0.7616098734477912,1.9310696416084978,1.2348619365101874,2.188128231751448,0.9072604048266922,109.12741199999999,/data1/deasy/Himangi/breast_feature_extraction/Lobular_outputs/TCGA-LL-A5YL-01/tils_tsr_wsi_summary.csv,TCGA-LL-A5YL,Alive,,,519.0,0.0,,,,matched
TCGA-LL-A6FP-01Z-00-DX1.6261398A-7288-4924-BBE2-FC1949256E40,TCGA-LL-A6FP-01,TCGA-LL-A6FP,0.29791214991646303,stroma-high,2.3673621670332765,2.3673621670332765,6.7059971369978415,22.953182920403155,77.04681707959683,15,5,5,5,5,15,14,0.7704681707959684,0.7627447170668745,2.3673621670332765,6.7059971369978415,0.3497280666898025,0.9521561164751015,12.702951,/data1/deasy/Himangi/breast_feature_extraction/Lobular_outputs/TCGA-LL-A6FP-01/tils_tsr_wsi_summary.csv,TCGA-LL-A6FP,Alive,,,0.0,0.0,,,,matched
TCGA-LQ-A4E4-01Z-00-DX1.CF422C39-614F-4F14-813B-95BB7B171977,TCGA-LQ-A4E4-01,TCGA-LQ-A4E4,1.011591637258496,stroma-low,13.284611066279359,13.284611066279359,9.648391675433421,50.28812103420488,49.71187896579512,46,13,13,13,13,46,43,0.4971187896579512,0.49135341213280626,13.284611066279359,9.648391675433421,8.63416155713032,0.9075662912115896,105.709464,/data1/deasy/Himangi/breast_feature_extraction/Lobular_outputs/TCGA-LQ-A4E4-01/tils_tsr_wsi_summary.csv,TCGA-LQ-A4E4,Alive,,,849.0,0.0,,,,matched
TCGA-OK-A5Q2-01Z-00-DX1.0D169898-37C6-44CA-AC87-27887123AA6F,TCGA-OK-A5Q2-01,TCGA-OK-A5Q2,0.3319199904758147,stroma-high,8.575038840578324,8.575038840578324,13.742971018818864,24.92041510370602,75.07958489629398,58,18,18,18,18,58,57,0.7507958489629398,0.7392658774704158,8.575038840578324,13.742971018818864,10.059598391869667,0.9663425929913659,47.3328056875,/data1/deasy/Himangi/breast_feature_extraction/Lobular_outputs/TCGA-OK-A5Q2-01/TCGA-OK-A5Q2-01Z-00-DX1.0D169898-37C6-44CA-AC87-27887123AA6F__tils_tsr_wsi_summary.csv,TCGA-OK-A5Q2,Alive,,,64.0,0.0,,,,matched
TCGA-OK-A5Q2-01Z-00-DX2.C828A160-87DF-4625-A8C5-2057F61D54F4,TCGA-OK-A5Q2-01,TCGA-OK-A5Q2,0.2633019406697418,stroma-high,7.297801405274805,7.297801405274805,10.82917585893449,20.842360182724946,79.15763981727505,57,14,14,14,14,57,59,0.7915763981727505,0.7848746829619105,7.297801405274805,10.82917585893449,3.7247396498157426,0.9872370240683225,49.06225000000002,/data1/deasy/Himangi/breast_feature_extraction/Lobular_outputs/TCGA-OK-A5Q2-01/TCGA-OK-A5Q2-01Z-00-DX2.C828A160-87DF-4625-A8C5-2057F61D54F4__tils_tsr_wsi_summary.csv,TCGA-OK-A5Q2,Alive,,,64.0,0.0,,,,matched
TCGA-OK-A5Q2-01Z-00-DX3.5F9215C3-E407-46F8-968E-503D7D14605C,TCGA-OK-A5Q2-01,TCGA-OK-A5Q2,0.31844440505846816,stroma-high,6.563033111285052,6.563033111285052,11.102293015466508,24.153040039966363,75.84695996003363,128,11,11,11,11,128,182,0.7584695996003363,0.748446759716673,6.563033111285052,11.102293015466508,4.841445091234925,0.9594957365554454,127.65997450000002,/data1/deasy/Himangi/breast_feature_extraction/Lobular_outputs/TCGA-OK-A5Q2-01/TCGA-OK-A5Q2-01Z-00-DX3.5F9215C3-E407-46F8-968E-503D7D14605C__tils_tsr_wsi_summary.csv,TCGA-OK-A5Q2,Alive,,,64.0,0.0,,,,matched
TCGA-OK-A5Q2-01Z-00-DX4.83B45D6C-E350-4436-812F-4155D9F7D331,TCGA-OK-A5Q2-01,TCGA-OK-A5Q2,0.4414858696324092,stroma-high,5.551106485029255,5.551106485029255,7.642800638523194,30.627138214333783,69.37286178566623,66,8,8,8,8,66,111,0.6937286178566623,0.6868645856972394,5.551106485029255,7.642800638523194,5.2494052015329125,0.92666309307859,87.8336930625,/data1/deasy/Himangi/breast_feature_extraction/Lobular_outputs/TCGA-OK-A5Q2-01/TCGA-OK-A5Q2-01Z-00-DX4.83B45D6C-E350-4436-812F-4155D9F7D331__tils_tsr_wsi_summary.csv,TCGA-OK-A5Q2,Alive,,,64.0,0.0,,,,matched
TCGA-OL-A5DA-01Z-00-DX1.1B1E9CC4-7B42-43BB-A1D7-A26F1D1F8557,TCGA-OL-A5DA-01,TCGA-OL-A5DA,0.9534353004355197,stroma-high,21.276623891530242,21.276623891530242,22.916174169506355,48.80813304760853,51.191866952391486,20,5,5,5,5,20,18,0.5119186695239148,0.4812145188696193,21.276623891530242,22.916174169506355,10.778633457230633,0.9817873616810671,92.063664,/data1/deasy/Himangi/breast_feature_extraction/Lobular_outputs/TCGA-OL-A5DA-01/tils_tsr_wsi_summary.csv,TCGA-OL-A5DA,Alive,,,1783.0,0.0,,,,matched
TCGA-OL-A66J-01Z-00-DX1.661F7F70-E4D4-4875-B8C4-556F7927F3BA,TCGA-OL-A66J-01,TCGA-OL-A66J,0.5257440897999921,stroma-high,0.08504210493785853,0.08504210493785853,0.29107307732698773,34.458209165923186,65.54179083407682,26,10,10,10,10,26,22,0.6554179083407682,0.6548903122434276,0.08504210493785853,0.29107307732698773,0.0,0.9499640601176378,71.477164125,/data1/deasy/Himangi/breast_feature_extraction/Lobular_outputs/TCGA-OL-A66J-01/tils_tsr_wsi_summary.csv,TCGA-OL-A66J,Alive,,,1996.0,0.0,,,,matched
TCGA-OL-A66K-01Z-00-DX1.C1DC85F1-4FAE-4411-9886-11DCB5E70CC3,TCGA-OL-A66K-01,TCGA-OL-A66K,0.4005816622436511,stroma-high,0.06472749257109375,0.06472749257109375,0.09799228750302505,28.601092891787715,71.39890710821228,110,26,26,26,26,110,114,0.7139890710821228,0.7138644583999206,0.06472749257109375,0.09799228750302505,0.0004546054452532466,0.9903490037867441,277.850809125,/data1/deasy/Himangi/breast_feature_extraction/Lobular_outputs/TCGA-OL-A66K-01/tils_tsr_wsi_summary.csv,TCGA-OL-A66K,Dead,1275.0,,1275.0,1.0,1275.0,41.889117043121146,3.490759753593429,matched
TCGA-OL-A66N-01Z-00-DX1.ABDA3014-7B3A-4D48-A415-CB9608491ECB,TCGA-OL-A66N-01,TCGA-OL-A66N,0.3360791853705367,stroma-high,14.324051043806163,14.324051043806163,23.358905264169227,25.154136749561847,74.84586325043816,19,7,7,7,7,19,15,0.7484586325043816,0.7241492743607876,14.324051043806163,23.358905264169227,16.404643286661315,0.9999999994220099,18.318559500000003,/data1/deasy/Himangi/breast_feature_extraction/Lobular_outputs/TCGA-OL-A66N-01/tils_tsr_wsi_summary.csv,TCGA-OL-A66N,Alive,,,792.0,0.0,,,,matched
TCGA-OL-A6VQ-01Z-00-DX1.E3B81163-0239-47C3-B53F-064405B58685,TCGA-OL-A6VQ-01,TCGA-OL-A6VQ,4.685490097251983,stroma-low,31.348012106703184,31.348012106703184,1.7113918478833483,82.41136677938567,17.588633220614327,3,3,3,3,3,3,0,0.17588633220614328,0.18716682997046027,31.348012106703184,1.7113918478833483,,0.9844295049082857,144.831762,/data1/deasy/Himangi/breast_feature_extraction/Lobular_outputs/TCGA-OL-A6VQ-01/tils_tsr_wsi_summary.csv,TCGA-OL-A6VQ,Alive,,,600.0,0.0,,,,matched
TCGA-PE-A5DC-01Z-00-DX1.8E6953AD-C14A-43F5-B062-E31AB13C7BDF,TCGA-PE-A5DC-01,TCGA-PE-A5DC,0.2505870895100697,stroma-high,33.37454616385415,33.37454616385415,32.10004757833767,20.037556089615457,79.96244391038454,4,3,3,3,3,4,1,0.7996244391038454,0.8057037724254161,33.37454616385415,32.10004757833767,16.080881891536816,0.9114583332678791,2.066364,/data1/deasy/Himangi/breast_feature_extraction/Lobular_outputs/TCGA-PE-A5DC-01/tils_tsr_wsi_summary.csv,TCGA-PE-A5DC,Dead,1430.0,,1430.0,1.0,1430.0,46.98151950718686,3.915126625598905,matched
TCGA-PE-A5DD-01Z-00-DX1.E1EF11EC-B87B-49DE-A544-2E162F9AE789,TCGA-PE-A5DD-01,TCGA-PE-A5DD,0.14744525085712812,stroma-high,21.96258882175682,21.96258882175682,37.98277170332724,12.849872422844422,87.15012757715557,2,2,2,2,2,2,0,0.8715012757715558,0.8500190384126697,21.96258882175682,37.98277170332724,,0.9523809487801994,0.831744,/data1/deasy/Himangi/breast_feature_extraction/Lobular_outputs/TCGA-PE-A5DD-01/tils_tsr_wsi_summary.csv,TCGA-PE-A5DD,Alive,,,1953.0,0.0,,,,matched
TCGA-PE-A5DE-01Z-00-DX1.88B354F2-5485-44AA-A057-89E40B988F69,TCGA-PE-A5DE-01,TCGA-PE-A5DE,0.21155506207058924,stroma-high,22.07661617920391,22.07661617920391,27.06805283279702,17.46144840574017,82.53855159425983,2,2,2,2,2,2,0,0.8253855159425983,0.8226655252570019,22.07661617920391,27.06805283279702,,0.9610194888212144,0.675792,/data1/deasy/Himangi/breast_feature_extraction/Lobular_outputs/TCGA-PE-A5DE-01/tils_tsr_wsi_summary.csv,TCGA-PE-A5DE,Alive,,,2645.0,0.0,,,,matched
TCGA-W8-A86G-01Z-00-DX2.DEC2CC1C-3662-43C6-A5CB-EC94B343FA3D,TCGA-W8-A86G-01,TCGA-W8-A86G,0.6928535441417771,stroma-high,1.8516617075323352,1.8516617075323352,5.72478955639097,40.92814446585997,59.07185553414003,27,7,7,7,7,27,24,0.5907185553414003,0.5803389841458066,1.8516617075323352,5.72478955639097,0.2525330548495013,0.9546561485340223,26.910644124999997,/data1/deasy/Himangi/breast_feature_extraction/Lobular_outputs/TCGA-W8-A86G-01/tils_tsr_wsi_summary.csv,TCGA-W8-A86G,Alive,,,347.0,0.0,,,,matched
TCGA-WT-AB44-01Z-00-DX1.B6ECEA7C-DA26-4B34-88CE-6834631DFA35,TCGA-WT-AB44-01,TCGA-WT-AB44,0.7047369903527113,stroma-high,0.6854637602798764,0.6854637602798764,0.3852104920744067,41.33992482951289,58.660075170487104,6,1,1,1,1,6,5,0.586600751704871,0.5863717115722628,0.6854637602798764,0.3852104920744067,1.6441820730180308,0.9315657472114102,34.2331849375,/data1/deasy/Himangi/breast_feature_extraction/Lobular_outputs/TCGA-WT-AB44-01/tils_tsr_wsi_summary.csv,TCGA-WT-AB44,Alive,,,883.0,0.0,,,,matched
TCGA-XX-A899-01Z-00-DX1.08FE27B7-73B8-4CE3-ACF4-0689C81C140B,TCGA-XX-A899-01,TCGA-XX-A899,0.44338937346291496,stroma-high,1.5891733000019719,1.5891733000019719,0.8134180079216599,30.71862531446764,69.28137468553234,17,7,7,7,7,17,11,0.6928137468553235,0.692825475397994,1.5891733000019719,0.8134180079216599,0.6315615047420363,0.9568087314769006,53.968475,/data1/deasy/Himangi/breast_feature_extraction/Lobular_outputs/TCGA-XX-A899-01/tils_tsr_wsi_summary.csv,TCGA-XX-A899,Alive,,,467.0,0.0,,,,matched
TCGA-XX-A89A-01Z-00-DX1.671E2AD6-4D1A-4579-88C1-5B0B15818126,TCGA-XX-A89A-01,TCGA-XX-A89A,0.3057532822554629,stroma-high,0.9228686916598434,0.9228686916598434,1.030469803850019,23.415854006304084,76.58414599369591,56,16,16,16,16,56,52,0.7658414599369592,0.7653726056916801,0.9228686916598434,1.030469803850019,0.7035815602172691,0.8767435942872215,58.948293375000006,/data1/deasy/Himangi/breast_feature_extraction/Lobular_outputs/TCGA-XX-A89A-01/tils_tsr_wsi_summary.csv,TCGA-XX-A89A,Alive,,,488.0,0.0,,,,matched
TCGA-Z7-A8R5-01Z-00-DX1.3BDB407F-514C-4131-B058-FA1E69154276,TCGA-Z7-A8R5-01,TCGA-Z7-A8R5,0.30615547439925417,stroma-high,0.8775478429542565,0.8775478429542565,1.9924051780065721,23.439435840520105,76.5605641594799,31,10,10,10,10,31,32,0.7656056415947989,0.7635337527890265,0.8775478429542565,1.9924051780065721,1.4602275279792511,0.8640447044280377,27.278611,/data1/deasy/Himangi/breast_feature_extraction/Lobular_outputs/TCGA-Z7-A8R5-01/tils_tsr_wsi_summary.csv,TCGA-Z7-A8R5,Alive,,,3287.0,0.0,,,,matched
