wsi_name,sample_id,subject_id,n_clusters,total_cluster_area_mm2,wsi_til_area_total_um2,wsi_til_area_total_mm2,wsi_til_area_intratumoral_um2,wsi_til_fraction_intratumoral,wsi_til_area_extratumoral_um2,wsi_til_contact_area_um2,wsi_til_contact_fraction,wsi_til_pct_within_50um,wsi_til_pct_within_100um,wsi_til_pct_within_200um,wsi_til_extratumoral_distance_aw_median_um,wsi_dominant_immune_phenotype,contact_tolerance_um_used,proximity_thresholds_um,source_file,tcga_case_id,vital_status,days_to_death,diagnosis_days_to_last_follow_up,followup_days_to_follow_up,OS_event,OS_days,OS_months,OS_years,survival_match
TCGA-4H-AAAK-01Z-00-DX1.ABF1B042-1970-4E28-8671-43AAD393D2F9,TCGA-4H-AAAK-01,TCGA-4H-AAAK,9,66.76402356110776,1539648.2559860684,1.5396482559860685,53188.90137451037,0.03454613816351548,1486459.3546115581,271062.910973363,0.17605508915395784,95.3522878582042,98.65282912548467,100.0,8.047709301409936,margin-localized,5.0,50;100;200,/data1/deasy/Himangi/breast_feature_extraction/Lobular_outputs/TCGA-4H-AAAK-01/immune_proximity_wsi_summary.csv,TCGA-4H-AAAK,Alive,,,348.0,0.0,,,,matched
TCGA-5L-AAT0-01Z-00-DX1.5E171263-30BF-4C6B-88A1-E8EA0522A861,TCGA-5L-AAT0-01,TCGA-5L-AAT0,9,11.851639856767175,167122.7668734312,0.1671227668734312,12548.34375,0.07508458592899774,154574.4231234312,31314.407234365775,0.18737367637098445,89.87345219505075,94.39616086009657,98.44973316585074,9.950659525880685,margin-localized,5.0,50;100;200,/data1/deasy/Himangi/breast_feature_extraction/Lobular_outputs/TCGA-5L-AAT0-01/immune_proximity_wsi_summary.csv,TCGA-5L-AAT0,Alive,,,1477.0,0.0,,,,matched
TCGA-A2-A0CO-01Z-00-DX1.B191DADE-7DEA-4575-AED7-1C52BE15B8D5,TCGA-A2-A0CO-01,TCGA-A2-A0CO,12,62.66430958413744,442982.7518145177,0.44298275181451774,38673.75,0.08730306054036427,404309.0018145177,28147.825510960676,0.06354158349430841,78.37799257154953,98.53494442728099,99.54296330010435,37.67231244561449,margin-localized,5.0,50;100;200,/data1/deasy/Himangi/breast_feature_extraction/Lobular_outputs/TCGA-A2-A0CO-01/immune_proximity_wsi_summary.csv,TCGA-A2-A0CO,Dead,1468.0,,1468.0,1.0,1468.0,48.2299794661191,4.0191649555099245,matched
TCGA-A2-A0CR-01Z-00-DX1.F7D36CA5-A4C6-443A-AEED-5B23CD924FA3,TCGA-A2-A0CR-01,TCGA-A2-A0CR,15,88.89921534921498,2734032.1514063478,2.734032151406348,6146.53125,0.0022481561699405437,2727885.6201563478,90301.71715205685,0.033028769287005974,23.331914465665363,54.388201405411586,86.49854048888263,90.56362145613436,peritumoral,5.0,50;100;200,/data1/deasy/Himangi/breast_feature_extraction/Lobular_outputs/TCGA-A2-A0CR-01/immune_proximity_wsi_summary.csv,TCGA-A2-A0CR,Alive,,,3283.0,0.0,,,,matched
TCGA-A2-A0EN-01Z-00-DX1.F43A5D17-9267-4963-993A-93AC91BDC031,TCGA-A2-A0EN-01,TCGA-A2-A0EN,12,29.815665287713436,815242.4631987641,0.8152424631987641,23963.40625,0.02939420765200927,791279.0569487641,72707.1965892709,0.08918475161854292,73.89981945823283,97.79530528034618,99.97251201205582,27.461620946331628,margin-localized,5.0,50;100;200,/data1/deasy/Himangi/breast_feature_extraction/Lobular_outputs/TCGA-A2-A0EN-01/immune_proximity_wsi_summary.csv,TCGA-A2-A0EN,Alive,,,4088.0,0.0,,,,matched
TCGA-A2-A0EP-01Z-00-DX1.1180C406-5C18-4373-8621-1B7B70875113,TCGA-A2-A0EP-01,TCGA-A2-A0EP,7,8.47340188612729,87225.00800910364,0.08722500800910364,9894.78125,0.11343972876410956,77330.22675910364,10570.84375,0.12119051624388187,83.5266787856024,99.62588081849144,100.0,16.483538189660617,margin-localized,5.0,50;100;200,/data1/deasy/Himangi/breast_feature_extraction/Lobular_outputs/TCGA-A2-A0EP-01/immune_proximity_wsi_summary.csv,TCGA-A2-A0EP,Alive,,,3603.0,0.0,,,,matched
TCGA-A2-A0ES-01Z-00-DX1.5652EE30-48C1-4EC1-AD77-8C72DFCB9A97,TCGA-A2-A0ES-01,TCGA-A2-A0ES,7,113.21409535575849,3072969.4163263445,3.0729694163263446,10640.5625,0.0034626320859126925,3062328.8538263445,15265.24162434932,0.004967586577089505,33.96982727752651,76.76577825291548,98.21261779530974,70.24724749945723,peritumoral,5.0,50;100;200,/data1/deasy/Himangi/breast_feature_extraction/Lobular_outputs/TCGA-A2-A0ES-01/immune_proximity_wsi_summary.csv,TCGA-A2-A0ES,Alive,,,2190.0,0.0,,,,matched
TCGA-A2-A0EW-01Z-00-DX1.F24495CB-63D8-483F-9834-F761E3F16BF0,TCGA-A2-A0EW-01,TCGA-A2-A0EW,2,71.1294144210745,711290.7525067292,0.7112907525067292,12504.375,0.017579836312973437,698786.3775067293,19299.21875,0.027132672092229145,61.21594434571359,96.22877144370247,100.0,44.98771533707841,margin-localized,5.0,50;100;200,/data1/deasy/Himangi/breast_feature_extraction/Lobular_outputs/TCGA-A2-A0EW-01/immune_proximity_wsi_summary.csv,TCGA-A2-A0EW,Dead,1884.0,,1884.0,1.0,1884.0,61.89733059548254,5.158110882956879,matched
TCGA-A2-A0EX-01Z-00-DX1.F4C293E9-9BB2-48A1-8080-5F3082E219C5,TCGA-A2-A0EX-01,TCGA-A2-A0EX,7,33.372266934004294,1095689.4973490543,1.0956894973490543,3536.031117641994,0.0032272200529412567,1092153.4662314123,22335.678024540048,0.020385043462203198,34.15481467428381,71.81065998813658,89.73013303715247,73.45927868554115,peritumoral,5.0,50;100;200,/data1/deasy/Himangi/breast_feature_extraction/Lobular_outputs/TCGA-A2-A0EX-01/immune_proximity_wsi_summary.csv,TCGA-A2-A0EX,Alive,,,752.0,0.0,,,,matched
TCGA-A2-A0SY-01Z-00-DX1.279A5479-E183-4F79-AF40-50BF1834BA4A,TCGA-A2-A0SY-01,TCGA-A2-A0SY,19,124.41888481595392,870762.7606031753,0.8707627606031753,26645.875,0.030600613858983206,844116.8856031753,82673.2130061044,0.09494344125239906,63.59028057425472,84.12374345061913,99.83780411082151,29.721887978390605,margin-localized,5.0,50;100;200,/data1/deasy/Himangi/breast_feature_extraction/Lobular_outputs/TCGA-A2-A0SY-01/immune_proximity_wsi_summary.csv,TCGA-A2-A0SY,Alive,,,1347.0,0.0,,,,matched
TCGA-A2-A0T4-01Z-00-DX1.AC61ED08-2E42-4D4A-BB81-746D3FEBB653,TCGA-A2-A0T4-01,TCGA-A2-A0T4,5,40.89675537269575,372336.43600959727,0.37233643600959726,15206.25,0.04084008044705044,357130.18600959727,98197.17150065435,0.2637323721337958,74.71304067079946,91.48573798896741,98.24487335640268,16.22594373218396,margin-localized,5.0,50;100;200,/data1/deasy/Himangi/breast_feature_extraction/Lobular_outputs/TCGA-A2-A0T4-01/immune_proximity_wsi_summary.csv,TCGA-A2-A0T4,Alive,,,624.0,0.0,,,,matched
TCGA-A2-A0YD-01Z-00-DX1.B81FF541-F154-4C49-950B-B6CB723369E2,TCGA-A2-A0YD-01,TCGA-A2-A0YD,10,159.2855880804136,6036373.94422275,6.03637394422275,781601.1101245348,0.12948189051021003,5254772.834098215,732076.5025117001,0.1212775267530188,78.31037745433707,92.44913493716996,98.19371698552311,15.892706660603787,margin-localized,5.0,50;100;200,/data1/deasy/Himangi/breast_feature_extraction/Lobular_outputs/TCGA-A2-A0YD-01/immune_proximity_wsi_summary.csv,TCGA-A2-A0YD,Alive,,,769.0,0.0,,,,matched
TCGA-A2-A0YK-01Z-00-DX1.FB23FC30-B3B2-452A-A6B0-94129B333207,TCGA-A2-A0YK-01,TCGA-A2-A0YK,10,24.15930974077,121656.93464559905,0.12165693464559904,3026.612653719757,0.02487825837907749,118630.32199187929,12027.064310999885,0.09886049115108923,44.29410728179807,92.17627577945323,92.40071063196524,65.8398862772408,peritumoral,5.0,50;100;200,/data1/deasy/Himangi/breast_feature_extraction/Lobular_outputs/TCGA-A2-A0YK-01/immune_proximity_wsi_summary.csv,TCGA-A2-A0YK,Alive,,,588.0,0.0,,,,matched
TCGA-A2-A0YL-01Z-00-DX1.69A438C7-B1E0-4990-B1E6-586C551DC79C,TCGA-A2-A0YL-01,TCGA-A2-A0YL,5,90.56960981694681,347739.76311322715,0.34773976311322713,10234.96875,0.029432839829327782,337504.7943632271,20835.91294711256,0.05991812026491834,45.433297876370425,87.36442744589371,96.8818028213361,58.07659274613138,peritumoral,5.0,50;100;200,/data1/deasy/Himangi/breast_feature_extraction/Lobular_outputs/TCGA-A2-A0YL-01/immune_proximity_wsi_summary.csv,TCGA-A2-A0YL,Alive,,,1474.0,0.0,,,,matched
TCGA-A2-A1FV-01Z-00-DX1.F70ACD9A-7819-4296-BD28-4D24BBA8AFF4,TCGA-A2-A1FV-01,TCGA-A2-A1FV,10,155.1910270470795,2073685.9154987347,2.073685915498735,694964.2512025745,0.33513476945009346,1378721.6642961602,213996.33522560203,0.10319611741883994,68.31208736465877,77.31009652864509,84.64449382762879,14.45791305825291,immune-penetrated,5.0,50;100;200,/data1/deasy/Himangi/breast_feature_extraction/Lobular_outputs/TCGA-A2-A1FV-01/immune_proximity_wsi_summary.csv,TCGA-A2-A1FV,Alive,,,714.0,0.0,,,,matched
TCGA-A2-A25A-01Z-00-DX1.6D311E39-9F96-4775-B9DA-8D034D1AD1DC,TCGA-A2-A25A-01,TCGA-A2-A25A,6,129.10260812164105,4251684.578207026,4.251684578207026,578081.8673021459,0.13596537011829044,3673602.7109048804,504753.782838494,0.11871853933514354,65.0676141987981,93.14989254996266,98.94604242835744,29.03903622712021,margin-localized,5.0,50;100;200,/data1/deasy/Himangi/breast_feature_extraction/Lobular_outputs/TCGA-A2-A25A-01/immune_proximity_wsi_summary.csv,TCGA-A2-A25A,Alive,,,3276.0,0.0,,,,matched
TCGA-A2-A25D-01Z-00-DX1.41DADDB8-3E3F-4F8F-8BE7-C43F8FBCFD2B,TCGA-A2-A25D-01,TCGA-A2-A25D,5,143.89362781271464,10313668.46335008,10.31366846335008,854240.5582681531,0.08282606342289571,9459427.905081928,1015418.3290120903,0.09845365231783519,74.42351773161707,91.0493032114912,98.7856411165377,25.3482001333428,margin-localized,5.0,50;100;200,/data1/deasy/Himangi/breast_feature_extraction/Lobular_outputs/TCGA-A2-A25D-01/immune_proximity_wsi_summary.csv,TCGA-A2-A25D,Alive,,,0.0,0.0,,,,matched
TCGA-A2-A3KC-01Z-00-DX1.2532878B-49E2-48D5-82D5-00730C90EEF8,TCGA-A2-A3KC-01,TCGA-A2-A3KC,10,74.39095526772958,832313.3543522278,0.8323133543522278,57331.46875,0.06888207241925115,774981.8856022278,150949.53710411518,0.1813614263363539,84.82108383810176,94.99134941035152,99.72611648259605,15.61349576488238,margin-localized,5.0,50;100;200,/data1/deasy/Himangi/breast_feature_extraction/Lobular_outputs/TCGA-A2-A3KC-01/immune_proximity_wsi_summary.csv,TCGA-A2-A3KC,Alive,,,1102.0,0.0,,,,matched
TCGA-A2-A4RY-01Z-00-DX1.143E32FC-E10F-4590-9C72-32094B24EF8C,TCGA-A2-A4RY-01,TCGA-A2-A4RY,7,47.654889962265706,109288.57273032912,0.10928857273032912,6468.46875,0.05918705486218605,102820.10398032914,5161.4901834631855,0.04722808665640849,37.82786778798135,76.87977988476189,97.16018017365597,70.66049992747008,peritumoral,5.0,50;100;200,/data1/deasy/Himangi/breast_feature_extraction/Lobular_outputs/TCGA-A2-A4RY-01/immune_proximity_wsi_summary.csv,TCGA-A2-A4RY,Alive,,,648.0,0.0,,,,matched
TCGA-A7-A13H-01Z-00-DX1.FCB33A3C-6209-474C-83C1-02551F242937,TCGA-A7-A13H-01,TCGA-A7-A13H,1,0.24602448677491626,733.375,0.000733375,0.0,0.0,733.375,105.5625,0.14394068518834158,90.09289244929265,100.0,100.0,5.798706752371601,immune-desert,5.0,50;100;200,/data1/deasy/Himangi/breast_feature_extraction/Lobular_outputs/TCGA-A7-A13H-01/TCGA-A7-A13H-01Z-00-DX1.FCB33A3C-6209-474C-83C1-02551F242937__immune_proximity_wsi_summary.csv,TCGA-A7-A13H,Alive,,,899.0,0.0,,,,matched
TCGA-A7-A13H-01Z-00-DX2.6C937651-4D3E-475D-99F6-4A9FD25CD48B,TCGA-A7-A13H-01,TCGA-A7-A13H,11,19.24833538296525,601539.260457084,0.6015392604570841,71491.71875,0.1188479679542055,530047.541707084,45240.00078710205,0.07520706254937724,67.0175251444885,84.33542906266896,99.550668097788,25.309336222034744,margin-localized,5.0,50;100;200,/data1/deasy/Himangi/breast_feature_extraction/Lobular_outputs/TCGA-A7-A13H-01/TCGA-A7-A13H-01Z-00-DX2.6C937651-4D3E-475D-99F6-4A9FD25CD48B__immune_proximity_wsi_summary.csv,TCGA-A7-A13H,Alive,,,899.0,0.0,,,,matched
TCGA-A7-A26E-01Z-00-DX1.BA4A7E28-0563-4C23-82D0-AB34A2E79AE3,TCGA-A7-A26E-01,TCGA-A7-A26E,6,63.87611627877653,16182.253067494421,0.01618225306749442,786.21875,0.04858524623986332,15396.034317494421,2726.34375,0.16847738931215056,47.31631962397047,96.14353618673435,99.83681969445254,71.84281888261346,peritumoral,5.0,50;100;200,/data1/deasy/Himangi/breast_feature_extraction/Lobular_outputs/TCGA-A7-A26E-01/immune_proximity_wsi_summary.csv,TCGA-A7-A26E,Alive,,,954.0,0.0,,,,matched
TCGA-A7-A3IZ-01Z-00-DX1.7437130B-DF49-40C8-ABCD-FF9364B9B1B0,TCGA-A7-A3IZ-01,TCGA-A7-A3IZ,1,12.4156504826907,863870.6285310446,0.8638706285310446,99422.53125,0.11508960713140752,764448.0972810443,275864.8188754525,0.3193358007142141,88.89206629124088,95.23549985531619,99.50803192518593,9.12585612422199,margin-localized,5.0,50;100;200,/data1/deasy/Himangi/breast_feature_extraction/Lobular_outputs/TCGA-A7-A3IZ-01/immune_proximity_wsi_summary.csv,TCGA-A7-A3IZ,Alive,,,322.0,0.0,,,,matched
TCGA-A7-A3J1-01Z-00-DX1.92895B92-5F95-4EA3-9237-4CAF63CDE3FF,TCGA-A7-A3J1-01,TCGA-A7-A3J1,7,25.883781800875752,504584.202721715,0.504584202721715,31008.1875,0.0614529494438046,473576.015221715,73206.22909335495,0.14508228497539621,86.98291664589149,98.4236171784309,100.0,10.307195605498132,margin-localized,5.0,50;100;200,/data1/deasy/Himangi/breast_feature_extraction/Lobular_outputs/TCGA-A7-A3J1-01/immune_proximity_wsi_summary.csv,TCGA-A7-A3J1,Alive,,,343.0,0.0,,,,matched
TCGA-A7-A425-01Z-00-DX1.812A94B1-0403-4298-A6C5-F71AFD3A9995,TCGA-A7-A425-01,TCGA-A7-A425,1,0.34295348677491627,15424.383283432235,0.015424383283432234,27.75,0.0017990994835953705,15396.633283432235,9964.46875,0.6460205615289084,95.48118774485417,100.0,100.0,4.43353696274205,margin-localized,5.0,50;100;200,/data1/deasy/Himangi/breast_feature_extraction/Lobular_outputs/TCGA-A7-A425-01/immune_proximity_wsi_summary.csv,TCGA-A7-A425,Alive,,,447.0,0.0,,,,matched
TCGA-A7-A426-01Z-00-DX1.3058E873-9442-4872-80DA-E8A5B35054D2,TCGA-A7-A426-01,TCGA-A7-A426,6,24.485510761762686,439143.9278743708,0.43914392787437084,10241.34375,0.02332115532047119,428902.5841243708,62644.56479573892,0.1426515564019369,94.01778598051234,99.68359604635192,100.0,11.833480046038867,margin-localized,5.0,50;100;200,/data1/deasy/Himangi/breast_feature_extraction/Lobular_outputs/TCGA-A7-A426-01/immune_proximity_wsi_summary.csv,TCGA-A7-A426,Alive,,,364.0,0.0,,,,matched
TCGA-A7-A4SB-01Z-00-DX1.E8925605-5189-441E-A719-92CFC1118B0B,TCGA-A7-A4SB-01,TCGA-A7-A4SB,7,17.43084085606299,1891.7274448664164,0.0018917274448664164,138.6875,0.07331262247971106,1753.0399448664164,934.15625,0.4938112266304648,84.26491376047906,85.39364110036942,100.0,3.75,immune-desert,5.0,50;100;200,/data1/deasy/Himangi/breast_feature_extraction/Lobular_outputs/TCGA-A7-A4SB-01/immune_proximity_wsi_summary.csv,TCGA-A7-A4SB,Alive,,,418.0,0.0,,,,matched
TCGA-A7-A5ZX-01Z-00-DX1.A4C651F0-DB8E-4534-84A2-AD875F62209F,TCGA-A7-A5ZX-01,TCGA-A7-A5ZX,4,27.361558588057143,338446.89178145176,0.33844689178145176,16464.375,0.04864684947566806,321982.51678145176,20936.51809083385,0.0618605713310949,79.17143779369724,97.7606759807943,100.0,29.40158371584769,margin-localized,5.0,50;100;200,/data1/deasy/Himangi/breast_feature_extraction/Lobular_outputs/TCGA-A7-A5ZX-01/TCGA-A7-A5ZX-01Z-00-DX1.A4C651F0-DB8E-4534-84A2-AD875F62209F__immune_proximity_wsi_summary.csv,TCGA-A7-A5ZX,Alive,,,336.0,0.0,,,,matched
TCGA-A8-A09T-01Z-00-DX1.4183BBA4-AF11-4602-9EC2-35083C34A393,TCGA-A8-A09T-01,TCGA-A8-A09T,2,29.552568854669204,228196.73068470243,0.22819673068470242,8669.125,0.03798969851140444,219527.60568470243,25982.48749050691,0.11386003389508108,68.9195413923089,90.95106528828664,99.24096469532985,18.025156032611758,margin-localized,5.0,50;100;200,/data1/deasy/Himangi/breast_feature_extraction/Lobular_outputs/TCGA-A8-A09T-01/immune_proximity_wsi_summary.csv,TCGA-A8-A09T,Alive,,,579.0,0.0,,,,matched
TCGA-A8-A09W-01Z-00-DX1.BF33B0F9-5786-4682-B59E-DCBD33D7BB03,TCGA-A8-A09W-01,TCGA-A8-A09W,2,30.50600572038556,8476.460759184507,0.008476460759184507,1276.0,0.15053452570017675,7200.460759184507,1245.375,0.1469215791096063,99.66783011447919,100.0,100.0,11.473474844178638,margin-localized,5.0,50;100;200,/data1/deasy/Himangi/breast_feature_extraction/Lobular_outputs/TCGA-A8-A09W-01/immune_proximity_wsi_summary.csv,TCGA-A8-A09W,Alive,,,30.0,0.0,,,,matched
TCGA-A8-A09Z-01Z-00-DX1.D56497BE-5099-4537-9600-60F3213F7BF5,TCGA-A8-A09Z-01,TCGA-A8-A09Z,1,102.36798751240755,5507056.563550396,5.507056563550396,1393739.3531285059,0.25308244740997593,4113317.21042189,681531.6047103184,0.12375605676926903,76.02075754821689,86.03407352911016,90.18146036797917,22.246927456392715,margin-localized,5.0,50;100;200,/data1/deasy/Himangi/breast_feature_extraction/Lobular_outputs/TCGA-A8-A09Z-01/immune_proximity_wsi_summary.csv,TCGA-A8-A09Z,Alive,,,0.0,0.0,,,,matched
TCGA-A8-A0A4-01Z-00-DX1.06C38F98-F34B-49F0-AFB5-7F0086188346,TCGA-A8-A0A4-01,TCGA-A8-A0A4,2,7.085565905472241,7129.257925606981,0.007129257925606981,64.0625,0.008985858089086566,7065.195425606981,622.604345052395,0.08733087672647036,75.09869050777202,100.0,100.0,16.413599544280345,margin-localized,5.0,50;100;200,/data1/deasy/Himangi/breast_feature_extraction/Lobular_outputs/TCGA-A8-A0A4-01/immune_proximity_wsi_summary.csv,TCGA-A8-A0A4,Alive,,,396.0,0.0,,,,matched
TCGA-A8-A0A7-01Z-00-DX1.A0FD4EEF-B536-47C1-BDA1-7AC71BA3E978,TCGA-A8-A0A7-01,TCGA-A8-A0A7,2,27.85298085348578,1585352.5990274942,1.5853525990274941,59642.152306887,0.037620749064576166,1525710.4467206076,88300.75945425412,0.05569786778564,84.06195765393478,96.37680325002752,99.99291152841947,17.585949647374747,margin-localized,5.0,50;100;200,/data1/deasy/Himangi/breast_feature_extraction/Lobular_outputs/TCGA-A8-A0A7-01/immune_proximity_wsi_summary.csv,TCGA-A8-A0A7,Alive,,,30.0,0.0,,,,matched
TCGA-A8-A0AB-01Z-00-DX1.103ED338-A0F9-403B-A10C-49840BD60EB8,TCGA-A8-A0AB-01,TCGA-A8-A0AB,1,16.67435317340692,2399.0625,0.0023990625,117.125,0.04882115409665234,2281.9375,497.375,0.20732056793018105,98.47466458251921,98.47466458251921,100.0,12.380680514414383,margin-localized,5.0,50;100;200,/data1/deasy/Himangi/breast_feature_extraction/Lobular_outputs/TCGA-A8-A0AB-01/immune_proximity_wsi_summary.csv,TCGA-A8-A0AB,Alive,,,518.0,0.0,,,,matched
TCGA-AC-A23G-01Z-00-DX1.2F0326F7-6B77-4B3F-B4FA-59ADB785AA07,TCGA-AC-A23G-01,TCGA-AC-A23G,1,3.981873017916188,9468.78125,0.00946878125,0.0,0.0,9468.78125,64.625,0.006825059983300385,5.168299774588203,100.0,100.0,61.56567250708791,peritumoral,5.0,50;100;200,/data1/deasy/Himangi/breast_feature_extraction/Lobular_outputs/TCGA-AC-A23G-01/immune_proximity_wsi_summary.csv,TCGA-AC-A23G,Alive,,,2248.0,0.0,,,,matched
TCGA-AC-A2B8-01Z-00-DX1.14F3A9B2-1382-436A-B53C-92FC8495AD48,TCGA-AC-A2B8-01,TCGA-AC-A2B8,7,35.77775829695692,123388.76442160748,0.12338876442160748,1540.5,0.012484929298232215,121848.26442160748,422.87326589137,0.003427161847949566,28.887004700553504,52.8586728675053,94.46387041025858,103.20082439714326,immune-excluded,5.0,50;100;200,/data1/deasy/Himangi/breast_feature_extraction/Lobular_outputs/TCGA-AC-A2B8-01/immune_proximity_wsi_summary.csv,TCGA-AC-A2B8,Alive,,,677.0,0.0,,,,matched
TCGA-AC-A2FB-01Z-00-DX1.A4D93E32-BBD7-45E4-8ACF-3724B059ECBC,TCGA-AC-A2FB-01,TCGA-AC-A2FB,5,14.88062192247834,1834783.0935877736,1.8347830935877736,284562.34963651554,0.15509318274787257,1550220.743951258,246007.2690270188,0.13407975574157432,46.359795304260295,77.4799300123141,93.29509966584092,59.178886648871654,peritumoral,5.0,50;100;200,/data1/deasy/Himangi/breast_feature_extraction/Lobular_outputs/TCGA-AC-A2FB-01/immune_proximity_wsi_summary.csv,TCGA-AC-A2FB,Alive,,,1234.0,0.0,,,,matched
TCGA-AC-A2FE-01Z-00-DX1.C036AE58-3C0D-4DBF-B658-296D03FD6701,TCGA-AC-A2FE-01,TCGA-AC-A2FE,1,0.22665408217805175,4419.033022594104,0.004419033022594105,34.90625,0.007899069733475083,4384.126772594104,1459.5399713141162,0.3302849206719262,49.53505690955695,100.0,100.0,61.99007607069054,peritumoral,5.0,50;100;200,/data1/deasy/Himangi/breast_feature_extraction/Lobular_outputs/TCGA-AC-A2FE-01/immune_proximity_wsi_summary.csv,TCGA-AC-A2FE,Dead,2636.0,,2636.0,1.0,2636.0,86.60369609856262,7.216974674880219,matched
TCGA-AC-A2FG-01Z-00-DX1.0F13DE40-9F7A-42C6-AB3D-02E8521B690A,TCGA-AC-A2FG-01,TCGA-AC-A2FG,1,4.04131623138426,3870.214934730733,0.003870214934730733,198.75,0.05135373702799993,3671.464934730733,231.53125,0.059823873842838285,23.652594634610097,80.24021308097156,100.0,95.54097615683021,peritumoral,5.0,50;100;200,/data1/deasy/Himangi/breast_feature_extraction/Lobular_outputs/TCGA-AC-A2FG-01/immune_proximity_wsi_summary.csv,TCGA-AC-A2FG,Alive,,,1853.0,0.0,,,,matched
TCGA-AC-A2FK-01Z-00-DX1.033F3C27-9860-4EF3-9330-37DE5EC45724,TCGA-AC-A2FK-01,TCGA-AC-A2FK,2,19.2547004602052,114036.17150143455,0.11403617150143455,18031.53125,0.15812115588055467,96004.64025143455,2316.875,0.020317018446825482,67.47518240715699,81.7460994263684,87.2518285718833,41.25852184700756,margin-localized,5.0,50;100;200,/data1/deasy/Himangi/breast_feature_extraction/Lobular_outputs/TCGA-AC-A2FK-01/immune_proximity_wsi_summary.csv,TCGA-AC-A2FK,Alive,,,2650.0,0.0,,,,matched
TCGA-AC-A3BB-01Z-00-DX1.CE889249-2A5E-44DA-B04E-746BE82CD805,TCGA-AC-A3BB-01,TCGA-AC-A3BB,4,31.18711606938704,724524.4635239044,0.7245244635239044,11362.59375,0.01568282966559225,713161.8697739044,1552.34375,0.002142569130723055,23.43436845463221,86.19473799248183,99.9288585098296,81.85753630546182,peritumoral,5.0,50;100;200,/data1/deasy/Himangi/breast_feature_extraction/Lobular_outputs/TCGA-AC-A3BB-01/immune_proximity_wsi_summary.csv,TCGA-AC-A3BB,Alive,,,987.0,0.0,,,,matched
TCGA-AC-A3HN-01Z-00-DX1.1AA71B9B-1B61-41A9-91CF-B7649DEC189E,TCGA-AC-A3HN-01,TCGA-AC-A3HN,6,9.006584446898408,50252.22170797976,0.050252221707979765,653.25,0.012999425255187626,49598.97170797976,1461.5,0.029083291252134276,66.951469571385,99.8497578864498,100.0,29.196433418397067,margin-localized,5.0,50;100;200,/data1/deasy/Himangi/breast_feature_extraction/Lobular_outputs/TCGA-AC-A3HN-01/immune_proximity_wsi_summary.csv,TCGA-AC-A3HN,Alive,,,496.0,0.0,,,,matched
TCGA-AC-A3OD-01Z-00-DX1.E19B311B-BAB1-4CE8-9421-B49D5BE4537E,TCGA-AC-A3OD-01,TCGA-AC-A3OD,2,28.15628816965795,2517615.0513873454,2.517615051387345,358117.9515652645,0.1422449199959786,2159497.0998220807,128685.1829590769,0.05111392342850995,75.66447618487823,96.61548284854909,99.89265510434127,20.187886993194706,margin-localized,5.0,50;100;200,/data1/deasy/Himangi/breast_feature_extraction/Lobular_outputs/TCGA-AC-A3OD-01/immune_proximity_wsi_summary.csv,TCGA-AC-A3OD,Alive,,,451.0,0.0,,,,matched
TCGA-AC-A3QP-01Z-00-DX1.4B97E53E-1069-40C5-A062-C988663B37DD,TCGA-AC-A3QP-01,TCGA-AC-A3QP,4,39.46428027630526,70203.26111764352,0.07020326111764352,5289.03125,0.07533882565849577,64914.2298676435,3280.53125,0.046729043605291086,51.07188294169968,90.73188597956904,99.90224813077415,62.764689515682306,peritumoral,5.0,50;100;200,/data1/deasy/Himangi/breast_feature_extraction/Lobular_outputs/TCGA-AC-A3QP-01/immune_proximity_wsi_summary.csv,TCGA-AC-A3QP,Alive,,,675.0,0.0,,,,matched
TCGA-AC-A3QQ-01Z-00-DX1.86463263-AB12-49FB-8967-D5FD1F7D221A,TCGA-AC-A3QQ-01,TCGA-AC-A3QQ,1,11.671523547896792,51192.96551668269,0.05119296551668269,1488.46875,0.029075650042483667,49704.49676668269,1650.965516682692,0.032249851127391274,31.098870921034187,99.22242734722941,100.0,54.54427673917769,peritumoral,5.0,50;100;200,/data1/deasy/Himangi/breast_feature_extraction/Lobular_outputs/TCGA-AC-A3QQ-01/immune_proximity_wsi_summary.csv,TCGA-AC-A3QQ,Alive,,,734.0,0.0,,,,matched
TCGA-AC-A3TM-01Z-00-DX1.4421EE37-A2CC-4638-AC44-9C26CB09FDC1,TCGA-AC-A3TM-01,TCGA-AC-A3TM,6,182.6233804269315,7308441.541199178,7.308441541199178,853944.7614782973,0.11684361934954753,6454496.779720881,962486.7878913959,0.13169521606838627,77.64546933128553,90.38414334336588,97.46946904434358,15.625499992000256,margin-localized,5.0,50;100;200,/data1/deasy/Himangi/breast_feature_extraction/Lobular_outputs/TCGA-AC-A3TM-01/immune_proximity_wsi_summary.csv,TCGA-AC-A3TM,Alive,,,762.0,0.0,,,,matched
TCGA-AC-A3TN-01Z-00-DX1.F00E81C7-0CA2-49E8-A30F-DE423538E93C,TCGA-AC-A3TN-01,TCGA-AC-A3TN,7,10.274434446079363,75081.10288658112,0.07508110288658112,9966.90379222218,0.1327485000756897,65114.19909435893,16553.226466695625,0.2204712747986831,96.628394419203,97.9902982348576,100.0,7.9970697758616565,margin-localized,5.0,50;100;200,/data1/deasy/Himangi/breast_feature_extraction/Lobular_outputs/TCGA-AC-A3TN-01/immune_proximity_wsi_summary.csv,TCGA-AC-A3TN,Alive,,,456.0,0.0,,,,matched
TCGA-AC-A3W5-01Z-00-DX1.522F702C-776E-45F1-84D3-1648DF04137C,TCGA-AC-A3W5-01,TCGA-AC-A3W5,3,4.739012207913834,23765.664930364088,0.023765664930364087,943.875,0.03971590960175756,22821.789930364088,5084.633680364086,0.2139487237265442,91.69087523624466,97.75726872544173,100.0,12.330887285593036,margin-localized,5.0,50;100;200,/data1/deasy/Himangi/breast_feature_extraction/Lobular_outputs/TCGA-AC-A3W5-01/immune_proximity_wsi_summary.csv,TCGA-AC-A3W5,Alive,,,504.0,0.0,,,,matched
TCGA-AC-A3W6-01Z-00-DX1.88CC534C-F032-4E5D-9CC4-4BB50AA46880,TCGA-AC-A3W6-01,TCGA-AC-A3W6,2,5.362468896497495,8177.844448288237,0.008177844448288236,0.0,0.0,8177.844448288237,578.4582950852435,0.07073481266892094,66.45093196144228,88.00036246875035,100.0,35.16967799113321,margin-localized,5.0,50;100;200,/data1/deasy/Himangi/breast_feature_extraction/Lobular_outputs/TCGA-AC-A3W6-01/immune_proximity_wsi_summary.csv,TCGA-AC-A3W6,Alive,,,0.0,0.0,,,,matched
TCGA-AC-A3W7-01Z-00-DX1.189BB448-ECBA-4042-8A35-4B787271E8FE,TCGA-AC-A3W7-01,TCGA-AC-A3W7,3,10.905877854046318,25786.969546915116,0.025786969546915117,150.6875,0.005843552098118745,25636.282046915116,2070.71875,0.08030097318076367,20.95813833481854,36.58461100997652,100.0,115.32271296236488,immune-excluded,5.0,50;100;200,/data1/deasy/Himangi/breast_feature_extraction/Lobular_outputs/TCGA-AC-A3W7-01/immune_proximity_wsi_summary.csv,TCGA-AC-A3W7,Alive,,,471.0,0.0,,,,matched
TCGA-AC-A3YI-01Z-00-DX1.321C0A32-ABF9-48ED-8071-C6B1774E9F7B,TCGA-AC-A3YI-01,TCGA-AC-A3YI,6,6.546766391672633,36936.29073042387,0.03693629073042387,2387.9375,0.06465017067978328,34548.35323042387,4522.15625,0.12243125014919724,89.5366030156339,98.08079886926663,100.0,14.931745753594923,margin-localized,5.0,50;100;200,/data1/deasy/Himangi/breast_feature_extraction/Lobular_outputs/TCGA-AC-A3YI-01/immune_proximity_wsi_summary.csv,TCGA-AC-A3YI,Alive,,,707.0,0.0,,,,matched
TCGA-AC-A5XS-01Z-00-DX1.E5F2481E-9314-4B20-84B7-370EF82AF4BB,TCGA-AC-A5XS-01,TCGA-AC-A5XS,2,16.721694882790857,1022579.6467944502,1.0225796467944501,100909.4375,0.09868124973573222,921670.2092944502,104769.15451809544,0.10245574009469327,59.96200129065604,75.8486896283453,99.19450282497395,28.312155075161623,margin-localized,5.0,50;100;200,/data1/deasy/Himangi/breast_feature_extraction/Lobular_outputs/TCGA-AC-A5XS-01/immune_proximity_wsi_summary.csv,TCGA-AC-A5XS,Alive,,,588.0,0.0,,,,matched
TCGA-AC-A62Y-01Z-00-DX1.5075F4DA-488C-40AD-BD73-6DE8953E1864,TCGA-AC-A62Y-01,TCGA-AC-A62Y,1,9.919567044641687,25682.174232377678,0.025682174232377678,6017.375,0.23430161891876963,19664.799232377674,676.84375,0.02635461249798309,55.86960121654941,78.3663992676037,79.79662280193719,57.57956451728339,margin-localized,5.0,50;100;200,/data1/deasy/Himangi/breast_feature_extraction/Lobular_outputs/TCGA-AC-A62Y-01/immune_proximity_wsi_summary.csv,TCGA-AC-A62Y,Alive,,,530.0,0.0,,,,matched
TCGA-AC-A6IV-01Z-00-DX1.DA4F4B9F-9070-4B3A-996F-311E0A989FFB,TCGA-AC-A6IV-01,TCGA-AC-A6IV,4,7.9595469735639774,152983.57722477993,0.15298357722477993,46194.625,0.3019580652904062,106788.9522247799,28560.205813356042,0.18668805064868052,76.36812704168052,86.07624237423718,91.2734709880757,13.942543930359337,immune-penetrated,5.0,50;100;200,/data1/deasy/Himangi/breast_feature_extraction/Lobular_outputs/TCGA-AC-A6IV-01/immune_proximity_wsi_summary.csv,TCGA-AC-A6IV,Alive,,,568.0,0.0,,,,matched
TCGA-AC-A6IX-01Z-00-DX1.45B63C4F-9DC3-4CED-9DF9-0F86E647BEA3,TCGA-AC-A6IX-01,TCGA-AC-A6IX,3,24.90464817798519,3536659.880680796,3.536659880680796,323220.8125,0.09139154552735249,3213439.068180796,89861.15099016744,0.025408479758271086,69.60873767411793,95.49217265577413,99.07946601176324,32.39357184420527,margin-localized,5.0,50;100;200,/data1/deasy/Himangi/breast_feature_extraction/Lobular_outputs/TCGA-AC-A6IX-01/immune_proximity_wsi_summary.csv,TCGA-AC-A6IX,Alive,,,373.0,0.0,,,,matched
TCGA-AO-A0J8-01Z-00-DX1.9BDD4BDE-2A07-4E0C-B146-87365CA9DE3A,TCGA-AO-A0J8-01,TCGA-AO-A0J8,1,19.390997277841546,127367.73331673763,0.12736773331673765,75904.09685723796,0.5959444741666237,51463.636459499656,17388.312460319525,0.13652054572627378,70.56718740783803,83.7217160813873,98.19050030177688,6.791538853603062,immune-penetrated,5.0,50;100;200,/data1/deasy/Himangi/breast_feature_extraction/Lobular_outputs/TCGA-AO-A0J8-01/immune_proximity_wsi_summary.csv,TCGA-AO-A0J8,Alive,,,680.0,0.0,,,,matched
TCGA-AO-A0J9-01Z-00-DX1.E37C342B-9B6A-4BEE-B064-A82C3579CC66,TCGA-AO-A0J9-01,TCGA-AO-A0J9,5,43.62022550660843,993660.9769263996,0.9936609769263997,305451.25,0.30739986483601717,688209.7269263996,193520.1198670493,0.19475467424075296,74.73851739452499,83.39152490287913,88.35874959507764,14.414077320453085,immune-penetrated,5.0,50;100;200,/data1/deasy/Himangi/breast_feature_extraction/Lobular_outputs/TCGA-AO-A0J9-01/immune_proximity_wsi_summary.csv,TCGA-AO-A0J9,Alive,,,1613.0,0.0,,,,matched
TCGA-AO-A0JJ-01Z-00-DX1.D5B636F5-1B47-4033-9938-9DC8CD48CEE9,TCGA-AO-A0JJ-01,TCGA-AO-A0JJ,5,28.721113838442932,1050006.301297686,1.0500063012976861,85611.4375,0.08153421307490649,964394.8637976862,147117.05531900458,0.14011064041919077,82.52597095625228,97.22868471153006,99.88495604754876,20.649606533781704,margin-localized,5.0,50;100;200,/data1/deasy/Himangi/breast_feature_extraction/Lobular_outputs/TCGA-AO-A0JJ-01/immune_proximity_wsi_summary.csv,TCGA-AO-A0JJ,Alive,,,1887.0,0.0,,,,matched
TCGA-AO-A12E-01Z-00-DX1.F2797928-26EC-4B28-BC50-432EB380624B,TCGA-AO-A12E-01,TCGA-AO-A12E,8,10.509692384629206,202628.70155293573,0.20262870155293572,23967.71875,0.11828392802358531,178660.98280293573,36915.35988680996,0.18218228515453427,92.66536352848429,99.23479468165938,100.0,14.253974226509602,margin-localized,5.0,50;100;200,/data1/deasy/Himangi/breast_feature_extraction/Lobular_outputs/TCGA-AO-A12E-01/immune_proximity_wsi_summary.csv,TCGA-AO-A12E,Alive,,,2142.0,0.0,,,,matched
TCGA-AO-A1KO-01Z-00-DX1.EEB5E0A0-92B2-42CD-9F7A-00E9250B561F,TCGA-AO-A1KO-01,TCGA-AO-A1KO,3,35.212294983398515,503858.0410666143,0.5038580410666144,31500.84375,0.0625192835730398,472357.1973166144,134259.83929801904,0.2664636233924244,95.00151524995916,99.89053076710445,100.0,10.209715042546486,margin-localized,5.0,50;100;200,/data1/deasy/Himangi/breast_feature_extraction/Lobular_outputs/TCGA-AO-A1KO-01/immune_proximity_wsi_summary.csv,TCGA-AO-A1KO,Alive,,,622.0,0.0,,,,matched
TCGA-AO-A1KS-01Z-00-DX1.349F9BCA-C9F0-43B4-BA6A-D20039E1C720,TCGA-AO-A1KS-01,TCGA-AO-A1KS,1,42.810750775051744,586342.2254836893,0.5863422254836893,65533.56393252958,0.11176674829869057,520808.6615511598,42032.45222852766,0.0716858694491156,70.39541522220306,90.52544663810846,97.04913268850983,27.4144265168907,margin-localized,5.0,50;100;200,/data1/deasy/Himangi/breast_feature_extraction/Lobular_outputs/TCGA-AO-A1KS-01/immune_proximity_wsi_summary.csv,TCGA-AO-A1KS,Alive,,,350.0,0.0,,,,matched
TCGA-AQ-A7U7-01Z-00-DX1.AB5629A1-399E-402B-AD3D-DAF9F97D8300,TCGA-AQ-A7U7-01,TCGA-AQ-A7U7,3,43.283023753165416,571188.3276024677,0.5711883276024677,21155.78125,0.0370381890309283,550032.5463524676,8843.009821329515,0.015481776139312182,30.247130799015498,83.13246270530418,99.86947342066519,59.061540997505304,peritumoral,5.0,50;100;200,/data1/deasy/Himangi/breast_feature_extraction/Lobular_outputs/TCGA-AQ-A7U7-01/immune_proximity_wsi_summary.csv,TCGA-AQ-A7U7,Dead,584.0,,584.0,1.0,584.0,19.186858316221766,1.5989048596851472,matched
TCGA-AR-A1AK-01Z-00-DX1.0AFFA0B5-D1A6-43E9-892A-7CB16A79E5F9,TCGA-AR-A1AK-01,TCGA-AR-A1AK,6,84.12398830601765,16965813.74097333,16.96581374097333,4455508.206550563,0.26261682902897115,12510305.534422766,1193734.8113780986,0.07036118806934478,84.5995149527093,95.57406164147922,96.84097970081066,14.375000000000002,margin-localized,5.0,50;100;200,/data1/deasy/Himangi/breast_feature_extraction/Lobular_outputs/TCGA-AR-A1AK-01/immune_proximity_wsi_summary.csv,TCGA-AR-A1AK,Alive,,,3159.0,0.0,,,,matched
TCGA-AR-A1AL-01Z-00-DX1.0970370F-6D4B-449A-AF33-76355DD99F91,TCGA-AR-A1AL-01,TCGA-AR-A1AL,5,42.801945790071095,101250.36971448116,0.10125036971448116,6492.71875,0.06412538313004688,94757.65096448116,22938.6875,0.22655411100903106,74.80071196580836,92.70400957904009,100.0,21.565670056828747,margin-localized,5.0,50;100;200,/data1/deasy/Himangi/breast_feature_extraction/Lobular_outputs/TCGA-AR-A1AL-01/immune_proximity_wsi_summary.csv,TCGA-AR-A1AL,Alive,,,2971.0,0.0,,,,matched
TCGA-AR-A1AM-01Z-00-DX1.B3F006D9-9386-41E5-B0B1-B0832EE104A0,TCGA-AR-A1AM-01,TCGA-AR-A1AM,5,14.747953698936465,1024237.9846083275,1.0242379846083276,133870.23846456228,0.13070227864645614,890367.7461437652,118917.07053179186,0.11610296856669126,47.022856626191654,75.01566046806556,99.90367228956293,84.07151438656258,peritumoral,5.0,50;100;200,/data1/deasy/Himangi/breast_feature_extraction/Lobular_outputs/TCGA-AR-A1AM-01/immune_proximity_wsi_summary.csv,TCGA-AR-A1AM,Alive,,,2991.0,0.0,,,,matched
TCGA-AR-A1AT-01Z-00-DX1.6ED69002-2CC1-4AD4-9573-B245D7C2D060,TCGA-AR-A1AT-01,TCGA-AR-A1AT,7,121.24804113588947,5474972.626071439,5.474972626071439,717223.0625,0.13100030109459063,4757749.563571439,196247.12244889114,0.03584440249333412,45.667970681831676,77.49153316940071,92.06591908115925,55.824081944981415,peritumoral,5.0,50;100;200,/data1/deasy/Himangi/breast_feature_extraction/Lobular_outputs/TCGA-AR-A1AT-01/immune_proximity_wsi_summary.csv,TCGA-AR-A1AT,Dead,1272.0,,1272.0,1.0,1272.0,41.790554414784395,3.482546201232033,matched
TCGA-AR-A24H-01Z-00-DX1.5CFC7E16-3F38-4531-968C-A4E4C9D00659,TCGA-AR-A24H-01,TCGA-AR-A24H,5,41.45572463602542,6364671.674399391,6.364671674399391,825075.178141977,0.1296335805444098,5539596.496257415,950424.9129904901,0.14932819187097784,83.14463594237873,90.26553059765496,95.17823431923235,13.541168645780434,margin-localized,5.0,50;100;200,/data1/deasy/Himangi/breast_feature_extraction/Lobular_outputs/TCGA-AR-A24H-01/immune_proximity_wsi_summary.csv,TCGA-AR-A24H,Alive,,,4894.0,0.0,,,,matched
TCGA-AR-A24T-01Z-00-DX1.3B325D54-38EC-4E16-BDE1-628894CC15AA,TCGA-AR-A24T-01,TCGA-AR-A24T,9,97.88833665685263,299381.30524757976,0.2993813052475798,8174.663779932254,0.02730519119479435,291206.6414676475,30410.985250598475,0.10157943972302967,76.28020435110278,91.20027475427335,99.53781254239654,23.67463370888766,margin-localized,5.0,50;100;200,/data1/deasy/Himangi/breast_feature_extraction/Lobular_outputs/TCGA-AR-A24T-01/immune_proximity_wsi_summary.csv,TCGA-AR-A24T,Alive,,,3202.0,0.0,,,,matched
TCGA-AR-A2LE-01Z-00-DX1.E8E1FC5C-9A4A-463F-81D7-E9A8AF43EAD9,TCGA-AR-A2LE-01,TCGA-AR-A2LE,1,35.964243941920586,541039.9637244483,0.5410399637244483,328265.75,0.6067310587193255,212774.2137244483,40631.10500980074,0.07509815860939648,49.802496509923316,69.12182533361883,91.16561331792057,11.009229082910393,immune-penetrated,5.0,50;100;200,/data1/deasy/Himangi/breast_feature_extraction/Lobular_outputs/TCGA-AR-A2LE-01/immune_proximity_wsi_summary.csv,TCGA-AR-A2LE,Alive,,,5062.0,0.0,,,,matched
TCGA-AR-A2LJ-01Z-00-DX1.9D6257FA-2767-4640-9252-9BE18BD9D158,TCGA-AR-A2LJ-01,TCGA-AR-A2LJ,8,39.08888527539115,2667203.3399369796,2.6672033399369797,629170.0598868693,0.23589129874954912,2038033.2800501103,559565.0458084049,0.20979467048118883,73.50473161670436,84.1429334094595,92.61715366825297,17.32738529755716,margin-localized,5.0,50;100;200,/data1/deasy/Himangi/breast_feature_extraction/Lobular_outputs/TCGA-AR-A2LJ-01/immune_proximity_wsi_summary.csv,TCGA-AR-A2LJ,Alive,,,2632.0,0.0,,,,matched
TCGA-AR-A2LK-01Z-00-DX1.FBD59C38-CD4E-4C22-BC74-A57C192A9BBC,TCGA-AR-A2LK-01,TCGA-AR-A2LK,4,92.47605221219042,3637565.4291733685,3.6375654291733683,677655.668578969,0.18629374007795244,2959909.7605943996,472084.29675755266,0.12978029012795878,76.59639577705464,86.22793691188603,96.30966630727904,11.875,margin-localized,5.0,50;100;200,/data1/deasy/Himangi/breast_feature_extraction/Lobular_outputs/TCGA-AR-A2LK-01/immune_proximity_wsi_summary.csv,TCGA-AR-A2LK,Dead,1649.0,,1649.0,1.0,1649.0,54.17659137577002,4.514715947980835,matched
TCGA-AR-A2LM-01Z-00-DX1.CB64A062-2E35-41F9-97C7-07BB60754799,TCGA-AR-A2LM-01,TCGA-AR-A2LM,14,115.3793341094163,990497.0825509379,0.9904970825509379,123086.125,0.12426702427330986,867410.9575509379,94260.02379116908,0.09516436287566915,78.58613269408966,95.81507459502451,98.89938469360011,24.625317256839555,margin-localized,5.0,50;100;200,/data1/deasy/Himangi/breast_feature_extraction/Lobular_outputs/TCGA-AR-A2LM-01/immune_proximity_wsi_summary.csv,TCGA-AR-A2LM,Alive,,,1935.0,0.0,,,,matched
TCGA-AR-A2LO-01Z-00-DX1.A8C81E1E-B224-4CF4-83D4-FFB2F51A7002,TCGA-AR-A2LO-01,TCGA-AR-A2LO,6,21.35052810856994,312362.01006083924,0.31236201006083925,6217.03125,0.01990328865148838,306144.97881083924,58950.176961757665,0.18872390067625652,61.10029231764709,92.12598833543531,99.43522519466053,29.80588238921975,margin-localized,5.0,50;100;200,/data1/deasy/Himangi/breast_feature_extraction/Lobular_outputs/TCGA-AR-A2LO-01/immune_proximity_wsi_summary.csv,TCGA-AR-A2LO,Alive,,,1198.0,0.0,,,,matched
TCGA-AR-A5QM-01Z-00-DX1.A9017CED-FF57-4090-95B9-94DC91854347,TCGA-AR-A5QM-01,TCGA-AR-A5QM,13,53.333741025936135,359166.2614115105,0.35916626141151053,6474.53125,0.018026557462706337,352691.7301615105,51559.87211499588,0.14355433027692366,78.12882750234176,97.89489300723595,100.0,23.738566326760342,margin-localized,5.0,50;100;200,/data1/deasy/Himangi/breast_feature_extraction/Lobular_outputs/TCGA-AR-A5QM-01/immune_proximity_wsi_summary.csv,TCGA-AR-A5QM,Alive,,,2231.0,0.0,,,,matched
TCGA-AR-A5QN-01Z-00-DX1.BF92AA24-3D44-4FFA-BCC0-CDB934EC3BBC,TCGA-AR-A5QN-01,TCGA-AR-A5QN,7,130.2864705213346,8389770.61243762,8.389770612437621,1506884.1028941614,0.17960969047952802,6882886.509543461,1180557.2966902435,0.14071389448241856,81.04574679360414,87.23600518078764,92.91748957303703,18.09739276802048,margin-localized,5.0,50;100;200,/data1/deasy/Himangi/breast_feature_extraction/Lobular_outputs/TCGA-AR-A5QN-01/immune_proximity_wsi_summary.csv,TCGA-AR-A5QN,Alive,,,1013.0,0.0,,,,matched
TCGA-AR-A5QP-01Z-00-DX1.256FDB13-1F81-42DA-AF6E-8A94835550C1,TCGA-AR-A5QP-01,TCGA-AR-A5QP,10,87.00371341048047,2463261.9504843033,2.4632619504843034,231327.43555033306,0.09391101726101507,2231934.5149339708,320169.5871862647,0.12997788851620753,73.94606844452878,94.26267279020482,98.02111611635878,22.0,margin-localized,5.0,50;100;200,/data1/deasy/Himangi/breast_feature_extraction/Lobular_outputs/TCGA-AR-A5QP-01/immune_proximity_wsi_summary.csv,TCGA-AR-A5QP,Alive,,,1185.0,0.0,,,,matched
TCGA-B6-A0IH-01Z-00-DX1.3463B12E-D1B0-4FB2-B257-BFD63BA2B6BF,TCGA-B6-A0IH-01,TCGA-B6-A0IH,17,12.843965674754582,312168.6190483942,0.3121686190483942,2565.84375,0.008219416025293138,309602.7752983942,60804.33427545203,0.19478041854689368,65.33935456932254,95.0189053944878,100.0,45.808918686757934,margin-localized,5.0,50;100;200,/data1/deasy/Himangi/breast_feature_extraction/Lobular_outputs/TCGA-B6-A0IH-01/immune_proximity_wsi_summary.csv,TCGA-B6-A0IH,Dead,2965.0,,2965.0,1.0,2965.0,97.41273100616016,8.11772758384668,matched
TCGA-B6-A0IP-01Z-00-DX1.3723A250-AA4B-4AFE-A692-C1311E9BA268,TCGA-B6-A0IP-01,TCGA-B6-A0IP,6,56.83846623372891,3361996.561210522,3.361996561210522,412333.3381893733,0.12264537773379174,2949663.2230211482,622171.2644186376,0.18506005377787133,85.58385451869319,94.94952038474729,98.93049182735308,12.896826159951138,margin-localized,5.0,50;100;200,/data1/deasy/Himangi/breast_feature_extraction/Lobular_outputs/TCGA-B6-A0IP-01/immune_proximity_wsi_summary.csv,TCGA-B6-A0IP,Dead,3926.0,,3926.0,1.0,3926.0,128.98562628336757,10.74880219028063,matched
TCGA-B6-A0RQ-01Z-00-DX1.68B4F49D-9F81-4501-BC66-0349012077C8,TCGA-B6-A0RQ-01,TCGA-B6-A0RQ,12,12.741182100806704,367797.0099946574,0.3677970099946574,26609.375,0.0723479916282803,341187.6349946574,43195.7308105698,0.11744448605277476,46.36092689559924,53.25250922336966,98.4316763011609,124.73966666185451,immune-excluded,5.0,50;100;200,/data1/deasy/Himangi/breast_feature_extraction/Lobular_outputs/TCGA-B6-A0RQ-01/immune_proximity_wsi_summary.csv,TCGA-B6-A0RQ,Dead,4267.0,,4267.0,1.0,4267.0,140.18891170431212,11.682409308692677,matched
TCGA-B6-A2IU-01Z-00-DX1.3C7DF701-4ED9-4989-AA63-A6B7B105F6EE,TCGA-B6-A2IU-01,TCGA-B6-A2IU,11,120.56887109323607,3945342.456741711,3.9453424567417112,1620001.097829117,0.4106110218799628,2325341.358912594,218754.4673107797,0.05544625585973584,55.46627664117604,65.11737009294009,98.14085044195866,11.75,immune-penetrated,5.0,50;100;200,/data1/deasy/Himangi/breast_feature_extraction/Lobular_outputs/TCGA-B6-A2IU-01/immune_proximity_wsi_summary.csv,TCGA-B6-A2IU,Alive,,,5176.0,0.0,,,,matched
TCGA-BH-A0C1-01Z-00-DX1.21FE357E-B182-4397-BFEF-7E96E994236A,TCGA-BH-A0C1-01,TCGA-BH-A0C1,9,49.728422270666144,528830.3929547678,0.5288303929547677,34099.991461114274,0.06448190557011146,494730.4014936536,146048.0005273683,0.2761717224899745,85.88420028320273,94.73573131165838,99.13660014554641,8.110564098754168,margin-localized,5.0,50;100;200,/data1/deasy/Himangi/breast_feature_extraction/Lobular_outputs/TCGA-BH-A0C1-01/immune_proximity_wsi_summary.csv,TCGA-BH-A0C1,Dead,1411.0,,1411.0,1.0,1411.0,46.35728952772074,3.863107460643395,matched
TCGA-BH-A0DP-01Z-00-DX1.5550557D-4E5B-4B57-8C1E-9290A7AA32A9,TCGA-BH-A0DP-01,TCGA-BH-A0DP,10,52.18431605761427,257109.4272976761,0.2571094272976761,17195.65625,0.06688069134894543,239913.77104767613,42429.744477364,0.1650260160559562,66.58946467446566,88.98892151616403,100.0,16.0,margin-localized,5.0,50;100;200,/data1/deasy/Himangi/breast_feature_extraction/Lobular_outputs/TCGA-BH-A0DP-01/immune_proximity_wsi_summary.csv,TCGA-BH-A0DP,Alive,,,476.0,0.0,,,,matched
TCGA-BH-A28O-01Z-00-DX1.B37603E3-BC80-4DDA-B44D-B5F794E3398E,TCGA-BH-A28O-01,TCGA-BH-A28O,9,11.64283689389597,23190.05841760442,0.023190058417604423,0.0,0.0,23190.05841760442,691.5775153999436,0.029822154948731906,34.50039145954205,45.71734789474155,100.0,109.4853015249079,immune-excluded,5.0,50;100;200,/data1/deasy/Himangi/breast_feature_extraction/Lobular_outputs/TCGA-BH-A28O-01/immune_proximity_wsi_summary.csv,TCGA-BH-A28O,Alive,,,1120.0,0.0,,,,matched
TCGA-BH-A28Q-01Z-00-DX1.C6D1CA93-6B2A-4722-9270-5D56592D833D,TCGA-BH-A28Q-01,TCGA-BH-A28Q,7,188.62236862849537,1680921.7949791981,1.6809217949791981,218744.1262738191,0.13013343448052925,1462177.6687053791,96150.66142955437,0.05720115100937474,58.77646892536117,92.65627528476644,98.3626552462652,39.15613776919271,margin-localized,5.0,50;100;200,/data1/deasy/Himangi/breast_feature_extraction/Lobular_outputs/TCGA-BH-A28Q-01/immune_proximity_wsi_summary.csv,TCGA-BH-A28Q,Alive,,,1119.0,0.0,,,,matched
TCGA-BH-A2L8-01Z-00-DX1.ACA51CA9-3C38-48A6-B4A9-C12FFAB9AB56,TCGA-BH-A2L8-01,TCGA-BH-A2L8,21,244.4297280704787,12763125.534252902,12.763125534252902,870228.8892457559,0.06818305491944653,11892896.645007147,1063328.8566368497,0.08331257526090707,60.92131230287371,85.42954813105338,99.37260783326207,33.9073300519224,margin-localized,5.0,50;100;200,/data1/deasy/Himangi/breast_feature_extraction/Lobular_outputs/TCGA-BH-A2L8-01/immune_proximity_wsi_summary.csv,TCGA-BH-A2L8,Alive,,,612.0,0.0,,,,matched
TCGA-BH-A42T-01Z-00-DX1.6E4609B9-BE7E-4CA9-A1C0-A77A7DEFBB2B,TCGA-BH-A42T-01,TCGA-BH-A42T,4,30.246973454749853,473922.6864093699,0.4739226864093699,57920.625,0.12221534579580921,416002.0614093698,51460.69568235506,0.10858457963310876,71.17240081443768,82.77059639815782,94.35060807009495,13.771006680704211,margin-localized,5.0,50;100;200,/data1/deasy/Himangi/breast_feature_extraction/Lobular_outputs/TCGA-BH-A42T-01/immune_proximity_wsi_summary.csv,TCGA-BH-A42T,Dead,320.0,,320.0,1.0,320.0,10.513347022587268,0.8761122518822724,matched
TCGA-C8-A3M7-01Z-00-DX1.846C75F1-2E7E-44F7-B21F-C246141558FA,TCGA-C8-A3M7-01,TCGA-C8-A3M7,7,155.57474823146367,166329.37913842726,0.16632937913842727,2617.2187681287296,0.015735156240501296,163712.16037029854,18744.026287523244,0.11269221579865075,60.26534316767867,94.36505535481544,100.0,36.7859093268061,margin-localized,5.0,50;100;200,/data1/deasy/Himangi/breast_feature_extraction/Lobular_outputs/TCGA-C8-A3M7-01/immune_proximity_wsi_summary.csv,TCGA-C8-A3M7,Dead,1034.0,,1034.0,1.0,1034.0,33.97125256673511,2.830937713894593,matched
TCGA-C8-A3M8-01Z-00-DX1.97AC85E0-6281-4F2E-8034-24AD5F52D5A6,TCGA-C8-A3M8-01,TCGA-C8-A3M8,3,68.42419129372551,9225483.073935453,9.225483073935452,1788367.3102339455,0.19385080389845155,7437115.763701508,1105391.956477002,0.11981941190700796,87.11227177855866,96.35389370867442,99.71810456858684,16.648010391635392,margin-localized,5.0,50;100;200,/data1/deasy/Himangi/breast_feature_extraction/Lobular_outputs/TCGA-C8-A3M8-01/immune_proximity_wsi_summary.csv,TCGA-C8-A3M8,Alive,,,394.0,0.0,,,,matched
TCGA-C8-A8HR-01Z-00-DX1.8E841CA8-1CE2-4242-AC5A-3247075CF8F4,TCGA-C8-A8HR-01,TCGA-C8-A8HR,6,23.458628267984874,347508.60802534764,0.34750860802534767,24015.53713644827,0.06910774749699597,323493.0708888994,40436.005540690254,0.116359723491341,71.35398404846543,81.27616122125339,99.9915020090674,23.736180189744093,margin-localized,5.0,50;100;200,/data1/deasy/Himangi/breast_feature_extraction/Lobular_outputs/TCGA-C8-A8HR-01/immune_proximity_wsi_summary.csv,TCGA-C8-A8HR,Alive,,,408.0,0.0,,,,matched
TCGA-D8-A1JN-01Z-00-DX1.3B02989C-CEA0-4EDD-A6DC-21C3A957C640,TCGA-D8-A1JN-01,TCGA-D8-A1JN,11,121.69154270710564,2824289.475868928,2.8242894758689276,20817.3125,0.007370814032295785,2803472.163368928,244706.12977096788,0.08664343080331062,71.05102666623989,92.84138409528909,99.9965667389845,31.63710242737157,margin-localized,5.0,50;100;200,/data1/deasy/Himangi/breast_feature_extraction/Lobular_outputs/TCGA-D8-A1JN-01/immune_proximity_wsi_summary.csv,TCGA-D8-A1JN,Alive,,,620.0,0.0,,,,matched
TCGA-D8-A1X8-01Z-00-DX1.DDA3866E-C7CC-4650-BE2B-5C9A98A2D531,TCGA-D8-A1X8-01,TCGA-D8-A1X8,8,29.75935864094937,5871542.367769553,5.871542367769553,333733.5379852486,0.056839160323052446,5537808.829784306,886524.7670994564,0.1509866933713746,75.62142342981915,88.84474613102118,99.74752002418691,15.717909425814835,margin-localized,5.0,50;100;200,/data1/deasy/Himangi/breast_feature_extraction/Lobular_outputs/TCGA-D8-A1X8-01/immune_proximity_wsi_summary.csv,TCGA-D8-A1X8,Alive,,,783.0,0.0,,,,matched
TCGA-D8-A1XO-01Z-00-DX1.A9EF6AFF-62B0-4E2D-ABC7-DC06FF473890,TCGA-D8-A1XO-01,TCGA-D8-A1XO,4,73.2487313498881,331707.1659284129,0.33170716592841293,6742.5,0.020326663673751102,324964.6659284129,10209.340276743347,0.030778172211530293,28.918244781595643,75.59320839940517,99.90825346356903,61.492504624547536,peritumoral,5.0,50;100;200,/data1/deasy/Himangi/breast_feature_extraction/Lobular_outputs/TCGA-D8-A1XO-01/immune_proximity_wsi_summary.csv,TCGA-D8-A1XO,Alive,,,1682.0,0.0,,,,matched
TCGA-D8-A27G-01Z-00-DX1.04FCF306-67AA-4F56-AE90-44A4F5DD56D4,TCGA-D8-A27G-01,TCGA-D8-A27G,7,75.63799239855267,1994407.349217587,1.9944073492175869,11227.096386819067,0.005629289518624917,1983180.2528307678,37051.42561950742,0.018577661997707152,23.132678295532546,58.00595211454886,93.5955266058135,92.50717877548747,peritumoral,5.0,50;100;200,/data1/deasy/Himangi/breast_feature_extraction/Lobular_outputs/TCGA-D8-A27G-01/immune_proximity_wsi_summary.csv,TCGA-D8-A27G,Alive,,,409.0,0.0,,,,matched
TCGA-D8-A27I-01Z-00-DX1.ACAE0048-7AF0-41C9-992B-6ACDABF80B1C,TCGA-D8-A27I-01,TCGA-D8-A27I,3,24.604939874435672,145592.01188707195,0.14559201188707194,111.9375,0.0007688436923780133,145480.07438707197,546.21875,0.003751708235364404,42.11471291518459,64.89835887672164,99.99931314913024,68.00743873344643,peritumoral,5.0,50;100;200,/data1/deasy/Himangi/breast_feature_extraction/Lobular_outputs/TCGA-D8-A27I-01/immune_proximity_wsi_summary.csv,TCGA-D8-A27I,Alive,,,439.0,0.0,,,,matched
TCGA-D8-A27T-01Z-00-DX1.1E3A4D57-9CF2-4EBF-B74D-ADD7BD8CBFA5,TCGA-D8-A27T-01,TCGA-D8-A27T,14,149.52419109269042,5772752.526862295,5.772752526862296,383497.22448489384,0.06643229944473972,5389255.302377401,901250.6070930094,0.1561214694202165,83.15542325662338,94.20249269799588,99.9882768229393,28.177173829183083,margin-localized,5.0,50;100;200,/data1/deasy/Himangi/breast_feature_extraction/Lobular_outputs/TCGA-D8-A27T-01/TCGA-D8-A27T-01Z-00-DX1.1E3A4D57-9CF2-4EBF-B74D-ADD7BD8CBFA5__immune_proximity_wsi_summary.csv,TCGA-D8-A27T,Alive,,,398.0,0.0,,,,matched
TCGA-D8-A27T-01Z-00-DX2.7CCFE3AA-955B-4D77-9EDB-7B36D5A01168,TCGA-D8-A27T-01,TCGA-D8-A27T,1,0.22558443088745814,38953.89532850342,0.03895389532850342,0.0,0.0,38953.89532850342,63.5625,0.001631736684199845,93.2723352108964,93.2723352108964,100.0,6.903350635742038,margin-localized,5.0,50;100;200,/data1/deasy/Himangi/breast_feature_extraction/Lobular_outputs/TCGA-D8-A27T-01/TCGA-D8-A27T-01Z-00-DX2.7CCFE3AA-955B-4D77-9EDB-7B36D5A01168__immune_proximity_wsi_summary.csv,TCGA-D8-A27T,Alive,,,398.0,0.0,,,,matched
TCGA-D8-A27V-01Z-00-DX1.F937C53B-0B55-4271-843E-2C28F72CF28E,TCGA-D8-A27V-01,TCGA-D8-A27V,16,117.16566562998581,811602.4148667216,0.8116024148667216,54679.15625,0.06737185011823703,756923.2586167216,44700.75008124548,0.05507715263339387,68.25131304626896,91.9093833039825,99.94074607946072,30.01067518400744,margin-localized,5.0,50;100;200,/data1/deasy/Himangi/breast_feature_extraction/Lobular_outputs/TCGA-D8-A27V-01/TCGA-D8-A27V-01Z-00-DX1.F937C53B-0B55-4271-843E-2C28F72CF28E__immune_proximity_wsi_summary.csv,TCGA-D8-A27V,Alive,,,381.0,0.0,,,,matched
TCGA-D8-A27V-01Z-00-DX2.81E4FFDF-7123-4AC3-BE24-A82564A6C34C,TCGA-D8-A27V-01,TCGA-D8-A27V,2,47.84695958871706,1085129.8619594285,1.0851298619594285,798684.0625,0.7360262494829966,286445.7994594284,90728.40625,0.08361064369399154,32.60671360858718,40.24893396637155,53.95227693322089,6.13041852160193,immune-penetrated,5.0,50;100;200,/data1/deasy/Himangi/breast_feature_extraction/Lobular_outputs/TCGA-D8-A27V-01/TCGA-D8-A27V-01Z-00-DX2.81E4FFDF-7123-4AC3-BE24-A82564A6C34C__immune_proximity_wsi_summary.csv,TCGA-D8-A27V,Alive,,,381.0,0.0,,,,matched
TCGA-D8-A3Z5-01Z-00-DX1.4DBF937F-623C-4212-8493-ECE3C8F555E3,TCGA-D8-A3Z5-01,TCGA-D8-A3Z5,12,105.77386060343682,168587.1836909427,0.16858718369094272,30319.9375,0.17984722703229386,138267.2461909427,23691.675811465222,0.14053070519819147,84.24172550662244,95.13513673306386,99.94042400032963,15.550321540083987,margin-localized,5.0,50;100;200,/data1/deasy/Himangi/breast_feature_extraction/Lobular_outputs/TCGA-D8-A3Z5-01/TCGA-D8-A3Z5-01Z-00-DX1.4DBF937F-623C-4212-8493-ECE3C8F555E3__immune_proximity_wsi_summary.csv,TCGA-D8-A3Z5,Alive,,,1015.0,0.0,,,,matched
TCGA-D8-A3Z5-01Z-00-DX2.6196B9FF-F09E-4D44-873D-E53BFB2BF4E1,TCGA-D8-A3Z5-01,TCGA-D8-A3Z5,18,67.99951738486796,69114.4343471558,0.06911443434715579,11010.1875,0.1593037345093036,58104.246847155795,6287.59375,0.09097367010801193,78.36184120752037,97.16754085751485,99.51516530805247,19.033687241309813,margin-localized,5.0,50;100;200,/data1/deasy/Himangi/breast_feature_extraction/Lobular_outputs/TCGA-D8-A3Z5-01/TCGA-D8-A3Z5-01Z-00-DX2.6196B9FF-F09E-4D44-873D-E53BFB2BF4E1__immune_proximity_wsi_summary.csv,TCGA-D8-A3Z5,Alive,,,1015.0,0.0,,,,matched
TCGA-D8-A3Z5-01Z-00-DX3.BB83C7D4-F795-47E7-9A5C-7DBF0EB7FDAA,TCGA-D8-A3Z5-01,TCGA-D8-A3Z5,16,43.23275402602642,55087.7152271709,0.055087715227170896,5213.25,0.09463543693002302,49874.4652271709,967.5625,0.017564033941323626,92.97936044754833,100.0,100.0,12.553012586626368,margin-localized,5.0,50;100;200,/data1/deasy/Himangi/breast_feature_extraction/Lobular_outputs/TCGA-D8-A3Z5-01/TCGA-D8-A3Z5-01Z-00-DX3.BB83C7D4-F795-47E7-9A5C-7DBF0EB7FDAA__immune_proximity_wsi_summary.csv,TCGA-D8-A3Z5,Alive,,,1015.0,0.0,,,,matched
TCGA-D8-A3Z6-01Z-00-DX3.66566DB7-661D-4002-90C1-B15BF3425903,TCGA-D8-A3Z6-01,TCGA-D8-A3Z6,3,6.540863133544201,93030.96320547175,0.09303096320547175,1769.125,0.019016518146680293,91261.83820547175,12800.152616259984,0.13759024065986586,89.626554928267,99.2086155046742,100.0,25.932420640127756,margin-localized,5.0,50;100;200,/data1/deasy/Himangi/breast_feature_extraction/Lobular_outputs/TCGA-D8-A3Z6-01/immune_proximity_wsi_summary.csv,TCGA-D8-A3Z6,Alive,,,563.0,0.0,,,,matched
TCGA-D8-A4Z1-01Z-00-DX1.D39D38B5-FC9F-4298-8720-016407DC6591,TCGA-D8-A4Z1-01,TCGA-D8-A4Z1,9,15.173236361422859,9662.119660725008,0.009662119660725008,1112.03125,0.11509185241414796,8550.088410725008,307.09375,0.03178326917728908,70.72064049364279,85.85027872346275,100.0,17.0,margin-localized,5.0,50;100;200,/data1/deasy/Himangi/breast_feature_extraction/Lobular_outputs/TCGA-D8-A4Z1-01/immune_proximity_wsi_summary.csv,TCGA-D8-A4Z1,Alive,,,659.0,0.0,,,,matched
TCGA-D8-A73U-01Z-00-DX1.6ECEF7C0-00CC-4AC2-87BD-DBFB6E0DC042,TCGA-D8-A73U-01,TCGA-D8-A73U,1,0.7530265307255702,9556.9375,0.0095569375,9.78125,0.0010234711695038291,9547.15625,0.0,0.0,8.627240682488505,97.70487407707752,100.0,78.92737959669002,peritumoral,5.0,50;100;200,/data1/deasy/Himangi/breast_feature_extraction/Lobular_outputs/TCGA-D8-A73U-01/TCGA-D8-A73U-01Z-00-DX1.6ECEF7C0-00CC-4AC2-87BD-DBFB6E0DC042__immune_proximity_wsi_summary.csv,TCGA-D8-A73U,Alive,,,492.0,0.0,,,,matched
TCGA-E2-A107-01Z-00-DX1.3BFCCC24-7286-488D-A9E9-98E498AD0767,TCGA-E2-A107-01,TCGA-E2-A107,13,162.86458359131328,79549.2816354904,0.07954928163549041,1561.6875,0.019631698337087975,77987.5941354904,4703.53125,0.059127262412657026,20.680497877256013,65.47201016375031,99.10963212308383,85.36038033684011,peritumoral,5.0,50;100;200,/data1/deasy/Himangi/breast_feature_extraction/Lobular_outputs/TCGA-E2-A107-01/immune_proximity_wsi_summary.csv,TCGA-E2-A107,Alive,,,1047.0,0.0,,,,matched
TCGA-E2-A10F-01Z-00-DX1.18F9324C-A38F-478E-95DF-B8E172D0DD07,TCGA-E2-A10F-01,TCGA-E2-A10F,8,17.97519007739984,28605.903259483246,0.028605903259483246,2047.40625,0.07157285793173676,26558.497009483246,2576.71875,0.09007646871440016,90.11196044252203,100.0,100.0,24.84608872639716,margin-localized,5.0,50;100;200,/data1/deasy/Himangi/breast_feature_extraction/Lobular_outputs/TCGA-E2-A10F-01/immune_proximity_wsi_summary.csv,TCGA-E2-A10F,Alive,,,878.0,0.0,,,,matched
TCGA-E2-A15L-01Z-00-DX1.626032DC-D396-48E7-B888-DFEBCF7102FF,TCGA-E2-A15L-01,TCGA-E2-A15L,6,128.35414591224622,3024048.1834713873,3.024048183471387,1331581.954104874,0.4403309316904848,1692466.2293665134,318594.6698686831,0.10535370157460903,55.9916212290294,64.25515357377284,80.0727658761058,12.745863299518005,immune-penetrated,5.0,50;100;200,/data1/deasy/Himangi/breast_feature_extraction/Lobular_outputs/TCGA-E2-A15L-01/immune_proximity_wsi_summary.csv,TCGA-E2-A15L,Alive,,,626.0,0.0,,,,matched
TCGA-E2-A15M-01Z-00-DX1.6E4671E5-18EA-4464-BE7C-C94767136E5C,TCGA-E2-A15M-01,TCGA-E2-A15M,5,20.70257065645859,141723.75465870404,0.14172375465870404,58044.40625,0.40956017845971715,83679.34840870404,27530.75,0.19425642558157546,91.71423577303106,97.91651919845985,100.0,8.581639193650593,immune-penetrated,5.0,50;100;200,/data1/deasy/Himangi/breast_feature_extraction/Lobular_outputs/TCGA-E2-A15M-01/immune_proximity_wsi_summary.csv,TCGA-E2-A15M,Dead,336.0,,336.0,1.0,336.0,11.039014373716633,0.919917864476386,matched
TCGA-E2-A1B5-01Z-00-DX1.AB19FF3D-5C42-4D49-ABEA-D2315709B6EA,TCGA-E2-A1B5-01,TCGA-E2-A1B5,22,46.623093412836006,1168008.2684126392,1.1680082684126392,157048.90625,0.1344587281590348,1010959.3621626389,2385.7567510106715,0.0020425854983483907,17.41491841031886,39.52628551207684,88.76606504712565,107.72280689343367,immune-excluded,5.0,50;100;200,/data1/deasy/Himangi/breast_feature_extraction/Lobular_outputs/TCGA-E2-A1B5-01/immune_proximity_wsi_summary.csv,TCGA-E2-A1B5,Alive,,,984.0,0.0,,,,matched
TCGA-E2-A1IJ-01Z-00-DX1.00093877-7B01-42D3-857C-987BC1F604A3,TCGA-E2-A1IJ-01,TCGA-E2-A1IJ,8,50.052446910034895,35326.327263787636,0.035326327263787635,2951.6875,0.08355489315261257,32374.639763787636,385.8125,0.010921387245242708,81.50516478828793,96.38849379819959,100.0,14.981759743100941,margin-localized,5.0,50;100;200,/data1/deasy/Himangi/breast_feature_extraction/Lobular_outputs/TCGA-E2-A1IJ-01/immune_proximity_wsi_summary.csv,TCGA-E2-A1IJ,Alive,,,865.0,0.0,,,,matched
TCGA-E2-A1IL-01Z-00-DX1.46B6AA99-C7CE-4573-B15D-2C56A708B082,TCGA-E2-A1IL-01,TCGA-E2-A1IL,12,36.931147124057134,60369.7527181988,0.0603697527181988,1356.25,0.0224657206454177,59013.5027181988,3708.5,0.06142976959523063,98.10682303879065,100.0,100.0,15.673051114891447,margin-localized,5.0,50;100;200,/data1/deasy/Himangi/breast_feature_extraction/Lobular_outputs/TCGA-E2-A1IL-01/immune_proximity_wsi_summary.csv,TCGA-E2-A1IL,Alive,,,118.0,0.0,,,,matched
TCGA-E2-A1L8-01Z-00-DX1.842BF73D-2D64-4ABA-880D-DBE8F4C2AA19,TCGA-E2-A1L8-01,TCGA-E2-A1L8,4,17.375045577890994,550083.5023458675,0.5500835023458674,2448.125,0.00445046068380493,547635.3773458675,4664.34375,0.008479337646209345,21.921377007988173,57.0823418445767,95.53159676890961,99.43292337048126,peritumoral,5.0,50;100;200,/data1/deasy/Himangi/breast_feature_extraction/Lobular_outputs/TCGA-E2-A1L8-01/immune_proximity_wsi_summary.csv,TCGA-E2-A1L8,Alive,,,2240.0,0.0,,,,matched
TCGA-E2-A2P6-01Z-00-DX1.9D8060AA-881F-49FF-AEF5-B40A3625A44A,TCGA-E2-A2P6-01,TCGA-E2-A2P6,11,88.82324775477706,3854745.8043509433,3.8547458043509435,310461.7246988943,0.08054012909190245,3544284.0796520486,760254.5281446135,0.19722559326389202,78.33289502321925,92.67690946951991,99.64240740511254,24.65424976043684,margin-localized,5.0,50;100;200,/data1/deasy/Himangi/breast_feature_extraction/Lobular_outputs/TCGA-E2-A2P6-01/immune_proximity_wsi_summary.csv,TCGA-E2-A2P6,Alive,,,1051.0,0.0,,,,matched
TCGA-E2-A3DX-01Z-00-DX1.75094CA2-CE51-4886-A564-BD10043A6E4C,TCGA-E2-A3DX-01,TCGA-E2-A3DX,10,61.15446083358275,1982495.9069410574,1.9824959069410575,111293.68406132318,0.05613816587043884,1871202.2228797346,120966.57792305537,0.0610173153445264,41.62951638527859,68.39626470221093,96.36141522610475,74.29943640432275,peritumoral,5.0,50;100;200,/data1/deasy/Himangi/breast_feature_extraction/Lobular_outputs/TCGA-E2-A3DX-01/immune_proximity_wsi_summary.csv,TCGA-E2-A3DX,Alive,,,1325.0,0.0,,,,matched
TCGA-E2-A576-01Z-00-DX1.2E045763-7EB0-48F5-8C47-E4B84287D739,TCGA-E2-A576-01,TCGA-E2-A576,3,21.880442861748083,230535.4370066981,0.2305354370066981,4664.15625,0.020231840755417074,225871.2807566981,21521.4375,0.09335414016793742,53.177647935873665,90.51878580561666,99.90516972764748,22.375,margin-localized,5.0,50;100;200,/data1/deasy/Himangi/breast_feature_extraction/Lobular_outputs/TCGA-E2-A576-01/immune_proximity_wsi_summary.csv,TCGA-E2-A576,Alive,,,1043.0,0.0,,,,matched
TCGA-E9-A295-01Z-00-DX1.ED6CC024-56E7-45A9-B41F-F84550A899F7,TCGA-E9-A295-01,TCGA-E9-A295,13,104.08697409400828,1854434.1196448766,1.8544341196448766,26373.647266152617,0.014221938103254464,1828060.4723787243,151826.5603134359,0.08187217798953712,50.895441333227694,89.48392711737169,97.13883385433085,45.84365414100407,margin-localized,5.0,50;100;200,/data1/deasy/Himangi/breast_feature_extraction/Lobular_outputs/TCGA-E9-A295-01/immune_proximity_wsi_summary.csv,TCGA-E9-A295,Alive,,,375.0,0.0,,,,matched
TCGA-E9-A2JS-01Z-00-DX1.445BA2F8-3A4A-49D2-8D41-4ACFD32F2074,TCGA-E9-A2JS-01,TCGA-E9-A2JS,1,146.15212985226253,2173952.9856026084,2.1739529856026083,222283.59375,0.10224857447337306,1951669.3918526084,160354.06993917958,0.07376151692384933,70.72554146849376,90.68437516570214,96.3883459035852,28.377477865377678,margin-localized,5.0,50;100;200,/data1/deasy/Himangi/breast_feature_extraction/Lobular_outputs/TCGA-E9-A2JS-01/immune_proximity_wsi_summary.csv,TCGA-E9-A2JS,Dead,904.0,,904.0,1.0,904.0,29.700205338809035,2.4750171115674195,matched
TCGA-E9-A2JT-01Z-00-DX1.49C2B936-3B1A-4014-8B43-26D483DEF53A,TCGA-E9-A2JT-01,TCGA-E9-A2JT,7,5.553425625796913,461605.6573648886,0.46160565736488857,26005.1875,0.056336370850506065,435600.4698648886,5124.768813470486,0.01110204940451905,75.15110211208648,98.43142536815625,99.8202549811652,16.073082325840996,margin-localized,5.0,50;100;200,/data1/deasy/Himangi/breast_feature_extraction/Lobular_outputs/TCGA-E9-A2JT-01/immune_proximity_wsi_summary.csv,TCGA-E9-A2JT,Alive,,,288.0,0.0,,,,matched
TCGA-E9-A3HO-01Z-00-DX1.8C897764-4CD4-40DE-9F8B-7F1BE5FF89C7,TCGA-E9-A3HO-01,TCGA-E9-A3HO,6,93.12588350863057,12658801.01853077,12.658801018530768,1888083.6979491229,0.14915185847263293,10770717.320581645,1724595.2096227647,0.13623685269230404,72.36999769361894,90.22134485205797,95.81472634869414,24.071832605765604,margin-localized,5.0,50;100;200,/data1/deasy/Himangi/breast_feature_extraction/Lobular_outputs/TCGA-E9-A3HO-01/immune_proximity_wsi_summary.csv,TCGA-E9-A3HO,Alive,,,1158.0,0.0,,,,matched
TCGA-E9-A3Q9-01Z-00-DX1.2D0CA5D4-CCE5-4647-BFB3-D5359F53DA83,TCGA-E9-A3Q9-01,TCGA-E9-A3Q9,4,97.72080625802006,14754622.708798885,14.754622708798886,3441845.59289816,0.23327235543919558,11312777.115900723,1955988.7026941353,0.13256785627786238,71.11099786900277,83.34907336848828,90.94375607816431,17.196020615247004,margin-localized,5.0,50;100;200,/data1/deasy/Himangi/breast_feature_extraction/Lobular_outputs/TCGA-E9-A3Q9-01/immune_proximity_wsi_summary.csv,TCGA-E9-A3Q9,Alive,,,1001.0,0.0,,,,matched
TCGA-E9-A3X8-01Z-00-DX1.D1532F80-F5F8-47AF-8A1B-B59E345F5D70,TCGA-E9-A3X8-01,TCGA-E9-A3X8,2,23.30122693735639,261031.89932498438,0.2610318993249844,250.53125,0.0009597725436924049,260781.36807498438,3841.284011676549,0.014715764707723157,43.30090591051668,85.90597078921007,99.67770940939573,52.13039540421691,peritumoral,5.0,50;100;200,/data1/deasy/Himangi/breast_feature_extraction/Lobular_outputs/TCGA-E9-A3X8-01/immune_proximity_wsi_summary.csv,TCGA-E9-A3X8,Alive,,,926.0,0.0,,,,matched
TCGA-E9-A5FK-01Z-00-DX1.3F002C99-B4CA-4068-A816-EAC370A2E8C4,TCGA-E9-A5FK-01,TCGA-E9-A5FK,12,26.15757401814576,3176962.309436889,3.176962309436889,85290.375,0.026846517740123133,3091671.934436889,1171977.03892414,0.36889862855561256,71.76006116607549,89.25281215019464,99.91368473875004,1.3125,margin-localized,5.0,50;100;200,/data1/deasy/Himangi/breast_feature_extraction/Lobular_outputs/TCGA-E9-A5FK-01/immune_proximity_wsi_summary.csv,TCGA-E9-A5FK,Alive,,,812.0,0.0,,,,matched
TCGA-E9-A6HE-01Z-00-DX1.97514DBA-9BC0-4554-9A43-99C48C6B953A,TCGA-E9-A6HE-01,TCGA-E9-A6HE,4,74.41456007673385,1335610.3393747993,1.3356103393747993,306593.5722974357,0.2295531587760488,1029016.7670773636,142209.22446657444,0.10647508504100285,77.60700189729793,85.67286624981801,96.9681698092458,15.557353566722073,margin-localized,5.0,50;100;200,/data1/deasy/Himangi/breast_feature_extraction/Lobular_outputs/TCGA-E9-A6HE-01/immune_proximity_wsi_summary.csv,TCGA-E9-A6HE,Alive,,,847.0,0.0,,,,matched
TCGA-EW-A1IW-01Z-00-DX1.0DE87057-951F-4887-A2D5-485736D66E4E,TCGA-EW-A1IW-01,TCGA-EW-A1IW,19,42.707132198372065,578420.5372634887,0.5784205372634887,30116.1875,0.05206624861987072,548304.3497634886,32067.03125,0.05543895692519724,42.64631422597115,60.16484716634153,84.870966769117,123.54585434161682,immune-excluded,5.0,50;100;200,/data1/deasy/Himangi/breast_feature_extraction/Lobular_outputs/TCGA-EW-A1IW-01/immune_proximity_wsi_summary.csv,TCGA-EW-A1IW,Alive,,,371.0,0.0,,,,matched
TCGA-EW-A1J2-01Z-00-DX1.F1D8E593-2DF4-44C3-873D-FD3C910011E4,TCGA-EW-A1J2-01,TCGA-EW-A1J2,5,19.436082459591315,247762.14175458378,0.24776214175458378,4742.3125,0.019140585669853508,243019.82925458378,13980.403083264362,0.05642671226628478,66.57999609491137,83.65459113819284,100.0,36.756642681969744,margin-localized,5.0,50;100;200,/data1/deasy/Himangi/breast_feature_extraction/Lobular_outputs/TCGA-EW-A1J2-01/immune_proximity_wsi_summary.csv,TCGA-EW-A1J2,Alive,,,403.0,0.0,,,,matched
TCGA-EW-A1J3-01Z-00-DX1.F736F6F4-0859-439A-A417-98B520C8D65A,TCGA-EW-A1J3-01,TCGA-EW-A1J3,11,76.74201943235333,3209184.879626887,3.209184879626887,638047.6765765816,0.1988192330791374,2571137.203050305,54959.46875,0.01712567857928765,49.865251192319064,71.07083638610906,91.92227399090007,59.16175522455364,peritumoral,5.0,50;100;200,/data1/deasy/Himangi/breast_feature_extraction/Lobular_outputs/TCGA-EW-A1J3-01/immune_proximity_wsi_summary.csv,TCGA-EW-A1J3,Alive,,,504.0,0.0,,,,matched
TCGA-EW-A1J5-01Z-00-DX1.FFE303B1-7F36-4276-B931-C2A6B2CBD1F2,TCGA-EW-A1J5-01,TCGA-EW-A1J5,6,186.66570621647438,28393955.344184246,28.393955344184246,5490825.917600009,0.19338009977974624,22903129.426584236,4799728.544103364,0.16904050478076357,78.63583266141897,92.69949888573579,96.81609179977974,16.039502018454314,margin-localized,5.0,50;100;200,/data1/deasy/Himangi/breast_feature_extraction/Lobular_outputs/TCGA-EW-A1J5-01/immune_proximity_wsi_summary.csv,TCGA-EW-A1J5,Alive,,,477.0,0.0,,,,matched
TCGA-EW-A1PG-01Z-00-DX1.A31B2048-D04D-467C-A9E4-6A63942A58C6,TCGA-EW-A1PG-01,TCGA-EW-A1PG,13,79.71459282854738,734097.8886761533,0.7340978886761532,62091.96875,0.08458268264737079,672005.9199261533,34858.85759826808,0.04748529880821662,46.77110779057887,68.10884572917142,94.88341571162071,53.433844904236494,peritumoral,5.0,50;100;200,/data1/deasy/Himangi/breast_feature_extraction/Lobular_outputs/TCGA-EW-A1PG-01/immune_proximity_wsi_summary.csv,TCGA-EW-A1PG,Alive,,,1051.0,0.0,,,,matched
TCGA-EW-A3E8-01Z-00-DX1.E185B2E4-3E16-4C66-90D7-FDB9A14BA00D,TCGA-EW-A3E8-01,TCGA-EW-A3E8,12,24.895699022782722,448710.8297205002,0.4487108297205002,3317.5,0.007393403012061141,445393.3297205002,45652.63226171303,0.10174176605042011,75.89917921436373,90.08238487053949,98.38106342239948,26.51061108311161,margin-localized,5.0,50;100;200,/data1/deasy/Himangi/breast_feature_extraction/Lobular_outputs/TCGA-EW-A3E8-01/immune_proximity_wsi_summary.csv,TCGA-EW-A3E8,Alive,,,1035.0,0.0,,,,matched
TCGA-EW-A423-01Z-00-DX1.31502D62-9C83-4A9C-9682-05A185486EAA,TCGA-EW-A423-01,TCGA-EW-A423,7,109.01523512134631,5762274.609908446,5.762274609908446,1393308.5595718666,0.24179836156645862,4368966.050336579,497436.9938988616,0.08632649909525314,71.18195115683716,85.65086612268239,92.56594254877895,23.443082668454675,margin-localized,5.0,50;100;200,/data1/deasy/Himangi/breast_feature_extraction/Lobular_outputs/TCGA-EW-A423-01/TCGA-EW-A423-01Z-00-DX1.31502D62-9C83-4A9C-9682-05A185486EAA__immune_proximity_wsi_summary.csv,TCGA-EW-A423,Alive,,,533.0,0.0,,,,matched
TCGA-EW-A423-01Z-00-DX2.5EF1CF39-600A-4ED3-A5A2-AF4435A5F8B5,TCGA-EW-A423-01,TCGA-EW-A423,11,165.5950028567982,5114930.027380987,5.1149300273809875,1879763.3603150512,0.36750519562386896,3235166.667065936,342030.06635532517,0.06686896292312641,58.431065744885046,70.52398991645765,75.12818350610307,23.8325047204443,immune-penetrated,5.0,50;100;200,/data1/deasy/Himangi/breast_feature_extraction/Lobular_outputs/TCGA-EW-A423-01/TCGA-EW-A423-01Z-00-DX2.5EF1CF39-600A-4ED3-A5A2-AF4435A5F8B5__immune_proximity_wsi_summary.csv,TCGA-EW-A423,Alive,,,533.0,0.0,,,,matched
TCGA-EW-A424-01Z-00-DX1.662894F0-31FE-494B-9A9E-7C369AE23D27,TCGA-EW-A424-01,TCGA-EW-A424,9,139.21029066375885,1984859.854089981,1.984859854089981,667014.8722223387,0.3360513694948764,1317844.9818676421,128942.7008303547,0.06496312601852305,57.20807820012542,72.68252025696282,98.37483790825125,27.000289350301415,immune-penetrated,5.0,50;100;200,/data1/deasy/Himangi/breast_feature_extraction/Lobular_outputs/TCGA-EW-A424-01/immune_proximity_wsi_summary.csv,TCGA-EW-A424,Alive,,,715.0,0.0,,,,matched
TCGA-EW-A6SC-01Z-00-DX1.C2D50E7C-3AD0-4038-9A1C-CAE54A3FBE2F,TCGA-EW-A6SC-01,TCGA-EW-A6SC,8,64.80261366220176,6762220.715826205,6.762220715826205,572116.9652645217,0.08460489376301297,6190103.750561684,1152361.9884272923,0.17041176809421804,88.33542800108337,97.21967220015101,99.93247631098092,11.732873643289993,margin-localized,5.0,50;100;200,/data1/deasy/Himangi/breast_feature_extraction/Lobular_outputs/TCGA-EW-A6SC-01/immune_proximity_wsi_summary.csv,TCGA-EW-A6SC,Alive,,,952.0,0.0,,,,matched
TCGA-GM-A2DO-01Z-00-DX1.60817A51-93B7-483D-ABC9-8ED6341C6660,TCGA-GM-A2DO-01,TCGA-GM-A2DO,1,31.53370697203275,11772973.806127332,11.772973806127332,1822866.5915187052,0.1548348464489049,9950107.214608626,378763.3294809289,0.03217227318418042,19.494273428247784,90.67642468333828,94.8609820972505,70.26601240998382,peritumoral,5.0,50;100;200,/data1/deasy/Himangi/breast_feature_extraction/Lobular_outputs/TCGA-GM-A2DO-01/immune_proximity_wsi_summary.csv,TCGA-GM-A2DO,Alive,,,2596.0,0.0,,,,matched
TCGA-GM-A3NW-01Z-00-DX1.3B0324F0-4007-4390-AF26-3789A50684E5,TCGA-GM-A3NW-01,TCGA-GM-A3NW,8,107.45970120503043,3494747.7152484446,3.4947477152484447,396439.03002355434,0.11343852613274294,3098308.68522489,275238.97125513316,0.07875789432644817,81.1611470617669,89.37271938576609,97.51110508408472,19.966377989009423,margin-localized,5.0,50;100;200,/data1/deasy/Himangi/breast_feature_extraction/Lobular_outputs/TCGA-GM-A3NW-01/immune_proximity_wsi_summary.csv,TCGA-GM-A3NW,Alive,,,3361.0,0.0,,,,matched
TCGA-GM-A3NY-01Z-00-DX1.BEED8B8F-5A1B-4CE2-BB5D-A7ED40551AE4,TCGA-GM-A3NY-01,TCGA-GM-A3NY,6,81.30456021156114,3235068.8144849055,3.2350688144849054,923342.3267023185,0.2854165953342588,2311726.4877825864,518772.92078782443,0.16035916097519692,57.14325577492644,91.13842857423336,97.34739097653369,20.858526434050898,immune-penetrated,5.0,50;100;200,/data1/deasy/Himangi/breast_feature_extraction/Lobular_outputs/TCGA-GM-A3NY-01/immune_proximity_wsi_summary.csv,TCGA-GM-A3NY,Alive,,,1162.0,0.0,,,,matched
TCGA-GM-A3XG-01Z-00-DX1.68FFB600-8573-451F-8100-D11DB091F457,TCGA-GM-A3XG-01,TCGA-GM-A3XG,1,87.77070181243299,775516.5555896497,0.7755165555896497,108293.78811435658,0.13964084626409734,667222.767475293,52974.37096964943,0.06830849784937389,76.70229488026739,91.11040055237058,98.98553906511793,24.207759603069427,margin-localized,5.0,50;100;200,/data1/deasy/Himangi/breast_feature_extraction/Lobular_outputs/TCGA-GM-A3XG-01/immune_proximity_wsi_summary.csv,TCGA-GM-A3XG,Alive,,,1330.0,0.0,,,,matched
TCGA-GM-A3XN-01Z-00-DX1.49F5C8AC-0328-4BC2-9FE2-E7150B7A42E2,TCGA-GM-A3XN-01,TCGA-GM-A3XN,14,61.30006395916882,912273.0041511079,0.9122730041511079,38504.383202683406,0.04220708387453893,873768.6209484246,61911.66212632952,0.0678652791923179,71.05536995050029,88.09256158242212,99.89927523526964,33.76434880165765,margin-localized,5.0,50;100;200,/data1/deasy/Himangi/breast_feature_extraction/Lobular_outputs/TCGA-GM-A3XN-01/immune_proximity_wsi_summary.csv,TCGA-GM-A3XN,Alive,,,2019.0,0.0,,,,matched
TCGA-GM-A4E0-01Z-00-DX1.55A5D765-AA35-4052-9185-6872B580F0F6,TCGA-GM-A4E0-01,TCGA-GM-A4E0,8,5.3758250517253074,618344.7677431736,0.6183447677431736,40149.6163064329,0.06493079330641129,578195.1514367408,93187.50847359459,0.15070477399478788,92.7628598194034,99.45987578719318,100.0,35.48172945333979,margin-localized,5.0,50;100;200,/data1/deasy/Himangi/breast_feature_extraction/Lobular_outputs/TCGA-GM-A4E0-01/immune_proximity_wsi_summary.csv,TCGA-GM-A4E0,Alive,,,2191.0,0.0,,,,matched
TCGA-HN-A2OB-01Z-00-DX1.14F1FBFB-4540-43CE-9D79-5BC628640424,TCGA-HN-A2OB-01,TCGA-HN-A2OB,6,9.256806471340465,69636.84716555149,0.06963684716555149,36190.4375,0.5197024129188745,33446.409665551495,18407.684707933004,0.2643382843593049,79.02045125877318,99.77283937105318,100.0,3.988264033385954,immune-penetrated,5.0,50;100;200,/data1/deasy/Himangi/breast_feature_extraction/Lobular_outputs/TCGA-HN-A2OB-01/immune_proximity_wsi_summary.csv,TCGA-HN-A2OB,Dead,1900.0,,1900.0,1.0,1900.0,62.42299794661191,5.201916495550993,matched
TCGA-JL-A3YW-01Z-00-DX1.827C5C53-9C30-4307-802A-5A7896828A7F,TCGA-JL-A3YW-01,TCGA-JL-A3YW,4,36.591171225976375,3695003.5789682157,3.695003578968216,210839.50085791817,0.05706070274410736,3484164.078110297,293488.434817892,0.0794284575225892,74.18805832373366,93.42798102717603,97.76582318673603,35.1250556049382,margin-localized,5.0,50;100;200,/data1/deasy/Himangi/breast_feature_extraction/Lobular_outputs/TCGA-JL-A3YW-01/immune_proximity_wsi_summary.csv,TCGA-JL-A3YW,Alive,,,360.0,0.0,,,,matched
TCGA-JL-A3YX-01Z-00-DX1.0FE8F389-F79A-4CF8-A83C-420380A02552,TCGA-JL-A3YX-01,TCGA-JL-A3YX,6,144.32539180994297,981791.5761765047,0.9817915761765047,99850.95440930885,0.10170280213461295,881940.6217671959,109112.43370135917,0.11113604592767777,87.98578934650804,97.84811327419123,99.89557992501906,12.655285457072868,margin-localized,5.0,50;100;200,/data1/deasy/Himangi/breast_feature_extraction/Lobular_outputs/TCGA-JL-A3YX-01/immune_proximity_wsi_summary.csv,TCGA-JL-A3YX,Alive,,,352.0,0.0,,,,matched
TCGA-LD-A66U-01Z-00-DX1.AEC25C62-0519-47ED-A85B-2A964BA2BA87,TCGA-LD-A66U-01,TCGA-LD-A66U,5,93.7996014889936,1017927.5592162174,1.0179275592162174,22839.5625,0.022437316185432665,995087.9967162174,46960.8290208669,0.046133763248364885,53.72001132029386,70.05517193901046,99.97038610391746,59.31180847858207,peritumoral,5.0,50;100;200,/data1/deasy/Himangi/breast_feature_extraction/Lobular_outputs/TCGA-LD-A66U-01/immune_proximity_wsi_summary.csv,TCGA-LD-A66U,Alive,,,646.0,0.0,,,,matched
TCGA-LL-A440-01Z-00-DX1.6E031FD6-236C-49FA-B920-4CB120C59037,TCGA-LL-A440-01,TCGA-LL-A440,4,18.68953915501941,96000.65940802962,0.09600065940802963,53116.53125,0.5532934000405133,42884.12815802961,9626.25,0.10027274874317008,35.07671218889927,52.97265046259307,97.54923558389305,32.41575619972485,immune-penetrated,5.0,50;100;200,/data1/deasy/Himangi/breast_feature_extraction/Lobular_outputs/TCGA-LL-A440-01/immune_proximity_wsi_summary.csv,TCGA-LL-A440,Alive,,,759.0,0.0,,,,matched
TCGA-LL-A50Y-01Z-00-DX1.7F08413F-2C59-4322-9296-84F8CD3DF619,TCGA-LL-A50Y-01,TCGA-LL-A50Y,6,33.04406582828002,1369319.3311715934,1.3693193311715934,187087.09375,0.13662780440697334,1182232.2374215934,189111.65198368707,0.1381063187225164,84.2765202788203,87.56313886594725,95.66503606069455,15.644987216357832,margin-localized,5.0,50;100;200,/data1/deasy/Himangi/breast_feature_extraction/Lobular_outputs/TCGA-LL-A50Y-01/immune_proximity_wsi_summary.csv,TCGA-LL-A50Y,Alive,,,762.0,0.0,,,,matched
TCGA-LL-A5YL-01Z-00-DX1.164C74AB-87D5-46CC-9D96-33FE1F88DC80,TCGA-LL-A5YL-01,TCGA-LL-A5YL,11,104.24320814748705,1146981.9251681848,1.1469819251681848,25620.15625,0.02233701829803748,1121361.7689181848,54418.02485193649,0.04744453566167317,44.74229861370381,67.5304354230116,99.89107827485452,91.50085382115294,peritumoral,5.0,50;100;200,/data1/deasy/Himangi/breast_feature_extraction/Lobular_outputs/TCGA-LL-A5YL-01/immune_proximity_wsi_summary.csv,TCGA-LL-A5YL,Alive,,,519.0,0.0,,,,matched
TCGA-LL-A6FP-01Z-00-DX1.6261398A-7288-4924-BBE2-FC1949256E40,TCGA-LL-A6FP-01,TCGA-LL-A6FP,5,12.15704889812081,277032.0715043269,0.2770320715043269,26676.71875,0.09629469470859926,250355.3527543269,54971.66490443479,0.19843068929142452,91.68181303181576,97.77734348376622,99.76233573014677,18.029164740774878,margin-localized,5.0,50;100;200,/data1/deasy/Himangi/breast_feature_extraction/Lobular_outputs/TCGA-LL-A6FP-01/immune_proximity_wsi_summary.csv,TCGA-LL-A6FP,Alive,,,0.0,0.0,,,,matched
TCGA-LQ-A4E4-01Z-00-DX1.CF422C39-614F-4F14-813B-95BB7B171977,TCGA-LQ-A4E4-01,TCGA-LQ-A4E4,13,101.54257622098504,7817563.618981006,7.817563618981006,2605393.0594159467,0.33327430212273107,5212170.559565059,1137776.387116199,0.14554104610721472,68.13671664940485,77.72017851301224,81.07089557087752,15.320151149711284,immune-penetrated,5.0,50;100;200,/data1/deasy/Himangi/breast_feature_extraction/Lobular_outputs/TCGA-LQ-A4E4-01/immune_proximity_wsi_summary.csv,TCGA-LQ-A4E4,Alive,,,849.0,0.0,,,,matched
TCGA-OK-A5Q2-01Z-00-DX1.0D169898-37C6-44CA-AC87-27887123AA6F,TCGA-OK-A5Q2-01,TCGA-OK-A5Q2,18,45.27471493635439,3324266.739486448,3.324266739486448,581402.2567688151,0.17489639139446236,2742864.482717633,272752.3638540183,0.08204888031823662,51.12722863380842,73.12283793734578,96.58175694853102,22.96643270623455,margin-localized,5.0,50;100;200,/data1/deasy/Himangi/breast_feature_extraction/Lobular_outputs/TCGA-OK-A5Q2-01/TCGA-OK-A5Q2-01Z-00-DX1.0D169898-37C6-44CA-AC87-27887123AA6F__immune_proximity_wsi_summary.csv,TCGA-OK-A5Q2,Alive,,,64.0,0.0,,,,matched
TCGA-OK-A5Q2-01Z-00-DX2.C828A160-87DF-4625-A8C5-2057F61D54F4,TCGA-OK-A5Q2-01,TCGA-OK-A5Q2,14,46.916435805621774,2486224.7309606727,2.486224730960673,126839.85651358495,0.05101705205248049,2359384.8744470878,413842.62296454475,0.16645422990569186,73.39082551773882,86.37654164695454,93.69545106221624,22.666743259674515,margin-localized,5.0,50;100;200,/data1/deasy/Himangi/breast_feature_extraction/Lobular_outputs/TCGA-OK-A5Q2-01/TCGA-OK-A5Q2-01Z-00-DX2.C828A160-87DF-4625-A8C5-2057F61D54F4__immune_proximity_wsi_summary.csv,TCGA-OK-A5Q2,Alive,,,64.0,0.0,,,,matched
TCGA-OK-A5Q2-01Z-00-DX3.5F9215C3-E407-46F8-968E-503D7D14605C,TCGA-OK-A5Q2-01,TCGA-OK-A5Q2,11,123.09310469732115,6034548.625816085,6.034548625816085,313917.69212085207,0.05202007831669419,5720630.933695233,574549.4680727575,0.09521001547900494,68.11533841008749,86.31591540873897,99.25212502466574,30.415161207036203,margin-localized,5.0,50;100;200,/data1/deasy/Himangi/breast_feature_extraction/Lobular_outputs/TCGA-OK-A5Q2-01/TCGA-OK-A5Q2-01Z-00-DX3.5F9215C3-E407-46F8-968E-503D7D14605C__immune_proximity_wsi_summary.csv,TCGA-OK-A5Q2,Alive,,,64.0,0.0,,,,matched
TCGA-OK-A5Q2-01Z-00-DX4.83B45D6C-E350-4436-812F-4155D9F7D331,TCGA-OK-A5Q2-01,TCGA-OK-A5Q2,8,85.01076235528826,2960543.0633298755,2.9605430633298755,269140.78125,0.09090926073113204,2691402.2820798755,216857.94570064778,0.07324938062435628,54.036232274607876,75.45504964227706,98.46858676380604,43.34801934633231,margin-localized,5.0,50;100;200,/data1/deasy/Himangi/breast_feature_extraction/Lobular_outputs/TCGA-OK-A5Q2-01/TCGA-OK-A5Q2-01Z-00-DX4.83B45D6C-E350-4436-812F-4155D9F7D331__immune_proximity_wsi_summary.csv,TCGA-OK-A5Q2,Alive,,,64.0,0.0,,,,matched
TCGA-OL-A5DA-01Z-00-DX1.1B1E9CC4-7B42-43BB-A1D7-A26F1D1F8557,TCGA-OL-A5DA-01,TCGA-OL-A5DA,5,88.76627129119302,16225724.11910364,16.22572411910364,4001046.2703247676,0.2465866078429169,12224677.848778874,4345420.709891393,0.26781058755801446,84.19579565211146,90.9148177669596,95.95589913007943,15.88238017426859,margin-localized,5.0,50;100;200,/data1/deasy/Himangi/breast_feature_extraction/Lobular_outputs/TCGA-OL-A5DA-01/immune_proximity_wsi_summary.csv,TCGA-OL-A5DA,Alive,,,1783.0,0.0,,,,matched
TCGA-OL-A66J-01Z-00-DX1.661F7F70-E4D4-4875-B8C4-556F7927F3BA,TCGA-OL-A66J-01,TCGA-OL-A66J,10,67.94876508385764,85903.07205641853,0.08590307205641853,28650.90625,0.3335259795037709,57252.16580641855,5707.25,0.06643825259533968,54.39004407119915,80.98226445769366,98.5741560567292,20.649606533781704,immune-penetrated,5.0,50;100;200,/data1/deasy/Himangi/breast_feature_extraction/Lobular_outputs/TCGA-OL-A66J-01/immune_proximity_wsi_summary.csv,TCGA-OL-A66J,Alive,,,1996.0,0.0,,,,matched
TCGA-OL-A66K-01Z-00-DX1.C1DC85F1-4FAE-4411-9886-11DCB5E70CC3,TCGA-OL-A66K-01,TCGA-OL-A66K,26,264.3399908423621,124812.20138532831,0.12481220138532831,21220.773489268286,0.17002162652154607,103591.42789606003,15625.804739268284,0.12519452878671122,57.960305598123455,69.8207621301171,91.36446746357785,50.41720471475982,peritumoral,5.0,50;100;200,/data1/deasy/Himangi/breast_feature_extraction/Lobular_outputs/TCGA-OL-A66K-01/immune_proximity_wsi_summary.csv,TCGA-OL-A66K,Dead,1275.0,,1275.0,1.0,1275.0,41.889117043121146,3.490759753593429,matched
TCGA-OL-A66N-01Z-00-DX1.ABDA3014-7B3A-4D48-A415-CB9608491ECB,TCGA-OL-A66N-01,TCGA-OL-A66N,7,16.953473078882727,2397233.249285438,2.397233249285438,295365.57600656385,0.12321102925408103,2101867.6732788747,397955.3605217478,0.1660061075159747,89.69448944705165,99.5936565620845,100.0,15.240391440182893,margin-localized,5.0,50;100;200,/data1/deasy/Himangi/breast_feature_extraction/Lobular_outputs/TCGA-OL-A66N-01/immune_proximity_wsi_summary.csv,TCGA-OL-A66N,Alive,,,792.0,0.0,,,,matched
TCGA-OL-A6VQ-01Z-00-DX1.E3B81163-0239-47C3-B53F-064405B58685,TCGA-OL-A6VQ-01,TCGA-OL-A6VQ,3,142.6882048170119,3357513.824290339,3.357513824290339,565303.7912447145,0.16836975834766665,2792210.0330456244,57656.40417342763,0.017172350492291474,43.74827453564114,78.25336203325472,88.59746292116245,48.03437083224886,peritumoral,5.0,50;100;200,/data1/deasy/Himangi/breast_feature_extraction/Lobular_outputs/TCGA-OL-A6VQ-01/immune_proximity_wsi_summary.csv,TCGA-OL-A6VQ,Alive,,,600.0,0.0,,,,matched
TCGA-PE-A5DC-01Z-00-DX1.8E6953AD-C14A-43F5-B062-E31AB13C7BDF,TCGA-PE-A5DC-01,TCGA-PE-A5DC,3,1.8654183414918375,403697.03675509634,0.40369703675509633,67121.01883604837,0.16626581997124612,336576.01791904797,81632.85293928019,0.20221315864848155,94.0818070446822,98.25477134133632,100.0,32.375,margin-localized,5.0,50;100;200,/data1/deasy/Himangi/breast_feature_extraction/Lobular_outputs/TCGA-PE-A5DC-01/immune_proximity_wsi_summary.csv,TCGA-PE-A5DC,Dead,1430.0,,1430.0,1.0,1430.0,46.98151950718686,3.915126625598905,matched
TCGA-PE-A5DD-01Z-00-DX1.E1EF11EC-B87B-49DE-A544-2E162F9AE789,TCGA-PE-A5DD-01,TCGA-PE-A5DD,2,0.7199980267642073,179976.2878074646,0.1799762878074646,864.5,0.004803410552199113,179111.7878074646,14465.8125,0.08037621331247406,98.3033741856506,99.9221653072817,100.0,16.905643473408517,margin-localized,5.0,50;100;200,/data1/deasy/Himangi/breast_feature_extraction/Lobular_outputs/TCGA-PE-A5DD-01/immune_proximity_wsi_summary.csv,TCGA-PE-A5DD,Alive,,,1953.0,0.0,,,,matched
TCGA-PE-A5DE-01Z-00-DX1.88B354F2-5485-44AA-A057-89E40B988F69,TCGA-PE-A5DE-01,TCGA-PE-A5DE,2,0.5730235865876419,60553.52006483045,0.06055352006483045,20.9375,0.0003457685032609776,60532.58256483046,7384.509472215198,0.12195012716534259,89.267241340863,99.04591982096413,100.0,19.05553151318535,margin-localized,5.0,50;100;200,/data1/deasy/Himangi/breast_feature_extraction/Lobular_outputs/TCGA-PE-A5DE-01/immune_proximity_wsi_summary.csv,TCGA-PE-A5DE,Alive,,,2645.0,0.0,,,,matched
TCGA-W8-A86G-01Z-00-DX2.DEC2CC1C-3662-43C6-A5CB-EC94B343FA3D,TCGA-W8-A86G-01,TCGA-W8-A86G,7,25.605766870658957,632969.6467125464,0.6329696467125464,295609.71875,0.46702037022676807,337359.9279625464,49188.287578844276,0.0777103417743859,65.59747897299683,77.10059343239074,90.7179439498647,10.471128461154509,immune-penetrated,5.0,50;100;200,/data1/deasy/Himangi/breast_feature_extraction/Lobular_outputs/TCGA-W8-A86G-01/immune_proximity_wsi_summary.csv,TCGA-W8-A86G,Alive,,,347.0,0.0,,,,matched
TCGA-WT-AB44-01Z-00-DX1.B6ECEA7C-DA26-4B34-88CE-6834631DFA35,TCGA-WT-AB44-01,TCGA-WT-AB44,1,33.008384490486876,77256.89328413784,0.07725689328413785,3353.65625,0.0434091523414722,73903.23703413784,6982.472107597469,0.09037992353532924,77.29985605234585,89.14721747550595,99.99908547815582,11.375686792453456,margin-localized,5.0,50;100;200,/data1/deasy/Himangi/breast_feature_extraction/Lobular_outputs/TCGA-WT-AB44-01/immune_proximity_wsi_summary.csv,TCGA-WT-AB44,Alive,,,883.0,0.0,,,,matched
TCGA-XX-A899-01Z-00-DX1.08FE27B7-73B8-4CE3-ACF4-0689C81C140B,TCGA-XX-A899-01,TCGA-XX-A899,7,51.834341558829394,353704.1491376336,0.3537041491376336,12441.15625,0.03517390531135355,341262.9928876336,33197.90494667675,0.09385783295903254,69.64196837577568,81.95768516621611,100.0,46.06415363381813,margin-localized,5.0,50;100;200,/data1/deasy/Himangi/breast_feature_extraction/Lobular_outputs/TCGA-XX-A899-01/immune_proximity_wsi_summary.csv,TCGA-XX-A899,Alive,,,467.0,0.0,,,,matched
TCGA-XX-A89A-01Z-00-DX1.671E2AD6-4D1A-4579-88C1-5B0B15818126,TCGA-XX-A89A-01,TCGA-XX-A89A,16,55.90199177988674,288623.5994935682,0.2886235994935682,7573.59375,0.02624038284911201,281050.00574356824,20661.55757711629,0.07158651480118043,55.473212751227194,93.48137717048509,100.0,40.22631290585802,margin-localized,5.0,50;100;200,/data1/deasy/Himangi/breast_feature_extraction/Lobular_outputs/TCGA-XX-A89A-01/immune_proximity_wsi_summary.csv,TCGA-XX-A89A,Alive,,,488.0,0.0,,,,matched
TCGA-Z7-A8R5-01Z-00-DX1.3BDB407F-514C-4131-B058-FA1E69154276,TCGA-Z7-A8R5-01,TCGA-Z7-A8R5,10,25.927000522913172,210697.7272020089,0.21069772720200888,18135.09375,0.08607161544088593,192562.6334520089,28658.30145236967,0.13601618694677797,59.346078338405086,92.38268382363853,98.4443156567268,45.32922105276022,margin-localized,5.0,50;100;200,/data1/deasy/Himangi/breast_feature_extraction/Lobular_outputs/TCGA-Z7-A8R5-01/immune_proximity_wsi_summary.csv,TCGA-Z7-A8R5,Alive,,,3287.0,0.0,,,,matched
