subset,module,feature,transform,model,n,events,HR,HR_CI95_low,HR_CI95_high,p,PH_test_p,status,q
all,histology,lobular_vs_ductal,binary,adjusted,697,83,0.6489132517826375,0.3771918235189965,1.116377349886826,0.11822586989313859,0.2801006655604882,ok,0.35505289979047455
all,tumor_morphology,wsi_tumor_area_mm2,log1p+z,adjusted,697,83,1.3268500713849267,1.0233580012261447,1.720347239015858,0.03282576611261789,0.09173619028152338,ok,0.3376660348875143
all,tumor_morphology,wsi_tumor_area_mm2,log1p+z,interaction,697,83,0.8212237480321365,0.4757220503326758,1.4176522695559968,0.4795222645138184,0.8047002035825169,ok,0.8980601565738721
all,tumor_morphology,wsi_tumor_area_mm2,log1p+z,within_Lobular,152,17,1.1170235881377064,0.7121369337839333,1.752109232456421,0.6299148675091107,0.06443922468239445,ok,0.7820516858751985
all,tumor_morphology,wsi_tumor_area_mm2,log1p+z,within_Ductal,561,72,1.4814246115941405,1.1099662803125883,1.9771941893755567,0.007623321176055173,0.12316517974612802,ok,0.09193627992916484
all,tumor_morphology,wsi_tumor_fraction_of_cluster,z,adjusted,697,83,1.0547211381704864,0.8445650364769697,1.3171711250847895,0.6384155669165097,0.08192191275801765,ok,0.8299402369914626
all,tumor_morphology,wsi_tumor_fraction_of_cluster,z,interaction,697,83,0.9430684852849927,0.5293603901126317,1.6800995778103038,0.8423039736305483,0.5191566014445683,ok,0.8980601565738721
all,tumor_morphology,wsi_tumor_fraction_of_cluster,z,within_Lobular,152,17,0.9144594509475239,0.5479547941706787,1.5261041537064706,0.7321860223978903,0.1165531013035118,ok,0.8320295709066936
all,tumor_morphology,wsi_tumor_fraction_of_cluster,z,within_Ductal,561,72,1.087766393712005,0.8613098086901738,1.3737632096499766,0.4799617791439257,0.29824005615876265,ok,0.6048062588695637
all,tumor_morphology,wsi_tumor_perimeter_mm,log1p+z,adjusted,697,83,1.1997412778676149,0.9354766662902507,1.5386585103479433,0.1514178426788115,0.7181197408720377,ok,0.35505289979047455
all,tumor_morphology,wsi_tumor_perimeter_mm,log1p+z,interaction,697,83,0.837426627920588,0.5138561531830539,1.3647464427668823,0.4764570178976769,0.3320619794562921,ok,0.8980601565738721
all,tumor_morphology,wsi_tumor_perimeter_mm,log1p+z,within_Lobular,152,17,1.0938861729767093,0.7362070855952928,1.6253401832747614,0.6569234161351667,0.1367176164356444,ok,0.7820516858751985
all,tumor_morphology,wsi_tumor_perimeter_mm,log1p+z,within_Ductal,561,72,1.492143064126948,1.076034684051489,2.069162785198491,0.01642658536994126,0.9587196471289304,ok,0.09193627992916484
all,tumor_morphology,wsi_tumor_boundary_density_per_mm,log1p+z,adjusted,697,83,0.8963425696037044,0.7144214610855398,1.1245882799531053,0.34440891341307145,0.023173662173064744,ok,0.5969754499159905
all,tumor_morphology,wsi_tumor_boundary_density_per_mm,log1p+z,interaction,697,83,1.0996930530101905,0.6042646544892264,2.0013164792190157,0.7557513824186299,0.3527614976774355,ok,0.8980601565738721
all,tumor_morphology,wsi_tumor_boundary_density_per_mm,log1p+z,within_Lobular,152,17,1.142360541625615,0.6549909562341817,1.9923750009711443,0.639078994203061,0.05126863176116863,ok,0.7820516858751985
all,tumor_morphology,wsi_tumor_boundary_density_per_mm,log1p+z,within_Ductal,561,72,0.8941196207380329,0.7094392711078128,1.126875729532644,0.3430919389019502,0.2502573406406412,ok,0.571819898169917
all,tumor_morphology,wsi_tumor_n_islands,log1p+z,adjusted,697,83,1.1686620152909204,0.9241833153801279,1.4778138527875035,0.19307085512964006,0.7274771306200014,ok,0.3585601595264744
all,tumor_morphology,wsi_tumor_n_islands,log1p+z,interaction,697,83,0.9404860756576224,0.5672242005974025,1.5593729209266844,0.812007674296827,0.2682511135450806,ok,0.8980601565738721
all,tumor_morphology,wsi_tumor_n_islands,log1p+z,within_Lobular,152,17,1.1402121454649523,0.7237580738544689,1.7962960050200512,0.5715114350510713,0.22208844153859247,ok,0.7820516858751985
all,tumor_morphology,wsi_tumor_n_islands,log1p+z,within_Ductal,561,72,1.2953387831783933,0.981185620692745,1.710076592868772,0.06785904122936037,0.6500052974316277,ok,0.24235371867628702
all,tumor_morphology,wsi_tumor_patch_density_per_mm2,z,adjusted,697,83,0.9059360554041244,0.7245992982036726,1.132653783292092,0.386006499549004,0.06135911694653208,ok,0.5974760341424681
all,tumor_morphology,wsi_tumor_patch_density_per_mm2,z,interaction,697,83,1.4053231592145212,0.6669435287861916,2.9611700190254124,0.37089271671636426,0.21275145177845728,ok,0.8980601565738721
all,tumor_morphology,wsi_tumor_patch_density_per_mm2,z,within_Lobular,152,17,1.4723876436830978,0.7259027218921886,2.9865232735587486,0.2836333200681844,0.05534578698482001,ok,0.7279079180536696
all,tumor_morphology,wsi_tumor_patch_density_per_mm2,z,within_Ductal,561,72,0.8748476388873649,0.7038811790594821,1.0873403267998447,0.2281276549856619,0.3931362908141005,ok,0.40737081247439627
all,tumor_morphology,wsi_area_weighted_tumor_boundary_fractal_dimension,z,adjusted,631,72,1.2107273773476326,0.9486374513056479,1.5452276106552123,0.12445812800507695,0.9672924566511382,ok,0.35505289979047455
all,tumor_morphology,wsi_area_weighted_tumor_boundary_fractal_dimension,z,interaction,631,72,1.7252325383806362,0.7282350538852824,4.087179401221414,0.21523369384713323,0.20306990467010275,ok,0.8980601565738721
all,tumor_morphology,wsi_area_weighted_tumor_boundary_fractal_dimension,z,within_Lobular,133,13,1.7286410099299656,0.7617539159819846,3.922788814757287,0.19050322116864196,0.201722176219041,ok,0.7279079180536696
all,tumor_morphology,wsi_area_weighted_tumor_boundary_fractal_dimension,z,within_Ductal,513,64,1.2185551931167973,0.9534148208003842,1.557429910125975,0.11435747674355752,0.45459169309959646,ok,0.2883976203991392
all,tumor_morphology,wsi_area_weighted_tumor_island_nnd_median_um,log1p+z,adjusted,697,83,0.9767222568275986,0.7919725430817884,1.2045700009626188,0.825743761167249,0.007617159065722161,ok,0.858773511613939
all,tumor_morphology,wsi_area_weighted_tumor_island_nnd_median_um,log1p+z,interaction,697,83,0.7185721279051998,0.3476385847556618,1.485295147444928,0.3723462014481772,0.31629074128058865,ok,0.8980601565738721
all,tumor_morphology,wsi_area_weighted_tumor_island_nnd_median_um,log1p+z,within_Lobular,152,17,0.5749390407669093,0.2739906731035312,1.206445813843703,0.14328608735741075,0.08175486634780832,ok,0.7279079180536696
all,tumor_morphology,wsi_area_weighted_tumor_island_nnd_median_um,log1p+z,within_Ductal,561,72,0.9803298944224536,0.793857807119811,1.2106030743529554,0.8535832269362407,0.2151523895257493,ok,0.8795302437123149
all,tumor_morphology,wsi_area_weighted_tumor_island_gap_median_um,log1p+z,adjusted,697,83,1.165582838988791,0.9404978342500728,1.444536398777002,0.1616332681092087,0.5959506782530198,ok,0.35505289979047455
all,tumor_morphology,wsi_area_weighted_tumor_island_gap_median_um,log1p+z,interaction,697,83,0.9276898791238269,0.49577540145397536,1.7358838484217818,0.814375286416384,0.5425508689688774,ok,0.8980601565738721
all,tumor_morphology,wsi_area_weighted_tumor_island_gap_median_um,log1p+z,within_Lobular,152,17,0.9531347170525204,0.5589669427687556,1.625258524861675,0.8600714261405149,0.5198790224741214,ok,0.8713675868468128
all,tumor_morphology,wsi_area_weighted_tumor_island_gap_median_um,log1p+z,within_Ductal,561,72,1.0948752972636533,0.8740594052553595,1.3714764801460533,0.4302888448068861,0.8759827456014152,ok,0.6048062588695637
all,immune_proximity,wsi_til_area_total_mm2,log1p+z,adjusted,706,86,0.9755094369761215,0.7859439884465586,1.210797048668025,0.822046023938421,0.5277251429149756,ok,0.858773511613939
all,immune_proximity,wsi_til_area_total_mm2,log1p+z,interaction,706,86,0.7256069263395862,0.35256028431247277,1.4933769768728176,0.3837723648248196,0.9916099202355235,ok,0.8980601565738721
all,immune_proximity,wsi_til_area_total_mm2,log1p+z,within_Lobular,152,17,0.6729069424574403,0.3397700338182911,1.3326771290536474,0.25585597265452403,0.6659321728227947,ok,0.7279079180536696
all,immune_proximity,wsi_til_area_total_mm2,log1p+z,within_Ductal,571,75,1.1013140593329753,0.883462604958072,1.37288511191941,0.3908113287869537,0.4559212341756278,ok,0.6048062588695637
all,immune_proximity,wsi_til_fraction_intratumoral,log1p+z,adjusted,706,86,1.0341165427334422,0.8291747557030945,1.2897124720689037,0.7659379791034628,0.44394008845407595,ok,0.858773511613939
all,immune_proximity,wsi_til_fraction_intratumoral,log1p+z,interaction,706,86,1.1925462451664661,0.7147616521920072,1.9897073975627881,0.5001709985734516,0.27554655381298265,ok,0.8980601565738721
all,immune_proximity,wsi_til_fraction_intratumoral,log1p+z,within_Lobular,152,17,0.9429050719723172,0.6155528304257118,1.4443438983722103,0.7870059669423394,0.2063116371095196,ok,0.8554412684155863
all,immune_proximity,wsi_til_fraction_intratumoral,log1p+z,within_Ductal,571,75,1.0330626426725975,0.8218190838308141,1.298605063672866,0.7804845436097402,0.8452942922512066,ok,0.8795302437123149
all,immune_proximity,wsi_til_contact_fraction,log1p+z,adjusted,706,86,1.0965606948865636,0.8884434265668709,1.3534292917407253,0.39065740693930606,0.05404367834874571,ok,0.5974760341424681
all,immune_proximity,wsi_til_contact_fraction,log1p+z,interaction,706,86,1.091877129474425,0.669149294481006,1.7816587056166298,0.7249576415083887,0.31970935888114616,ok,0.8980601565738721
all,immune_proximity,wsi_til_contact_fraction,log1p+z,within_Lobular,152,17,1.4407550325812004,0.9413230023757034,2.205167682792444,0.09266245625170134,0.048771702302687514,ok,0.7279079180536696
all,immune_proximity,wsi_til_contact_fraction,log1p+z,within_Ductal,571,75,1.1537574236526342,0.9236852327936855,1.441136163460666,0.20752688135525565,0.3975375123268029,ok,0.40265477196859223
all,immune_proximity,wsi_til_pct_within_50um,z,adjusted,706,86,1.0784379113457296,0.8671695415967166,1.3411775585270895,0.4972581268428956,0.20486723609601742,ok,0.7182617387730714
all,immune_proximity,wsi_til_pct_within_50um,z,interaction,706,86,1.0962119764311913,0.6302131496225555,1.9067845505776637,0.7449935592793648,0.6083788065164184,ok,0.8980601565738721
all,immune_proximity,wsi_til_pct_within_50um,z,within_Lobular,152,17,1.1895627312927866,0.7485237330064487,1.890467101152774,0.46267895851002205,0.8973032457664766,ok,0.7445308712866734
all,immune_proximity,wsi_til_pct_within_50um,z,within_Ductal,571,75,1.16051842107928,0.9198248946167573,1.46419499357591,0.20938048142366797,0.40177712270345367,ok,0.40265477196859223
all,immune_proximity,wsi_til_pct_within_100um,z,adjusted,706,86,1.0617812211384834,0.8441713678425062,1.3354863769469372,0.6084382875621319,0.37271817871227275,ok,0.8299402369914626
all,immune_proximity,wsi_til_pct_within_100um,z,interaction,706,86,1.1449743792622684,0.6368637453276813,2.0584722223314724,0.6510118580941805,0.9455298470733419,ok,0.8980601565738721
all,immune_proximity,wsi_til_pct_within_100um,z,within_Lobular,152,17,1.3032384911759813,0.7557730576037102,2.2472758823498853,0.3407358340533453,0.5786857234564551,ok,0.7279079180536696
all,immune_proximity,wsi_til_pct_within_100um,z,within_Ductal,571,75,1.0922980800226203,0.8531159727598485,1.3985379874688662,0.4838450070956509,0.9935962774705551,ok,0.6048062588695637
all,immune_proximity,wsi_til_pct_within_200um,z,adjusted,706,86,0.9918427021099543,0.7967532830883737,1.2347008372724337,0.9415693886804349,0.28376845882369117,ok,0.9415693886804349
all,immune_proximity,wsi_til_pct_within_200um,z,interaction,706,86,1.2199299524602005,0.43908475077938064,3.3893891470107373,0.7029848731658563,0.6070324928307241,ok,0.8980601565738721
all,immune_proximity,wsi_til_pct_within_200um,z,within_Lobular,152,17,1.3742180471240752,0.43658681765875024,4.325543430671326,0.5868834096114077,0.1285923966753301,ok,0.7820516858751985
all,immune_proximity,wsi_til_pct_within_200um,z,within_Ductal,571,75,0.9703234099707925,0.7857668905565728,1.1982275293763598,0.7795713654767629,0.5196866220276823,ok,0.8795302437123149
all,immune_proximity,wsi_til_extratumoral_distance_aw_median_um,log1p+z,adjusted,706,86,0.8620110116009313,0.6997037039671624,1.061968058634335,0.16299101463300208,0.8247742035688003,ok,0.35505289979047455
all,immune_proximity,wsi_til_extratumoral_distance_aw_median_um,log1p+z,interaction,706,86,1.0099677827491365,0.6097464305509379,1.672883794120044,0.969270870975568,0.21517869615388116,ok,0.969270870975568
all,immune_proximity,wsi_til_extratumoral_distance_aw_median_um,log1p+z,within_Lobular,152,17,0.9652720108624256,0.6292796661510169,1.4806613101825314,0.8713675868468128,0.2606663730631523,ok,0.8713675868468128
all,immune_proximity,wsi_til_extratumoral_distance_aw_median_um,log1p+z,within_Ductal,571,75,0.8044820953557419,0.6437034650539453,1.0054186079202283,0.05581727129133804,0.5804665025809272,ok,0.2325719637139085
all,tils_tsr,WSI_tumor_stroma_ratio,log1p+z,adjusted,707,87,0.9743169002668419,0.7777780172259294,1.2205197384356465,0.820929116453663,0.025580431285248135,ok,0.858773511613939
all,tils_tsr,WSI_tumor_stroma_ratio,log1p+z,interaction,707,87,0.8499903562660841,0.4572129856230653,1.58019047678793,0.6074385057230556,0.8052722118469803,ok,0.8980601565738721
all,tils_tsr,WSI_tumor_stroma_ratio,log1p+z,within_Lobular,152,17,0.7765621235602671,0.4369457507675231,1.3801455459611127,0.3887595306176843,0.23631345911922697,ok,0.7279079180536696
all,tils_tsr,WSI_tumor_stroma_ratio,log1p+z,within_Ductal,572,76,1.0203489418474763,0.8061105179800935,1.291525094769914,0.8669546930621059,0.17245085007819194,ok,0.8795302437123149
all,tils_tsr,WSI_sTIL_pct,log1p+z,adjusted,707,87,0.8180674302076972,0.6556876640845204,1.0206602274590895,0.0752698096682815,0.2760643767493197,ok,0.3376660348875143
all,tils_tsr,WSI_sTIL_pct,log1p+z,interaction,707,87,0.9278597151220477,0.5179715347951602,1.6621061064423799,0.8012455496399574,0.4432041848433751,ok,0.8980601565738721
all,tils_tsr,WSI_sTIL_pct,log1p+z,within_Lobular,152,17,0.7743971815366086,0.4667194337614545,1.2849068442227156,0.32235591236947514,0.8676643814959386,ok,0.7279079180536696
all,tils_tsr,WSI_sTIL_pct,log1p+z,within_Ductal,572,76,0.8297234713079474,0.6528967446551008,1.0544409119438727,0.12689495297562123,0.14934390544084575,ok,0.2883976203991392
all,tils_tsr,WSI_neighborhood_intratumoral_TIL_pct,log1p+z,adjusted,707,87,0.8643924668581163,0.6981000573568711,1.070296913582836,0.18129450985938445,0.9057785045995996,ok,0.3585601595264744
all,tils_tsr,WSI_neighborhood_intratumoral_TIL_pct,log1p+z,interaction,707,87,0.9545889565424975,0.564952018148326,1.6129512714009842,0.8621377503109171,0.4946978929846031,ok,0.8980601565738721
all,tils_tsr,WSI_neighborhood_intratumoral_TIL_pct,log1p+z,within_Lobular,152,17,0.8161315739888896,0.5045519461761929,1.3201232323242016,0.407628434110055,0.5461496878390636,ok,0.7279079180536696
all,tils_tsr,WSI_neighborhood_intratumoral_TIL_pct,log1p+z,within_Ductal,572,76,0.9157174166227808,0.7254656431212538,1.155862300382083,0.4587056325619703,0.6409656157376532,ok,0.6048062588695637
all,tils_tsr,WSI_inter_tumor_sTILs_pct,log1p+z,adjusted,653,83,0.7866253044297822,0.6215895949704837,0.995478969686792,0.045751325483865894,0.6532959010749763,ok,0.3376660348875143
all,tils_tsr,WSI_inter_tumor_sTILs_pct,log1p+z,interaction,653,83,0.9210180861766225,0.47726411920610795,1.7773687166667533,0.8062304620834818,0.7607620949511007,ok,0.8980601565738721
all,tils_tsr,WSI_inter_tumor_sTILs_pct,log1p+z,within_Lobular,142,16,0.7842664718110656,0.44999208900543647,1.3668549155306287,0.3912417719038981,0.9473969239817199,ok,0.7279079180536696
all,tils_tsr,WSI_inter_tumor_sTILs_pct,log1p+z,within_Ductal,527,73,0.8233534880057163,0.6415144085665647,1.0567353704898708,0.12687204087918666,0.5017525517879645,ok,0.2883976203991392
all,tils_tsr,TSR_stroma_high,binary,adjusted,707,87,0.9116948197683789,0.5751748245567436,1.445104008217064,0.6940460735959982,0.0645239538849716,ok,0.858773511613939
all,tils_tsr,TSR_stroma_high,binary,interaction,707,87,0.6345553706946252,0.16429775436989688,2.450797456250381,0.5094292409195306,0.304018727433643,ok,0.8980601565738721
all,tils_tsr,TSR_stroma_high,binary,within_Lobular,152,17,0.6325867571176611,0.17931157647177862,2.231679700521845,0.47649975762347097,0.024440568679666964,ok,0.7445308712866734
all,tils_tsr,TSR_stroma_high,binary,within_Ductal,572,76,0.9645302811885047,0.6046388241240775,1.5386353409860853,0.8795302437123149,0.2013083507401316,ok,0.8795302437123149
all,necrosis,wsi_necrosis_area_um2,log1p+z,adjusted,706,86,1.2416529649359056,0.9835007207393233,1.5675657910806484,0.06874912301851263,0.47803481685918314,ok,0.3376660348875143
all,necrosis,wsi_necrosis_area_um2,log1p+z,interaction,706,86,0.60224538772458,0.3419982135472921,1.0605304141022216,0.07901918464139708,0.41593781939472174,ok,0.8980601565738721
all,necrosis,wsi_necrosis_area_um2,log1p+z,within_Lobular,152,17,0.7228333560932861,0.4228647442264962,1.2355914457631554,0.23539214330660868,0.8637497998067568,ok,0.7279079180536696
all,necrosis,wsi_necrosis_area_um2,log1p+z,within_Ductal,571,75,1.382841456706819,1.0661863998291938,1.7935423812321987,0.014566372566195428,0.1782696703910385,ok,0.09193627992916484
all,necrosis,wsi_necrosis_perimeter_um,log1p+z,adjusted,706,86,1.2305326439431397,0.977073315451477,1.5497410111031649,0.07792293112788792,0.4033903529239854,ok,0.3376660348875143
all,necrosis,wsi_necrosis_perimeter_um,log1p+z,interaction,706,86,0.605323304698762,0.34700429630425256,1.055941690388056,0.0770227513135543,0.43082386067543266,ok,0.8980601565738721
all,necrosis,wsi_necrosis_perimeter_um,log1p+z,within_Lobular,152,17,0.7360106833377069,0.4319859079173759,1.2540032349639727,0.2595632032006491,0.9076140978980146,ok,0.7279079180536696
all,necrosis,wsi_necrosis_perimeter_um,log1p+z,within_Ductal,571,75,1.3649581959716315,1.0538903286879442,1.7678413265919586,0.018387255985832966,0.1573142401249103,ok,0.09193627992916484
all,necrosis,wsi_necrosis_fraction_of_cluster,log1p+z,adjusted,706,86,1.3061402024370656,1.1281904928065245,1.5121579549730384,0.0003515031413527033,0.48310335919045455,ok,0.009139081675170285
all,necrosis,wsi_necrosis_fraction_of_cluster,log1p+z,interaction,706,86,0.04388027749278733,0.00013792873847335815,13.959953336453788,0.2876326943621203,0.9807773812990255,ok,0.8980601565738721
all,necrosis,wsi_necrosis_fraction_of_cluster,log1p+z,within_Lobular,152,17,0.016962097670882904,4.1245379129341646e-05,6.975636143247246,0.18435182640950815,0.977331199879884,ok,0.7279079180536696
all,necrosis,wsi_necrosis_fraction_of_cluster,log1p+z,within_Ductal,571,75,1.250908770910997,1.081489064183012,1.4468687709978238,0.0025697684913532173,0.523639536340143,ok,0.06424421228383043
all,necrosis,any_necrosis,binary,adjusted,706,86,1.4273403461100553,0.8649209341721334,2.3554759552485485,0.16387056913406517,0.9188867998918645,ok,0.35505289979047455
all,necrosis,any_necrosis,binary,interaction,706,86,0.39290099334435374,0.12406981831777085,1.244228392239605,0.11219120149339032,0.4824230246391339,ok,0.8980601565738721
all,necrosis,any_necrosis,binary,within_Lobular,152,17,0.5157120568258459,0.18020003859847708,1.4759093706309128,0.21707049934526954,0.7680387501333643,ok,0.7279079180536696
all,necrosis,any_necrosis,binary,within_Ductal,571,75,1.6684569403866685,0.9419199227745055,2.9553983248646807,0.07928610280174588,0.4323240751340036,ok,0.24776907125545586
