subject_id,WSI_tumor_stroma_ratio,WSI_sTIL_pct,WSI_neighborhood_intratumoral_TIL_pct,WSI_inter_tumor_sTILs_pct
TCGA-3C-AALJ,0.7919672156795381,2.2358927884293567,0.510069729611795,1.9048430242331889
TCGA-3C-AALK,0.490509779007306,4.661590383503892,1.9419997793570367,1.6182595334883485
TCGA-A1-A0SD,0.3295846799887079,1.5416666731322346,0.6130295770224963,1.6807141829778258
TCGA-A1-A0SF,0.2209742020087129,5.192974965174339,9.545591605556938,4.4120324065664125
TCGA-A1-A0SH,0.3123709671338013,1.0640040922144842,0.6893587217668921,1.6973485209509662
TCGA-A1-A0SI,0.558011759520807,17.075099187860275,12.690849853566194,16.64094459426188
TCGA-A1-A0SJ,0.7183831134138308,2.535205891804856,2.24535862937506,3.4902407477345694
TCGA-A2-A04N,0.3662933005955122,0.291912852396936,0.3461703494720607,1.821165178152248
TCGA-A2-A04P,0.6768833772380233,26.321574350126788,19.77045352517736,16.30808157570588
TCGA-A2-A04Q,0.2704678163725743,14.826384279670416,14.690474853236536,15.27373160317928
TCGA-A2-A04T,1.4764094670163628,36.17487623994637,13.064171647232431,31.25472548758213
TCGA-A2-A04U,3.2452969045958904,6.090848625024367,1.6676876943614078,10.270467937423732
TCGA-A2-A04V,0.5451743407162576,3.651082924974427,5.045769860126328,0.9499331441880224
TCGA-A2-A04X,0.8716165230777825,27.77338944573769,43.0885537012383,20.087293170623028
TCGA-A2-A0CL,0.3363137532460712,16.03601113529498,13.030480581983026,19.211776442105133
TCGA-A2-A0CM,2.908401440181564,11.835744089630348,0.783986410552835,3.016090265849016
TCGA-A2-A0CP,0.2940400489793217,0.3835365396318068,0.4375756980423584,0.8429386612217362
TCGA-A2-A0CQ,1.3482897806800862,2.185660460122846,0.9785829783343296,0.780406878535757
TCGA-A2-A0CV,0.5746034421306944,1.1165120890823532,1.126569977299166,1.7921208834700244
TCGA-A2-A0CW,0.5824384670224398,7.237279410222182,3.769952835672251,2.216846744804448
TCGA-A2-A0CZ,0.4072365705367418,0.8695650254029328,2.02020043198133,0.0462924995644899
TCGA-A2-A0D0,2.2323846217292767,27.26868267318411,5.551823332706303,5.176524867220898
TCGA-A2-A0D3,0.1460116127316323,0.229922734376251,0.0855805995870056,
TCGA-A2-A0EO,0.3081407325355454,1.2834309768054188,1.1192317217122156,1.3569703537760849
TCGA-A2-A0EQ,0.4039843794636659,18.97646724637377,13.778655382198496,18.90330827348985
TCGA-A2-A0ET,2.876852715209698,3.460410128674414,1.472761097146146,1.6640413278473627
TCGA-A2-A0EU,0.9035950247422784,3.880171981547483,0.7909254420681325,10.78213630893049
TCGA-A2-A0EY,1.0131543223915085,0.7309365617674323,0.3776064276198058,0.0395539484319369
TCGA-A2-A0ST,1.3574724665495983,63.03031480289639,19.84088582470318,
TCGA-A2-A0SV,0.9550950823453392,0.7260989271241206,0.868512327299642,0.2137708236737872
TCGA-A2-A0SW,0.7452960140750229,13.29819413019366,9.650488045219552,14.255379405319948
TCGA-A2-A0T1,0.5473419495768411,3.4315611387802405,2.981410003374577,1.3115742367031349
TCGA-A2-A0T2,0.9824809130335148,7.591503622235053,1.69730534414332,6.326094927433543
TCGA-A2-A0T3,0.3595223527942892,1.6900905457027142,2.6405958972495527,1.7986710288955594
TCGA-A2-A0T5,1.0025953156840035,1.3797342940786077,0.2341656459349029,2.6866179793550744
TCGA-A2-A0YC,0.385653038176297,0.304705662280863,0.2339155618972794,0.1105209642387645
TCGA-A2-A0YE,0.6437769296012888,5.379063388669603,1.6192369198371843,6.40383018046764
TCGA-A2-A0YF,0.9247903561218882,4.1343999371830735,4.055312535906179,2.458510024026764
TCGA-A2-A0YG,1.3895479965206057,3.1471358382502044,0.5259781347529572,3.69723146585808
TCGA-A2-A0YH,1.4252487853738511,6.903662358175448,4.068511210691458,5.805072189310431
TCGA-A2-A0YJ,0.7621501718067211,14.193168753155575,7.133690561662124,13.59913369817659
TCGA-A2-A0YM,1.3141413036720655,15.521525190607369,6.428708721975769,1.0673367389299098
TCGA-A2-A0YT,0.170010665147264,0.354049088939731,1.160559408539018,0.2266943944024353
TCGA-A2-A1FW,0.4486506399966209,14.798046334202764,13.037265554464774,21.50625703244026
TCGA-A2-A1FX,0.4783670745147316,48.27798553953521,38.65981315124954,49.3860476264405
TCGA-A2-A1FZ,0.4839539130743557,3.43147700022838,3.043129231841206,3.4972466018990342
TCGA-A2-A1G1,0.5394878998197659,6.547761555702057,1.8986239753330765,11.312331019630642
TCGA-A2-A1G4,0.8761291648170937,6.285577191137401,0.790838497372828,12.085871001028412
TCGA-A2-A1G6,0.7017165686529241,0.726792869212653,0.2815931873568559,0.0
TCGA-A2-A259,0.6115403856422125,1.2405199190395633,0.4090964367456059,0.608521460381844
TCGA-A2-A25B,0.921074423057386,2.297319653221636,0.961130885459018,0.0715303159821139
TCGA-A2-A25C,0.56023504355763,4.020917515387473,1.34185445652643,5.742815298845744
TCGA-A2-A25E,0.6248584890056458,3.023039322384632,3.80210303323383,3.123367452462634
TCGA-A2-A25F,0.5946962233356121,16.119754478056787,8.389765678590603,15.570691088821164
TCGA-A2-A3XS,0.3472553212913449,7.093043956045513,3.2982661494141032,11.169538194896216
TCGA-A2-A3XT,1.7270377492086706,16.643139613380036,8.451899565450855,6.5902827046562615
TCGA-A2-A3XU,2.7040734417204706,1.5699063310045576,0.4677972024747533,0.0
TCGA-A2-A3XV,1.561123777045377,5.885032381887393,0.2863332861938722,
TCGA-A2-A3XW,2.0959332638554007,13.268412367460128,3.315508008722867,2.777377988749963
TCGA-A2-A3XX,2.1589816141400555,39.77768239717605,6.30700078190248,22.026059845525108
TCGA-A2-A3XY,1.0793017332817143,7.179942348795024,1.1310631730510303,3.911196491706152
TCGA-A2-A3XZ,1.9159875203776653,21.788559920601447,2.053477358787998,26.127835693481288
TCGA-A2-A3Y0,1.92557947312998,23.317716118975994,7.988717877272434,6.576363811676615
TCGA-A2-A4S3,0.9405046754411078,9.737626352332873,2.9778952014940634,10.88180019596184
TCGA-A7-A0CD,1.870691514125171,6.611802705154453,0.6532364323007881,1.5564847358197476
TCGA-A7-A0CE,4.480480510320763,9.420238764830897,0.5362028154696261,5.437087172589377
TCGA-A7-A0CJ,1.7728522524085342,28.962161288067215,12.888178112771877,4.577353990125372
TCGA-A7-A0D9,0.28437009915972766,4.388618696524027,3.3554493231003644,2.483044145042266
TCGA-A7-A0DB,0.3844579445172583,0.4201117899387683,0.8666365452624438,0.0237344536348041
TCGA-A7-A13F,0.31333771533236393,0.3155129485880622,0.18202423201682466,0.34284804173096806
TCGA-A7-A13G,0.8617388210251491,5.518322180736168,5.44237852447722,
TCGA-A7-A26H,0.5108988222591967,2.7020992285138865,3.485878795462888,2.1482667445540544
TCGA-A7-A2KD,0.6299213943244012,14.842592601131368,12.212040788924195,10.21923023758187
TCGA-A7-A4SD,2.2613336348767112,41.6427693182213,21.41402344753562,
TCGA-A7-A4SF,1.735434737081594,21.52654444291324,1.1283808945871332,21.84356842063074
TCGA-A7-A56D,0.487175243804156,5.031550515292963,3.502196102529853,3.996803491849579
TCGA-A7-A6VV,0.4747087120328555,1.9043570511723689,1.5325972449023662,0.6402128721664962
TCGA-A7-A6VW,2.030584112724102,8.44838362088449,0.5044023080417109,0.0
TCGA-A7-A6VX,1.2922405477778771,12.83592639337295,3.3513043574135253,
TCGA-A7-A6VY,1.8573167217484268,35.624120900672914,19.8938929630647,
TCGA-A8-A06O,0.7003802440039123,5.062865857521909,1.889156124122908,9.329930662735723
TCGA-A8-A06P,0.5179974983004195,0.0937924189489187,0.1343322737824732,0.2057711958579203
TCGA-A8-A06Q,2.5827391693106145,2.387662572122044,0.7083668850053122,0.0
TCGA-A8-A06R,0.9345540106371378,2.918562076885414,0.5714368159339444,0.0
TCGA-A8-A06T,2.4081905337844787,9.159219858290754,2.410170111991385,
TCGA-A8-A06U,3.175876726300356,59.01629399388801,8.503358204284089,80.73322977379355
TCGA-A8-A06X,2.6014503807113094,2.482119758097194,0.42483364111249,9.675938092233531
TCGA-A8-A06Z,4.944254391660847,1.5748709444670443,0.4798813476086039,0.487967748176781
TCGA-A8-A075,1.6172515557962002,17.146544597823283,8.42460631558131,0.0
TCGA-A8-A076,1.5018672949797796,2.053077573472059,2.0941944246633817,0.0
TCGA-A8-A079,1.5524528948851113,4.232879997642485,0.5548544138827006,1.5709484218158214
TCGA-A8-A07E,0.219921755416713,1.3460486286881517,2.722833219579561,0.7975750946542497
TCGA-A8-A07F,0.4407399639843984,0.1931672331216219,0.6275867249549671,0.0069561519275616
TCGA-A8-A07G,0.2324343943373794,0.4839741275398538,0.2617454904196948,0.0892760319127678
TCGA-A8-A07J,0.3396850346702613,0.5828463667662198,0.5622665836856708,6.774205705255509
TCGA-A8-A07O,1.3706944481460084,37.69267047623813,15.248958635686147,59.512110306025534
TCGA-A8-A07P,1.3769731435152013,3.505111589989397,0.3021523519203236,
TCGA-A8-A07R,1.671661414767203,6.258920304615062,0.7799334388420078,
TCGA-A8-A07W,0.9018854331306008,4.082466968435348,1.4362700605198473,0.0092598908219909
TCGA-A8-A07Z,2.5906743330576405,4.424832423450675,0.6274959217574809,
TCGA-A8-A081,2.146559133914637,27.64844835732721,7.800761626117676,59.03992386708038
TCGA-A8-A082,2.79759241109282,3.206182747228331,0.5555342098390624,
TCGA-A8-A083,6.418458704917141,4.508284363240808,1.06177168987526,0.0
TCGA-A8-A085,1.5099149315969975,12.663591901931856,6.343450498562389,0.0
TCGA-A8-A08A,0.7175872493299883,0.0331112208166158,0.1715416170617201,0.0
TCGA-A8-A08B,2.053077238358953,26.41028952341584,5.511624141092892,93.06425154209136
TCGA-A8-A08C,0.8259520924991265,2.916554653652658,1.5641438320589538,5.401373854862003
TCGA-A8-A08F,0.9133754235541324,6.894352784932859,2.663000809507488,5.3977407335470975
TCGA-A8-A08G,1.659901481879367,3.118141389197579,0.760785324777533,0.0
TCGA-A8-A08H,1.2758447859543882,1.7366833262481085,0.0947670518510124,
TCGA-A8-A08I,0.8867272794781381,14.846143975364924,13.029675462916709,4.166095850851297
TCGA-A8-A08L,1.261497617906198,16.48959906557682,4.940883371070023,7.247923833720586
TCGA-A8-A08O,0.7348582058344811,2.439962848267877,0.1272803839239996,
TCGA-A8-A08P,0.8979911802015846,7.0661071932545685,2.003798715650458,7.69590591349089
TCGA-A8-A08R,5.728677519205257,0.3214459925542599,0.3023450772100807,
TCGA-A8-A08S,1.2755735697159365,2.874023196483145,1.144814526347072,
TCGA-A8-A08T,0.6085045832911198,0.1722617122655642,0.0490339109422606,0.0702696381537332
TCGA-A8-A08X,0.6829922508920911,30.65179208084274,18.773498969640563,24.85636488810639
TCGA-A8-A08Z,0.6095758157049095,1.5780020423508845,1.653061433223067,1.3462156944068415
TCGA-A8-A090,1.4212696154338786,1.6177851193512376,0.2079992860542915,
TCGA-A8-A091,1.997270312396264,10.27420624146696,5.231519948395975,0.0382009241985608
TCGA-A8-A092,0.6215255157323224,1.83147475243402,0.961843834019982,1.17543653854911
TCGA-A8-A093,0.3886377252944667,0.505615101589763,1.4111017277925608,0.2426504620862153
TCGA-A8-A095,1.1162703180155316,1.7438743516460822,0.3351270534177127,1.0772569893190131
TCGA-A8-A099,1.235971188050366,5.637280662999529,1.0162232249001164,23.265313705833865
TCGA-A8-A09A,0.6193338236126747,1.8266433851385755,0.5856961452319274,1.4847035049589614
TCGA-A8-A09B,0.995964800975884,0.2816566321320652,0.1065990206257532,0.0
TCGA-A8-A09C,0.6814063665557433,1.1311787172292809,0.170926704009426,0.0
TCGA-A8-A09D,0.7997747377935671,1.2840099293216527,0.6219785184705778,0.064187361123139
TCGA-A8-A09E,1.6220517938297692,2.2555100392770564,0.7503128557527772,
TCGA-A8-A09G,0.5188561960852859,1.106720660599405,3.609359418807853,0.0
TCGA-A8-A09N,0.6615277712965069,1.2527071593713544,0.6951742998188684,
TCGA-A8-A09Q,1.5976957471789317,16.63210812019683,10.829167285292792,
TCGA-A8-A09R,0.9431796723801537,2.311915065218004,1.1430192367082783,0.0
TCGA-A8-A0A9,0.9690146568518304,3.422894212399516,0.7204138821433835,
TCGA-AC-A23C,0.370831182119394,3.1048707505123936,2.334711360240453,3.48187445361974
TCGA-AC-A23E,0.2859961668368529,0.1085428636803221,0.3894871160683565,0.1041005024358492
TCGA-AC-A23H,0.747108789096768,2.11675484083162,0.4631892689569858,0.0
TCGA-AC-A2BM,1.3750222787779398,3.9077967868971673,1.7729386076206597,2.7514981642747123
TCGA-AC-A5EH,0.5049683717304796,0.4989482725263044,0.1492474098919297,0.0037569886047589
TCGA-AC-A5XU,0.7423474942961967,4.025328373215514,0.9616105121229722,7.158589578322089
TCGA-AC-A62V,2.475695402037388,2.871190411016963,1.266067417943166,
TCGA-AC-A6IW,4.939996841804251,39.21550517914718,5.215338360595643,
TCGA-AC-A6NO,1.8994429352594888,13.78722982891348,2.073888316702875,
TCGA-AC-A7VB,0.8433542604893312,2.235300135206742,4.391676467189884,0.7290016441067134
TCGA-AN-A03Y,0.8296081492676561,9.804226122109636,11.504452173484962,2.370740189325751
TCGA-AN-A041,0.195491800919045,8.74522228389904,9.539155847935197,10.99963511892548
TCGA-AN-A046,0.589528354677342,10.924012907168722,4.652393496401638,3.4722268740492117
TCGA-AN-A0AK,1.0987991384393097,6.953691806434116,6.898350169362358,1.7037938927009637
TCGA-AN-A0AM,2.1374139285022844,24.31145229034458,4.866229225587293,57.51100143261231
TCGA-AN-A0AR,0.6497045477726396,7.55660390598968,4.691858281221211,5.274151054271846
TCGA-AN-A0AT,1.9902892399805543,22.09610326410495,5.572132020538983,26.791078330121813
TCGA-AN-A0FF,0.8748720325948424,10.178329398818738,5.941503503486448,6.921104346156508
TCGA-AN-A0FK,1.2648210435301743,1.595009332919866,0.7056760928101268,0.07738431358837
TCGA-AN-A0FL,13.184710038483322,9.700115475179349,4.643622397198908,
TCGA-AN-A0FT,0.4351726319110127,0.4214691944995328,0.2830775872568755,0.7695197718606069
TCGA-AN-A0FW,0.2313426554271147,0.4018871981251599,0.3117508768445843,0.3586103106708014
TCGA-AN-A0FX,0.8721631756900113,4.621381301934179,0.5739800294416909,0.0
TCGA-AN-A0FY,0.5396728836636419,4.392960765337475,3.073758140248694,4.320813849187082
TCGA-AN-A0FZ,0.8010371678593079,0.8046616838479632,0.1277246896924151,0.0
TCGA-AN-A0G0,2.48747411226352,13.62139298653369,0.9058014751440788,
TCGA-AN-A0XN,0.4834663105779003,28.66882644094526,31.31427432834285,22.112200162285305
TCGA-AN-A0XO,0.2430890861190247,1.2023370070652288,3.1869699580127047,1.1732181006737392
TCGA-AN-A0XS,0.3478764290596993,3.4760761298400027,2.423570103764302,1.3097886605250182
TCGA-AN-A0XT,0.6870567861280235,4.463086655733148,5.529771945649087,0.8547757758067145
TCGA-AO-A03L,0.7332042695501001,14.150312181395918,8.07497277591497,8.7697315586409
TCGA-AO-A03M,1.0737541406365472,24.735484092451173,9.86303928804272,10.388669874067592
TCGA-AO-A03O,1.628712462979277,6.690066120034438,1.6442843450693907,4.280200425715686
TCGA-AO-A03P,1.9789718759687172,17.14926332322834,1.4724742092261407,
TCGA-AO-A03R,0.8182016625809955,33.37973979267932,12.86697619815821,40.93428147807414
TCGA-AO-A03V,0.5099590185176941,3.048368789299114,1.3922692012150626,1.635767207265863
TCGA-AO-A0J2,1.617334661753325,42.60295045826378,2.84955985750409,
TCGA-AO-A0J4,1.3019809728560223,20.64373761787291,3.119764806605443,77.89627948349217
TCGA-AO-A0J6,7.252198695654333,39.04333729024632,5.007436308870948,
TCGA-AO-A0JA,0.2178982041621807,0.253156335392551,0.277949266100387,0.1369778249517535
TCGA-AO-A0JB,0.6747040408376113,1.7318902026630378,0.9350368904463048,3.626535619514896
TCGA-AO-A0JD,1.827291779001016,14.128790274327187,1.6970512349119078,13.610646689028846
TCGA-AO-A0JE,0.8377007480381086,13.181808039634538,4.285946697148391,12.389928511413611
TCGA-AO-A0JI,1.9705209965077528,4.696465985832874,10.415199359037617,
TCGA-AO-A0JL,0.9530515343103654,9.992121573930064,3.2116255407860743,3.326374545340124
TCGA-AO-A0JM,1.228411419568909,8.882414345993318,1.0454956811986649,11.573592179076115
TCGA-AO-A126,0.9374329911415678,1.3094898653281457,3.063683373853611,0.0568377634188597
TCGA-AO-A129,3.14442768045166,68.01363927421102,22.230129871735567,
TCGA-AO-A12A,0.5791291002481002,4.204085652947995,2.605419760031108,1.210597333346261
TCGA-AO-A12C,0.363108047667507,1.5939512621315872,0.8816091854573975,0.9212596755720464
TCGA-AO-A12D,0.7128768497738792,27.976962881076485,18.83208308073297,26.465226624424297
TCGA-AO-A12F,1.514714442324309,1.32736930829614,0.7404163635813975,0.3840201881117138
TCGA-AO-A1KP,0.8469576243772549,2.73839217362491,3.4616531381953,1.323247636235216
TCGA-AO-A1KQ,1.9846977734805096,28.58769821080116,4.9426652433083325,22.12814479609618
TCGA-AO-A1KR,1.529637106544662,21.65711275791308,6.41397875071917,8.065782593196706
TCGA-AO-A1KT,0.3903543965685396,1.0007433961063277,0.2854501833738806,0.0139888152090774
TCGA-AQ-A04H,2.479923926660716,6.370817444580516,0.8236090665997983,
TCGA-AQ-A04J,0.6153011522456457,12.42782263482063,7.263468622343374,14.335706728885311
TCGA-AQ-A04L,0.6757462871357292,9.021235997294392,10.770055067423424,7.787232225098578
TCGA-AQ-A0Y5,0.472871206332277,0.372383965071597,0.6005418110042204,0.021552899310868
TCGA-AR-A0TP,2.005806606495036,10.375480005119933,2.36816004290978,0.0
TCGA-AR-A0TQ,0.9898981511077152,17.143497521415703,5.24638115216228,5.276799371351162
TCGA-AR-A0TR,0.8207576805326072,12.393197617979313,7.472130504506112,5.136770511094334
TCGA-AR-A0TS,0.2332657112703543,8.218337373199542,5.879919720188181,7.835284191696386
TCGA-AR-A0TT,1.5558126420547185,23.82436505390381,8.801225605611949,45.466617488651714
TCGA-AR-A0TU,2.168118379900223,37.59402460881381,11.987918984268443,19.0712911206502
TCGA-AR-A0TW,1.0326413635116518,26.355616813312547,19.094063714613323,11.575611068620749
TCGA-AR-A0TX,0.4470999739145649,1.1200088139255244,5.494193952211321,
TCGA-AR-A0TY,0.6619686316395844,5.075684654523597,1.9842647486924208,8.034084253548398
TCGA-AR-A0TZ,0.4943352038903576,5.035436073032084,3.349096997331774,2.868638249880805
TCGA-AR-A0U0,1.1574953948132587,17.96780963403972,7.540587444744955,5.452095757812975
TCGA-AR-A0U1,1.78532326574566,22.24637668720889,2.966728605767173,9.487541334341474
TCGA-AR-A0U2,1.1430268392774945,8.522654206748584,4.920658765692265,4.554316379096457
TCGA-AR-A0U3,1.0328902734020904,33.13156951228444,22.397073411841497,29.019050789379136
TCGA-AR-A0U4,3.878555837048609,23.45238012294463,7.550836470057785,23.52442672934683
TCGA-AR-A1AJ,0.8076477238816429,31.31743130363746,19.57777725561838,40.4395739282102
TCGA-AR-A1AP,0.828977567522749,11.64369857750424,4.752745631560366,16.14248813029073
TCGA-AR-A1AQ,1.8380924885284309,39.92056113856158,25.646749204489204,25.686466048590777
TCGA-AR-A1AR,1.33102713451391,40.92039503351696,15.52968556337726,15.108110928048951
TCGA-AR-A1AS,0.929336176152118,1.384730577518609,0.7210823629675387,0.4331301088423792
TCGA-AR-A1AU,0.6269969237031234,4.003027307383095,2.4335378240342957,1.6441758528230872
TCGA-AR-A1AV,1.162303097646905,5.832415617269544,0.7623852027319438,6.726762723761495
TCGA-AR-A1AW,1.1042484351177149,46.67002952030372,34.81564330513625,41.961027548413696
TCGA-AR-A1AX,0.4124479295962253,9.522885603422392,4.7203554174115085,10.877631876592732
TCGA-AR-A1AY,1.3752086666788088,5.602400495202185,2.178649162639416,
TCGA-AR-A24L,0.5327363463766227,0.9414682133593626,0.4294798452974235,0.2605696613720345
TCGA-AR-A24N,0.5581153875882929,16.17477259286015,19.665648943474974,18.499159272388965
TCGA-AR-A24P,0.2857669333433991,2.46962075782884,2.095161380843381,3.4098949310174147
TCGA-AR-A24R,1.1726897875304394,22.86741795621532,7.029225771285409,4.299266664954652
TCGA-AR-A24U,0.7616652905513389,26.75884580669973,18.09818403975993,21.53020621511581
TCGA-AR-A24V,0.7492674853983388,1.7682694434266015,0.9971360707713876,1.600400169502469
TCGA-AR-A24Z,0.6553237502346848,2.9714233841337183,2.1691697202509337,1.575631622770603
TCGA-AR-A250,0.5454117720663493,16.443245618393288,5.5782382197094496,15.758460735955696
TCGA-AR-A251,0.9434107879661788,6.716133822782576,1.7309861344716555,0.2539785191950497
TCGA-AR-A254,0.9003303180428226,10.93886473332254,1.9444757037874336,6.798171189478866
TCGA-AR-A255,1.06470719785565,31.322491864686224,14.557223644038784,14.982249392489974
TCGA-AR-A256,0.8232739401996146,4.700984996635801,1.5534033357765262,2.246559122752292
TCGA-B6-A0I1,3.877274119999722,26.659322790471524,1.5179444054876594,42.39538714562581
TCGA-B6-A0I5,0.6136893508904211,4.049865913185641,1.6436949916770558,3.293817908138943
TCGA-B6-A0I8,0.3809686283816589,0.5824193157675525,1.3133234580134885,0.3798741635864596
TCGA-B6-A0I9,1.454193135782961,6.74432918387253,3.3451237214975915,0.9706427880294864
TCGA-B6-A0IB,1.4751359425646489,3.451522395371935,2.1336340684738464,3.4935116365313497
TCGA-B6-A0IG,0.4565785463398138,4.37768011440928,12.548127446434073,2.3846593787501003
TCGA-B6-A0IJ,3.123097207758106,39.87704974665268,12.484586815908356,12.616684491304186
TCGA-B6-A0IK,0.6366596066717635,9.976049939794423,4.268674931833825,4.292871115259711
TCGA-B6-A0IO,0.4849634873317245,2.6798399621517457,1.808380683485404,1.138604692596366
TCGA-B6-A0IQ,5.569858664078743,30.804730211011407,6.220867534882146,15.033370646277454
TCGA-B6-A0RE,1.5841804126754333,12.243841289720589,1.4761253554073788,5.903616297472027
TCGA-B6-A0RG,0.9676455845445616,5.482617058454583,2.3875670361076096,9.008618835311385
TCGA-B6-A0RL,0.699962641005956,4.085086345996446,5.627716992402503,2.838280656374736
TCGA-B6-A0RM,0.7899285263624403,5.903288521480161,5.517030494028022,6.8500285476494405
TCGA-B6-A0RN,0.2896193336873316,12.897871475502615,16.845195581072026,9.204634063914217
TCGA-B6-A0RS,0.6217879439769485,9.435341285195449,11.250145188299646,3.095115329845917
TCGA-B6-A0RT,1.0948514934909246,21.44339939221145,17.181658877094083,13.165646107790195
TCGA-B6-A0WS,0.3349400168398631,9.087547846089915,12.804147088562976,7.601490828405845
TCGA-B6-A0WT,0.982291909217582,2.748062634895691,0.7801077235876692,3.8548533075634697
TCGA-B6-A0WW,0.3997159759249208,1.030199982280055,1.7308446510292177,0.3855019300433461
TCGA-B6-A0WY,0.2559801494933851,1.8304476759400543,1.1812348318594337,1.6518300745110797
TCGA-B6-A0WZ,0.4976391971200625,1.7927754989347278,1.3997758346172446,0.981795591057352
TCGA-B6-A0X1,4.006863187495609,25.39061527904453,3.2739928915737244,21.097512757773945
TCGA-B6-A0X4,0.6263585981352348,1.537907428116888,17.44628347502757,1.4358399856789594
TCGA-B6-A0X5,1.3008508031665629,10.802387787729522,18.27966651259375,7.176019194891723
TCGA-B6-A1KC,0.9117494226751768,15.114598916748816,17.865431876564728,13.7983567495428
TCGA-B6-A1KF,2.69834693079401,6.22013015960815,0.2093562298508434,0.0871100634429093
TCGA-B6-A1KI,0.3777051490632169,1.0070978547804887,1.6681017839325365,1.178924524498778
TCGA-B6-A1KN,0.64635588890399,5.313148168508416,6.873172015150879,5.037338436986303
TCGA-BH-A0AU,1.4311639045636173,16.440851034361764,7.095934563286198,0.0
TCGA-BH-A0AV,0.6959750222941862,6.749250768177633,3.4405490098734397,2.2889037085838324
TCGA-BH-A0AW,0.315553853459304,20.303140695403812,21.596319329490743,25.58185426540012
TCGA-BH-A0AY,0.8795956825634748,6.89381913858806,2.7030759691896598,5.564927953424911
TCGA-BH-A0B0,0.3466591990440767,2.1851511182587684,0.7204017989280052,5.145566227502083
TCGA-BH-A0B1,1.8754558632297529,5.001004606518922,4.505162655810132,
TCGA-BH-A0B4,0.5511463621550015,2.926040648050818,1.3378314020582611,1.9410828881045008
TCGA-BH-A0B6,0.5110471333675417,13.719510030535409,12.143307852449388,0.0
TCGA-BH-A0B7,0.7808126443266289,8.45432483261052,6.99060620239806,8.628888176522914
TCGA-BH-A0B9,2.449735433920036,45.77136348465217,17.914145933145655,14.97214685826764
TCGA-BH-A0BC,0.3485774710240602,4.881409956573262,2.7974156673379014,3.7339392176897
TCGA-BH-A0BD,1.504799488340914,10.13088226023396,2.4226598332091123,4.639793926852611
TCGA-BH-A0BG,0.6784471313248807,15.87198808655729,2.9751743334929817,6.822515007420236
TCGA-BH-A0BP,0.3761580105189261,2.0329500638855533,1.229525473041654,1.7190838153385446
TCGA-BH-A0BR,0.5543187844637483,10.13612032534356,3.264417195466348,19.493456516381947
TCGA-BH-A0BS,0.3933318198469889,5.6833291496071965,6.255827650563887,8.348796387021942
TCGA-BH-A0BT,0.865444666432436,1.6362617193445683,1.3455352681737704,0.3406889838109965
TCGA-BH-A0BV,0.4346617601589974,7.736602627347831,7.671927503629352,5.6828665683589
TCGA-BH-A0BZ,0.2811841127307899,10.87321952754357,22.37477188579862,10.333225723705286
TCGA-BH-A0DE,0.3465748381645788,0.5966137178298471,7.7682868964782115,0.0007899676645013
TCGA-BH-A0DK,1.1318168821825587,5.511662189588021,4.77140826436466,3.174618093601968
TCGA-BH-A0DO,0.4615859233829685,0.6269759827074571,0.5674748508125508,0.0359796414472055
TCGA-BH-A0DQ,0.7523483251228921,4.496574958625345,2.0246269796073046,2.281778450972745
TCGA-BH-A0DS,0.5846510897311837,1.4855496476284389,1.5170023733885347,0.4236938366669162
TCGA-BH-A0DT,0.482862962585845,3.847305224236996,2.034631972174082,2.1217812428169536
TCGA-BH-A0DV,0.16552774664503,0.832440675888586,2.402845588230925,0.918292597880776
TCGA-BH-A0DX,0.7507106086993671,4.463899277898568,1.0083173724514594,0.0
TCGA-BH-A0DZ,0.6932155513131452,3.027692122493645,0.8701336833255157,4.270969388819578
TCGA-BH-A0E1,1.764333365854356,1.512880282593245,5.747037269585302,3.4103546181942104
TCGA-BH-A0E2,0.6278280003127922,1.485978063514977,1.3204241341290854,2.7412935370726266
TCGA-BH-A0E7,1.746916476247631,0.4446571464294191,1.8099139214390063,0.0
TCGA-BH-A0EA,0.301718825577479,2.9686625588320337,8.3329267735663,1.850131236017264
TCGA-BH-A0EE,5.748432230417801,16.7462390845926,7.048495233258281,
TCGA-BH-A0EI,0.3509070783678623,3.7239902321068814,6.362543657810036,1.445068917419165
TCGA-BH-A0GY,0.4045887358527025,2.4518816157552434,4.7356019654057,1.5081522568955374
TCGA-BH-A0GZ,0.7802063803447761,0.5082487408955412,0.3426126418715784,0.2955583259924107
TCGA-BH-A0H0,4.078113629292295,5.263374485460863,2.0429531714253897,0.9137339332103404
TCGA-BH-A0H3,0.2512109254431253,2.10499760722366,2.590521709260784,1.504568842686941
TCGA-BH-A0H7,0.6038128338670605,10.843567463086467,5.840328775142823,2.878922451005309
TCGA-BH-A0H9,1.5521766766825105,4.12949865549002,0.4960567995922794,2.6723767033892103
TCGA-BH-A0HB,0.9004645984704168,19.09000495878468,12.706949862310916,32.72183673610154
TCGA-BH-A0HF,0.4196168782954568,3.046576275575568,3.481402658975613,0.7749447557382876
TCGA-BH-A0HI,0.5709894088632592,0.8077949826428396,0.4388290418127774,1.1933540404488048
TCGA-BH-A0HL,1.4803733893078368,22.512200181554963,28.14098368261839,5.021611342348985
TCGA-BH-A0HO,1.5992935351624409,3.7935097305524654,3.206291818530685,2.4741176143084
TCGA-BH-A0HU,1.3802073837783193,5.190714670009486,0.7359717276837087,0.8265343575851852
TCGA-BH-A0HW,3.277248093510655,1.2942475557074082,1.3115189221884511,
TCGA-BH-A0HX,0.9433104220431512,1.6607642434191203,0.5170423810459006,1.0153572814403231
TCGA-BH-A0HY,0.7242864362591943,5.277043355725267,1.2256459445814194,1.9549574809585053
TCGA-BH-A0RX,4.133967767621383,34.25790326411261,7.5425285213841455,3.404096204843839
TCGA-BH-A0W3,1.8071653984487008,7.402862938229527,1.4082712884589657,6.336187332238683
TCGA-BH-A0W4,0.3841602415571505,1.8783384848267668,1.52332061590181,0.8343032947219492
TCGA-BH-A0W5,0.3473444944470653,9.105808079860012,4.546070698243973,18.629234104489985
TCGA-BH-A0W7,0.706839813730093,9.786970640597302,5.16873757406572,16.432465319268566
TCGA-BH-A18F,0.4282996831572805,7.32647022086494,2.219030906617581,17.817349653882296
TCGA-BH-A18G,3.712137557777415,26.8120618248678,2.9511843081048106,
TCGA-BH-A18H,0.7143613979157473,10.18616540220438,7.781477675974697,4.811455158701214
TCGA-BH-A18I,0.5352733140091365,10.53819933935348,5.273702336168189,16.37446737945074
TCGA-BH-A18J,0.5056786830498069,0.5667771217648929,0.4260781815819515,0.0
TCGA-BH-A18M,0.6480155704429105,1.3907105035805916,1.3071442110294451,1.2766738830449051
TCGA-BH-A18P,0.9930372430115042,6.190836324563435,7.1913351438720445,4.974720435077484
TCGA-BH-A18Q,0.7811059570939665,8.704848681104481,7.222363236745085,6.269751737839048
TCGA-BH-A18T,2.608935200450585,16.24526545619198,2.8482993840827677,1.5919583720760504
TCGA-BH-A18U,0.665987094735027,15.989011591797803,8.9764114037173,10.507281139059192
TCGA-BH-A18V,2.0821862851279125,44.5195631099304,13.440908065277132,46.7570686008288
TCGA-BH-A1EN,1.9409314023805668,1.7733307063122143,4.695497351766444,4.145510620590827
TCGA-BH-A1EV,1.02224663654629,2.6927686475562806,0.6075855156197945,2.6623202594662323
TCGA-BH-A1EW,0.809428430243911,3.1574437917178324,1.4366878873641973,1.3287122026708142
TCGA-BH-A1EX,0.7381090034900604,7.321507131131898,4.777600120704599,2.157506621395481
TCGA-BH-A1EY,0.4702449636709086,1.0490363754262906,1.7546743934642597,1.3556278822823082
TCGA-BH-A1F5,1.8583502265418212,1.3576298570097944,2.5424974892878085,
TCGA-BH-A1FB,0.3543469906276828,8.582263968001106,6.116278774752218,6.566590490430438
TCGA-BH-A1FE,0.2946503955153365,4.17026242676996,2.7962702027298776,1.6508026013572024
TCGA-BH-A1FG,0.8253861621760319,2.362231029964727,1.299634502210125,0.3590497715027854
TCGA-BH-A1FJ,0.4236750152132005,18.483126252603427,25.56187803294413,16.13591244168056
TCGA-BH-A1FM,0.6377257758029345,1.9363272589743916,3.742134575257405,2.0778835126700588
TCGA-BH-A1FU,0.2588728535576253,13.167535948850183,3.935740810371356,9.628959992060745
TCGA-BH-A201,0.4821537333663425,1.9263738102643444,0.4741448760617575,3.665148081399918
TCGA-BH-A202,1.661561507189816,11.725321963561,3.1639690448349014,11.26843790556748
TCGA-BH-A203,0.4920053876352946,4.491473323551747,3.608603035481349,0.407561862249267
TCGA-BH-A42V,0.4875423517669642,5.176923326066655,3.0271800641240616,0.7262299475394918
TCGA-BH-A5J0,0.7943316978558097,6.245338097539039,1.9474232376774916,5.952581958781358
TCGA-C8-A12K,2.5998413505091347,39.5349707663958,15.631729213435392,
TCGA-C8-A12L,1.5107990446095838,19.21781872589204,9.56651503570955,52.69142027230566
TCGA-C8-A12M,6.92882000535851,34.978344613337654,4.21964432144389,
TCGA-C8-A12O,0.6071300687711413,2.302763540795016,1.3869903676952724,0.6589620657836104
TCGA-C8-A12P,0.252940884874608,26.6614711614776,31.838975498422503,27.3946930978848
TCGA-C8-A12Q,0.5619917220263946,1.300955060244202,1.800162852230614,0.543158752209391
TCGA-C8-A12W,0.2890293652650947,8.185416700152226,5.1518497330665225,7.935337973340256
TCGA-C8-A12Y,0.4054683420344185,3.4421884572705355,4.21561506395294,0.3564988672903598
TCGA-C8-A12Z,1.490007027199558,16.62531046408508,6.95359125644779,28.271738344060456
TCGA-C8-A130,0.8584802435204077,6.353380437450696,4.112732833859996,7.468516020220785
TCGA-C8-A131,7.45808726138013,70.44156127689327,14.615688694516882,100.0
TCGA-C8-A135,0.8714385791896255,2.891553337978978,4.915725104323771,1.0435858811845702
TCGA-C8-A137,0.5626531557412622,2.5513526153563544,2.712599637459628,0.9510054561148708
TCGA-C8-A138,0.8636058491669414,6.574499570722189,2.0728271064248007,10.180479384346675
TCGA-C8-A1HF,1.4340941814260928,45.401166110803565,25.060784507821225,37.518692498247376
TCGA-C8-A1HG,0.8120611570403488,6.8827789714287215,7.767608675277778,3.391752285234969
TCGA-C8-A1HI,0.3739656810236629,3.820046881429029,3.5088941774127957,2.817127577148028
TCGA-C8-A1HJ,2.903295156281618,36.73902207628794,10.30962441717688,43.08560527520516
TCGA-C8-A1HM,4.841515528791995,40.20764570003983,26.81222548688896,7.0728276207059935
TCGA-C8-A1HN,1.79414960831528,10.960497275426595,3.793106310806372,23.712416956207637
TCGA-C8-A1HO,1.1050807732393202,6.623976182659562,3.66999526894124,16.106860563390793
TCGA-C8-A26W,1.1771625549423737,7.450867097178462,6.467866345702546,1.008218594854872
TCGA-C8-A26X,2.2357822484091208,39.32272763398555,12.637992244235624,12.168801094389895
TCGA-C8-A26Z,1.2185061835482214,2.839346273485232,1.1520939788916444,0.3476320159480355
TCGA-C8-A273,1.289962117166868,3.797619149900708,4.861023799650334,3.5849394757606587
TCGA-C8-A274,0.6867831452436582,4.992836362393714,7.1273674840595085,2.3649862066875094
TCGA-C8-A275,1.2821454121148026,25.86088607792948,15.271380263592146,15.732314485063965
TCGA-C8-A27A,2.5082357941280025,18.85792086414993,14.136652736912191,21.62166253115233
TCGA-C8-A27B,5.971805295223682,44.56233563101578,10.722982967139007,16.679663614121406
TCGA-D8-A13Y,1.4756068911989222,0.7701787887231809,1.3688026336425017,0.1904144401788171
TCGA-D8-A140,1.2194244707884203,5.632700273962664,7.050864868620453,3.016406971297169
TCGA-D8-A141,0.550472452920923,25.024817255086326,19.733624722741936,15.06177023802487
TCGA-D8-A142,0.9414299608532392,2.6725001836361293,0.7933762430523912,4.980636369722968
TCGA-D8-A143,1.6928263376280288,32.888709919741096,8.707020954006861,35.04930362821537
TCGA-D8-A145,0.7750200661991301,6.3623598165785005,9.096295970265258,3.476343156010148
TCGA-D8-A146,0.4286348759764393,1.2645541202401562,0.8149114373935648,0.7351807298363842
TCGA-D8-A147,1.3855708424142912,8.696849460265538,8.247837758607153,11.795599859164865
TCGA-D8-A1J8,1.078734741073169,12.84159941888866,9.430574106466862,16.586018325616138
TCGA-D8-A1J9,0.7002397450601835,7.473809502109827,4.237328860892452,0.5319592431075147
TCGA-D8-A1JA,1.5013397433920426,5.231100162505113,1.8886331462751451,13.62142627469254
TCGA-D8-A1JC,0.4154128945574995,4.23492922355113,1.3995604441267686,11.515955976921523
TCGA-D8-A1JD,0.4242305520738796,15.333236962968844,11.340330887005312,15.332773895504218
TCGA-D8-A1JE,0.6316410224709854,1.8741971244185862,1.1836160877715416,0.4400888372831301
TCGA-D8-A1JF,0.8986221703134185,4.803595678701943,0.6123740057695175,2.9445210493464176
TCGA-D8-A1JG,0.951652526989029,18.988346689624205,4.4520118389523065,23.872950268047227
TCGA-D8-A1JH,0.3128751496152958,1.8187725049948245,0.963146202395203,0.9725592476273937
TCGA-D8-A1JI,0.5929132169617876,1.9041719579059146,1.8093702011856037,0.9959108535690041
TCGA-D8-A1JJ,0.37313942387433524,6.117877716947175,3.753470359572237,6.581995472786275
TCGA-D8-A1JK,0.6041714232186735,2.655127068592744,2.30341577246597,1.011590263227389
TCGA-D8-A1JL,1.6724522827201127,26.131563756840897,13.20787028775013,11.878354566490854
TCGA-D8-A1JM,16.215004729412687,35.30738241969919,1.5437255951746889,
TCGA-D8-A1JP,0.3810001957265599,1.554614867973461,2.3769133992051343,3.640785654160844
TCGA-D8-A1JU,0.3229242827089419,0.7694864227048398,1.1479988641267254,0.7392440907071991
TCGA-D8-A1X6,1.4410290028472346,5.874738504893392,2.3578985123143026,4.572164029473908
TCGA-D8-A1X9,1.0543676847214092,6.637519217033219,2.207778414022119,0.7139597205330945
TCGA-D8-A1XA,0.2011348393544351,0.5864284619175473,0.4266620867075995,1.0275788192867004
TCGA-D8-A1XB,0.3435391718609231,5.06864159879398,2.9947944292221007,1.8211580520576052
TCGA-D8-A1XD,0.8768539744795768,7.425894008055546,5.48704431318487,9.338743594225274
TCGA-D8-A1XF,0.9499131466747082,3.8006746952888455,3.100108170260439,2.7724427426799956
TCGA-D8-A1XG,0.6929806351540737,19.585061920298998,24.07797316641704,13.94964896320776
TCGA-D8-A1XK,10.25002276037995,46.19588567429399,8.327624601407255,4.296145401881881
TCGA-D8-A1XM,0.4252908313275831,2.3495817883393846,1.7261947498712238,1.2868184623523338
TCGA-D8-A1XQ,0.9903335814578352,18.36815155850405,9.061348537825983,6.758148821969799
TCGA-D8-A1XR,0.9036142854480292,0.5725013556584513,0.3244711207388069,0.08884498909735505
TCGA-D8-A1XT,0.8562082654935305,2.504146888944277,0.9511991242594776,0.2267953102252024
TCGA-D8-A1XU,0.4075622578631893,0.891598289922749,0.2015633342914823,4.190988077669542
TCGA-D8-A1XY,1.0395705603321763,2.676640624143747,1.2572579926535685,0.0
TCGA-D8-A1XZ,0.9019079690890102,21.98371766113602,11.438977005950402,23.78669205793858
TCGA-D8-A1Y0,0.47177660600556154,9.130355816904945,3.0973837755296802,7.917240558749452
TCGA-D8-A1Y1,0.8566355242837249,16.075934157299617,20.517663221914063,7.622481158546541
TCGA-D8-A1Y2,0.2768255586249614,2.794472959956474,3.287092431284525,2.1259459439947412
TCGA-D8-A1Y3,1.60010753826516,4.72128173950995,1.8345495515094723,4.253908964151696
TCGA-D8-A27F,1.0922961428494555,8.557425476845584,2.6524397424051016,6.817880937495913
TCGA-D8-A27H,0.5662529809834186,2.008221008297764,1.132314752454692,0.0992659947727659
TCGA-D8-A27K,0.5786170235450466,6.439414198874268,4.612863015332967,2.8348380403818907
TCGA-D8-A27L,0.353948879807785,5.112561793858198,6.207598327488487,4.944747386457704
TCGA-D8-A27M,0.6480621195536405,6.639023767847655,3.5799307762596437,3.88815801870214
TCGA-D8-A27N,0.3901496030232149,1.714245701909837,1.7343001159682623,0.7987013153607225
TCGA-D8-A27P,0.4159851037754131,0.9726413137302772,1.1711082400898756,1.2915280465532553
TCGA-D8-A27R,0.8500482071855031,4.905348885035403,1.9150293830293357,9.86099641423813
TCGA-E2-A109,1.4031250814397245,8.667087343511367,1.549428225157997,5.921887675009842
TCGA-E2-A10C,0.8050173805766021,5.458488791171122,2.962538909714484,3.5276062849924275
TCGA-E2-A10E,0.9911048169157384,3.579271875007762,0.0845343111958773,4.033947973961194
TCGA-E2-A14N,6.153650101631506,32.11659581497175,4.315102510871868,32.29014094864118
TCGA-E2-A14O,0.498320901124296,0.1948298344932914,0.0088016051053887,0.2720730534866949
TCGA-E2-A14P,0.8312194543629684,42.6702944884514,32.89619016550073,46.40526896080346
TCGA-E2-A14Q,0.7230803602111922,2.014210612440471,2.3774538029010523,0.9095104471320062
TCGA-E2-A14R,1.6813739399716685,21.487515955749,6.0431539543543,6.437375675604375
TCGA-E2-A14S,0.944119310290036,4.03333794271244,1.0280404369951008,2.013393759830499
TCGA-E2-A14T,0.6583618160304187,0.920188139052502,0.2185402973013066,3.317462246845161
TCGA-E2-A14W,1.5415240522547045,1.1932225699037904,0.2685650929113754,
TCGA-E2-A14X,0.970773731406276,27.333948304059724,7.884707561677996,32.848758392240924
TCGA-E2-A14Y,2.317736153046371,6.174918562529146,1.716735969477383,7.160158331217749
TCGA-E2-A14Z,0.6225541742491795,4.286712318683432,1.6460071540920955,0.0048013745286436
TCGA-E2-A150,1.3243422784076218,6.68765875089664,0.8207916469991969,8.261264533850735
TCGA-E2-A152,0.4947716667089382,1.920577928945228,1.2595440999425458,1.823822332593553
TCGA-E2-A155,0.5672736567493006,17.97404443457144,10.95376569816899,18.977440997219915
TCGA-E2-A156,1.724979575781304,0.7411776356432175,0.5289143831365435,1.5561066539118624
TCGA-E2-A158,0.4372612243955028,10.77261534766168,1.4709665194049564,4.175569533800769
TCGA-E2-A159,2.5286055583487435,29.591361140124896,8.20805139744284,20.22629889886108
TCGA-E2-A15A,0.4625210893479275,0.4323432843808782,0.9639445245459918,0.4241204081127958
TCGA-E2-A15C,0.3519030060609746,3.719608199798072,1.275813078980251,4.25822856305265
TCGA-E2-A15D,0.5133560762520288,2.7133265321450946,0.9569419181256098,0.4307868922683373
TCGA-E2-A15F,0.9029853210836812,2.367921340285404,0.7514627609210427,3.6544325241732354
TCGA-E2-A15H,0.3136821212481171,2.6625918408092577,1.0861718908149929,6.214408897794704
TCGA-E2-A15I,0.2974754642413021,2.5823050164446446,10.284152584776155,
TCGA-E2-A15J,1.8312676765429083,6.094829618445469,0.3217204520127437,3.883062790448575
TCGA-E2-A15K,1.166020721496416,27.64672962165956,5.015879666718253,39.83351900271101
TCGA-E2-A15O,0.8900712914816221,3.553795151405945,1.7540840057302554,0.1430249602515911
TCGA-E2-A15P,0.668299389508343,10.1392942691485,0.918463818171742,18.48991506047174
TCGA-E2-A15R,0.6169134922988189,1.0317713788304324,1.02647762227156,1.4459303981184355
TCGA-E2-A15S,0.5202786714675951,6.086155101074253,10.892702161666964,3.1453140205777967
TCGA-E2-A15T,0.8268535679277377,1.957678609347,1.4242482071191531,1.8541712215864985
TCGA-E2-A1B0,0.4881038699394858,3.97480665484816,1.1105668931737165,6.028868523884055
TCGA-E2-A1B1,0.2485071249139466,0.95983260843936,0.1259813447176206,0.4131447404610978
TCGA-E2-A1B4,0.2061726283276566,0.1813393969947796,0.7269445330726957,0.0641305047736382
TCGA-E2-A1B6,0.9159750987451049,34.17099423973293,5.989240056325394,34.05019463123166
TCGA-E2-A1BD,0.6734430326849715,2.9576951627804604,0.4221018575083228,1.0080152291013813
TCGA-E2-A1IE,0.9967630781852472,0.6582155173785057,0.3066113387922377,0.0
TCGA-E2-A1IF,1.1309669901815873,0.537157639736347,0.1110626964754123,0.0945436993471803
TCGA-E2-A1IG,0.5423724472005421,0.8351578359178057,1.0224798353535414,0.3157838193518208
TCGA-E2-A1II,3.62116903002173,46.83822984006063,19.350367156615818,
TCGA-E2-A1IK,0.5821056403982993,1.366149602847924,0.4885094072035964,1.0349518462088243
TCGA-E2-A1IN,0.4305614533852464,3.240258458849305,0.9456663666369912,3.515750992044782
TCGA-E2-A1IU,0.4470321543236499,1.6327546930573065,1.703455504210614,1.3523518640874457
TCGA-E2-A1L9,0.6635082585570904,1.047812141299752,0.164722777936975,1.6772222985577652
TCGA-E2-A1LA,0.7847279733933122,18.378966726149788,4.280178009607794,13.880358253196862
TCGA-E2-A1LB,1.065922248792602,5.155204657456142,0.6448453038397292,2.1376722746590446
TCGA-E2-A1LE,0.2681419084616633,1.0980621243978148,0.4152393925824835,0.7448336440072607
TCGA-E2-A1LH,0.713209443475088,19.498457740544385,5.9648502176091664,16.700738639236057
TCGA-E2-A1LK,2.87623851403884,9.182072063836264,1.7563104284001614,10.867687734777256
TCGA-E2-A1LL,2.8156934664385425,2.521354838606989,0.2516258363594166,0.0
TCGA-E2-A1LS,1.485950003729056,2.105125105977237,0.9614879319211512,0.0
TCGA-E2-A56Z,0.8743642770882265,2.6584447417821475,0.4512761152790218,3.621670402938344
TCGA-E2-A570,0.4171861225313939,0.6322771752736339,2.2821612594247265,0.8554244020637038
TCGA-E2-A572,0.7245453619665865,2.3960509362156728,3.9755351788662985,3.642430629846376
TCGA-E2-A9RU,0.6765392438309311,4.880755120481804,1.9012889667575903,0.6285574998124795
TCGA-E9-A1NH,0.2156412684887073,4.103624545867002,6.338594305983279,5.344728888349113
TCGA-E9-A1QZ,0.3978196618946524,1.4798909592330327,0.152301706948777,2.317064777041326
TCGA-E9-A1R0,0.5304714639759616,4.015592785582071,1.913857967967184,2.6542044995685887
TCGA-E9-A1R2,0.6611691827830379,6.824937892350821,3.057298015710105,16.175223226664574
TCGA-E9-A1R3,0.2958240447274428,5.756761275531988,2.313516705736048,6.013053119385027
TCGA-E9-A1R4,0.9794246647756254,19.835272170410462,8.093593387524585,15.100928485301145
TCGA-E9-A1R5,0.6119379895316847,4.164347546580053,1.5828891848234623,0.2465608156088123
TCGA-E9-A1R6,0.3379915460666207,5.005119716096436,5.3514381912919085,4.434587650555747
TCGA-E9-A1R7,0.2372178644102746,9.51479044879902,8.256588011413697,0.8805720376773548
TCGA-E9-A1RA,0.3986097719289654,12.500049545441383,3.795258751570652,10.713550215333177
TCGA-E9-A1RB,1.0075861483861877,5.826468474306265,1.7628191663782111,5.941594664854371
TCGA-E9-A1RD,0.3728471126353325,0.7273288218245415,0.5306240491310618,0.0
TCGA-E9-A1RE,1.9772450451074743,16.448999978170864,5.992305822987358,14.374623168050038
TCGA-E9-A1RG,0.835575970096038,9.477879351856656,1.1761028305147578,13.18110931612615
TCGA-E9-A228,1.24396104725184,3.4804563791268386,6.129880315595751,1.949500927843976
TCGA-E9-A229,0.3516912247073417,1.669103535928695,2.092216578399035,1.2669026649989894
TCGA-E9-A22A,0.4070871730058268,2.6826949223914585,2.8678181105458864,1.9302468833860176
TCGA-E9-A22D,1.0728833707955034,21.364289962964737,9.30538555023029,0.0
TCGA-E9-A22E,0.2461682179467353,2.285861309532744,6.65235297384429,0.5525350376264491
TCGA-E9-A22G,6.09048004719708,54.71559071999344,18.131996387845497,36.72859089969659
TCGA-E9-A22H,0.4595796028853739,5.695735074989432,4.841088175436337,3.2727980567505512
TCGA-E9-A243,0.9453423945345832,23.50567496146698,10.159238181418964,34.29614474623912
TCGA-E9-A244,0.4110177843339203,4.304334890430971,1.3300176958597791,4.7196113581353885
TCGA-E9-A245,1.0481683314828625,21.44498005919981,18.3820214012611,33.880656162650645
TCGA-E9-A248,1.3703822813162805,49.76819073381187,31.003975097556584,42.86406397609091
TCGA-E9-A249,0.8260459790960568,3.8544219960401143,1.3511272263219156,3.8620701154190815
TCGA-E9-A24A,1.9537638727484727,26.3467228524488,16.472753343233766,
TCGA-EW-A1IY,1.2227416343999262,6.154748199200312,1.0725324989600205,1.1173368729237152
TCGA-EW-A1IZ,0.8579324764421545,36.85682847701349,16.348305190368137,33.8179868547141
TCGA-EW-A1J1,1.857617664175525,11.90472370125016,3.076605693527295,5.73664796071942
TCGA-EW-A1J6,3.4877904989145425,23.053759674222924,3.2492428324674583,22.569669464606644
TCGA-EW-A1OV,1.58545920801997,28.3491757529874,16.067208804960043,19.12257253233368
TCGA-EW-A1OY,2.1739125064849274,2.678029851277904,0.330515933615831,
TCGA-EW-A1OZ,0.5840488267980046,7.962311854675439,12.63830897427741,7.692543104272579
TCGA-EW-A1P1,0.5929939529193049,6.948156539688204,1.7724601259596438,5.641006850549527
TCGA-EW-A1P5,1.2084376595222777,8.596190975298871,1.1066771746747308,2.9288502540286325
TCGA-EW-A1P6,0.4758696661698822,1.4262340921657912,0.4693687303937178,1.2732846125904125
TCGA-EW-A1P7,0.3724081266781535,10.562458219136728,5.247601936153586,15.651541936774244
TCGA-EW-A1P8,7.563015800671552,29.812993315883464,2.702110372908785,35.30740775923286
TCGA-EW-A1PA,0.423433882658443,12.598100119511471,13.032424503398207,11.929417475084929
TCGA-EW-A1PB,2.0191737185069445,65.12979106718464,43.14362403714972,53.42363619466908
TCGA-EW-A1PC,0.3906906518476972,7.163223591291719,12.024937413529992,7.060160409950139
TCGA-EW-A1PD,0.4701335836042097,1.7054916779326628,0.7500027516221572,1.9311544626427777
TCGA-EW-A1PF,0.310644534845337,4.3722881795356425,0.8152242363687405,26.75314397899812
TCGA-EW-A1PH,2.375163245565705,35.7007765031053,3.532683737465745,73.64743312386129
TCGA-EW-A2FR,0.5435223738016433,6.472660216442222,2.2560870358601197,7.065990662342643
TCGA-EW-A2FS,0.7327752380804916,1.0836652799999105,1.210756539342997,0.3227686761219411
TCGA-EW-A3U0,0.2412813516859122,5.945562980556509,7.903604391853519,4.395752227515164
TCGA-EW-A6S9,0.6767095834984075,1.4937990150418443,1.247242593055226,1.003185605517103
TCGA-EW-A6SA,1.843992190843406,7.301662092429495,0.5620210161537001,7.466262864336967
TCGA-EW-A6SD,0.9040774421227568,29.090962281774345,22.88894885899767,38.65707672053031
TCGA-GI-A2C8,0.3301991138430406,1.2164695769038036,0.8735026552480695,1.452118262694719
TCGA-GM-A2D9,0.7819368088543821,1.7745243056388589,2.8857717520913906,0.6064725091234251
TCGA-GM-A2DA,0.542993208494236,2.707306192418174,1.119200159552116,3.5444905783260925
TCGA-GM-A2DB,1.4577626031391444,23.1518918301719,2.1240074847913624,29.34375794818638
TCGA-GM-A2DC,0.6193929831108131,4.394699871286397,1.4653988539909617,15.249445901969198
TCGA-GM-A2DD,0.4079308110771067,2.485136134959584,1.943954269250032,3.971393463046832
TCGA-GM-A2DF,0.3728243989362435,40.67529413387894,25.794220836598576,42.76073854110052
TCGA-GM-A2DH,0.8590348759812919,22.81191836975751,9.27674294243473,19.96798801356401
TCGA-GM-A2DI,0.4632025349171002,3.4372842887100075,0.3552737086183779,14.978641572628598
TCGA-GM-A2DK,0.8845544884231783,6.861918187153037,8.505574220623435,0.4056316644962012
TCGA-GM-A2DL,0.5662490933469233,3.495939399724426,1.4845627906144354,3.4762280791565487
TCGA-GM-A2DM,2.03062242608234,5.134889837267161,2.146142755114883,13.683006013740744
TCGA-GM-A2DN,0.6246997205580026,24.733827920982023,13.157948443988468,27.286583945500198
TCGA-LD-A7W5,0.5969308385712662,24.378090052782568,19.980992629398703,19.368016496175425
TCGA-LD-A9QF,0.7473035154372031,6.527716546011031,2.947155093886537,0.0
TCGA-LL-A441,2.1817023929031274,27.04468631165381,5.128288246557313,4.02840581939135
TCGA-LL-A442,3.923264365494343,4.145640900461248,4.112325667826014,0.741190119747469
TCGA-LL-A5YN,1.1678803435555916,18.97492992834307,5.330185167647159,45.83222052590909
TCGA-LL-A5YO,1.4369301778148773,60.92908019535618,28.817965574978217,75.64684420872115
TCGA-LL-A5YP,1.685802550150448,16.761309313883103,2.9502809756491355,12.278526226003937
TCGA-LL-A6FQ,1.3401388360442588,2.959449513082713,0.2801737995775782,0.0
TCGA-LL-A6FR,0.7277898105323761,1.790290892631616,0.5717978457173302,0.0373048279484891
TCGA-LL-A73Y,0.5253817132535004,55.86451931330109,44.50931705626037,49.79668767913749
TCGA-LL-A73Z,1.0131670664606576,12.187202201493276,8.05563747946422,37.62559660905433
TCGA-LL-A740,0.4547692992066006,2.1706897267143352,1.202033781532635,1.512976004577081
TCGA-LL-A7SZ,2.0132582902686167,41.771736706782505,12.432353026996044,31.65665906220024
TCGA-LL-A7T0,2.171836393585976,13.370250091684898,2.8642076313235787,22.070880248197884
TCGA-OL-A5D6,1.167345406643965,4.586478448744972,0.4577219070575745,2.8364692145468022
TCGA-OL-A5D7,4.179433484685696,51.34964288190955,14.896694565258873,
TCGA-OL-A5D8,1.194419516973596,6.921663269638162,2.114423392775704,4.147280575932158
TCGA-OL-A5RU,0.3335293646936875,9.824880569236838,4.4935313915574175,24.502855075866574
TCGA-OL-A5RV,0.2314028091389929,2.171799088976217,0.4680009445466433,7.44328712285625
TCGA-OL-A5RY,0.3358808435873421,21.53297311318669,8.273092813338502,14.070088404187796
TCGA-OL-A5S0,0.460053876993572,2.4075967024735303,0.3610804622150748,3.779716982286222
TCGA-OL-A66I,0.7229062853310856,27.24655656972733,28.52237496462496,26.26678288980211
TCGA-OL-A66O,0.4554672656265511,0.2685406335728274,0.1230148516460834,0.0210780365017651
TCGA-OL-A66P,1.2977079284279196,33.9118527363438,28.675060728163327,17.236917633599415
TCGA-OL-A6VO,2.401306024094336,18.646342939368363,3.4411570042251447,35.78143119812012
TCGA-PL-A8LX,0.9661026377307063,3.391734660042906,5.958153724280182,0.1906014711067472
TCGA-PL-A8LY,0.3484539790609025,4.273635743351326,2.8392910204278987,3.580896086432145
TCGA-PL-A8LZ,0.6137023813988504,18.460631432979017,15.955459380609224,26.862341783678666
TCGA-S3-A6ZF,0.4529381027930635,0.6577582847781007,0.3298791793942839,1.9958203346455012
TCGA-S3-AA0Z,1.1501482426106555,3.8675726069586496,2.31132930255689,1.9387005984359849
TCGA-S3-AA10,1.4519704993798697,42.79829840217131,12.487008186309517,34.34650715184818
TCGA-S3-AA11,0.6368492992638292,0.8859193616823996,0.7907140109322459,0.2309755977828226
TCGA-S3-AA14,0.474010979102098,0.7011388305230842,0.6990386225528359,0.5433612391505462
TCGA-S3-AA15,0.6956285584831288,43.678604462909256,19.391583689131632,53.43282389631079
TCGA-S3-AA17,0.9932335183748204,34.68448918364553,16.753112886775575,32.297897446356174
TCGA-UL-AAZ6,0.6170696409758828,1.0549301168064726,1.611025542449196,0.904176906209983
TCGA-UU-A93S,1.6971671620836462,17.25538040617443,4.807613597652196,16.02911827110518
TCGA-WT-AB41,0.5540981429695256,10.39446602293588,9.816698027115958,10.790339250618691
